burned,dist_coca,dist_mosaic,dist_parks,dist_roads,ndvi,temp_C,vpd_kPa,wind_ms,lon,lat,year,oni,block
1,1721.6218275551091,498.2576517224798,14903.786276341618,621.8663214114372,0.4602666666666667,25.791527466009825,0.6852290015657321,0.9024482392318436,-74.21656298574457,1.3362439851277883,2013,-0.3,-297_5
1,271.0201299177508,498.3151456407883,21352.907145027635,303.0795127152362,0.7478666666666667,25.939702431141143,0.7169078692192469,1.0120283465704532,-74.18063037437979,0.4783528887936452,2018,-0.8,-297_1
0,70.4905345738787,1795.7784436700424,35131.111439603155,6923.157497294993,0.8288000000000001,27.055026088222405,1.2055864348409242,1.3549416394756142,-71.94382531692219,2.6747337584658752,2007,0.7,-288_10
1,367.49027115578593,498.1450435114255,11875.11690822694,228.0909977265312,0.7181166666666667,26.35316570529068,1.0886692632775208,1.1944224463783906,-74.22105456216516,2.198626657882529,2018,-0.8,-297_8
1,1229.5550797332426,2054.207621718165,14506.765732495238,347.5568551667501,0.4463333333333333,26.09177361926362,0.8370272323960882,1.289141279400019,-73.92011894198512,1.6865869459344016,2013,-0.3,-296_6
0,2903.4004045479173,0.0,17055.77132272,222.35829520433808,0.7068833333333333,25.98193984795887,0.8165978433536615,0.9218398461810392,-74.82741737894584,1.848283697075916,2009,-0.8,-300_7
1,4262.582745759226,4700.081392247373,31977.784208521764,6540.090190128841,0.55505,26.018267881204963,0.9431714871370004,1.0934017898271502,-74.05486623460305,1.7719268979257563,2003,0.9,-297_7
1,4307.798658809932,4256.61632050623,37433.24106541271,2018.7301896666756,0.57825,26.883844757617283,1.2745372076487338,1.4514721613790564,-74.11774830449143,1.8348089678141228,2007,0.7,-297_7
1,86.95090563938007,1113.6905497601208,41197.30299439917,1089.99358363489,0.5501,26.735357524942174,1.0366237874189597,1.2273340701446485,-72.27620197204641,2.6837169113070707,2003,0.9,-290_10
0,426.4759361642627,498.0593275404046,33952.20475179287,3995.588964035696,0.8420333333333334,26.58845642014643,1.0667852528984845,1.4683054247162215,-71.98424950470756,2.6747337584658752,2018,-0.8,-288_10
1,213.24066221021388,0.0,45838.65092868018,107.00170616738222,0.7755833333333333,26.588589486279886,0.9421157787997106,0.7622918739727128,-74.67919535706612,1.2868366445012147,2007,0.7,-299_5
0,1837.522519450168,0.0,10010.852807178286,2975.816782872337,0.6579,26.746312633472428,0.9403151399111124,0.8878125947151524,-73.9740178590323,1.4485333956427284,2016,2.6,-296_5
0,492.1035512752449,0.0,25559.03670287292,1591.0983660642553,0.6103000000000001,27.38395289759489,1.3633690651307304,1.1668099151728957,-74.48605757098042,1.5742975354194615,2022,-0.8,-298_6
1,210.85482864483063,0.0,20978.247317419016,780.599391101646,0.5905833333333333,26.028573039564947,1.123837528409824,1.2523440572892997,-74.3558018547831,1.9515899547496605,2004,0.4,-298_7
1,314.8082019835198,498.0994033574021,738.654147459758,411.98719328599753,0.6327333333333334,24.88031504674302,1.075209452596367,0.9945467567890782,-74.45910811245685,2.463629666697788,2004,0.4,-298_9
1,86.95090563938007,1113.6905497601208,41197.30299439917,1089.99358363489,0.6139666666666668,26.669613301686866,1.0833981258783376,1.5742840743222803,-72.27620197204641,2.6837169113070707,2018,-0.8,-290_10
0,396.31497426025527,498.0784953197638,29644.278903187325,1459.1032776974137,0.7185333333333334,26.68747270469845,1.1073294546014687,1.419762139036191,-72.24476093710221,2.575919077212728,2014,-0.3,-289_10
0,10.062404575403267,498.067264533617,28543.50601452426,306.4443398301907,0.8133,25.042488186187317,0.7945301252275255,1.2529755877040747,-72.05611472743712,2.634309570680497,2001,-0.7,-289_10
0,1751.3976663720534,0.0,17280.251652527677,39.36919146733038,0.608,27.093051967435315,1.370681593667629,1.604110966615923,-74.02342519965887,2.036929906741015,2022,-0.8,-297_8
1,182.57612357439191,0.0,37858.01821701019,3319.850197732639,0.6752833333333333,26.22835844638593,0.92577823602621,0.8296564085019767,-74.49504072382162,1.4620081249045214,2014,-0.3,-298_5
1,554.875685207616,498.0575550325484,34657.44645188,1182.1881200156763,0.5795833333333333,25.5753041089161,0.7489878241015565,1.5557973338498163,-72.12797995016669,2.6837169113070707,2011,-1.3,-289_10
0,9455.008589999596,3891.055811489344,21604.86436371789,3799.888381085793,0.7771666666666668,25.390274231359456,0.7455278813679992,1.7736230517603786,-73.73596430874062,1.8393005442347203,2009,-0.8,-295_7
1,1265.5303638370194,0.0,8132.525424770429,653.045343592115,0.7471333333333333,26.25093412412264,1.107992509463056,1.5616600094946598,-73.71799800305824,2.1492193172559557,2004,0.4,-295_8
0,6980.519238337871,6992.814447032396,22293.06311446671,5044.527959734779,0.5562666666666667,27.11664037528675,1.2567014999755408,1.5294137154624956,-74.00995047039709,1.6955700987755968,2007,0.7,-297_6
0,218.5023864852067,0.0,32807.578093950055,906.0517370900832,0.7265333333333334,25.718966095275448,0.7043920743732203,0.7441446669981694,-74.61631328717776,1.1026820112567126,2014,-0.3,-299_4
1,56.57707440407566,498.10911204273305,3436.080520465528,1329.8739315768498,0.6206,27.017847021262128,1.244243444377272,1.3114200239996483,-72.6579859677972,2.4097307496506164,2007,0.7,-291_9
1,4262.582745759226,4700.081392247373,31977.784208521764,6540.090190128841,0.6012666666666667,25.24298938374244,0.6567999584589496,1.0868175504361928,-74.05486623460305,1.7719268979257563,2015,0.7,-297_7
0,1973.8202504998187,0.0,14054.881575616426,6547.546183602302,0.8266333333333334,26.44415064844424,0.9536889011997398,0.8604328860346507,-74.45012495961565,1.0712409763125297,2007,0.7,-298_4
0,80.21556031982234,0.0,19950.93063819929,189.0065700220596,0.7316666666666667,27.06717874217929,1.167784618776433,0.8426966047719063,-74.31088609057711,1.812351085711135,2016,2.6,-298_7
1,2681.674658516397,4700.059053817835,34771.4632608193,4739.403135944344,0.5244666666666667,25.941808783965318,0.9804303198377466,1.8187294349313976,-74.07283254028545,1.7898932036081467,2011,-1.3,-297_7
0,5240.018807656172,5997.950359549919,6435.8962064996285,9312.770643712229,0.7808166666666667,25.1410992573056,0.9864426287766226,1.456356758930215,-73.85723687209676,2.4456633610153973,2011,-1.3,-296_9
0,37.997433420573245,498.1026657477352,2703.710316348264,390.02258674020425,0.6590833333333334,27.124513910443,1.2441423897469897,1.3227474660437968,-72.59959547432943,2.4456633610153973,2007,0.7,-291_9
1,1233.4702488130636,0.0,28842.15879104653,452.5416211669386,0.6841666666666667,26.307964718677567,0.9586587798190842,1.2032358454776144,-74.39173446614788,1.349718714389581,2018,-0.8,-298_5
0,71.64130301619001,1408.7245117481275,34284.45827077992,5054.830618653751,0.81805,26.86299511879696,1.1710332808429702,1.5311823398544646,-71.97077477544576,2.6747337584658752,2022,-0.8,-288_10
1,1594.4159341678378,704.669337349086,2384.830144677117,1174.3178134972325,0.5738666666666667,25.59455746271277,0.6596794890629276,1.0888102938970396,-74.27944505563293,1.1296314697802985,2002,-0.1,-298_4
1,8763.933050454787,1575.46714302457,29066.468136277,5049.283209277878,0.5881666666666667,27.037278327365694,1.2764084709155468,1.6271737484045332,-74.01444204681768,1.7809100507669515,2007,0.7,-297_7
1,284.90986738063884,0.0,12133.737877294168,3895.9666485654775,0.6972666666666667,26.48386404456852,1.1088207845271538,0.7127104822859605,-75.15081088122888,1.3542102908101787,2004,0.4,-301_5
0,3572.1110080338926,0.0,30410.9989970443,1199.5555325535445,0.6495166666666667,27.009128244510464,1.26330728503763,1.0206718439202034,-74.51300702950401,2.189643505041334,2007,0.7,-299_8
0,1306.846407355244,2817.7620552488106,2731.85565111119,8807.895114911742,0.8747166666666667,26.12764347645788,0.975672592409102,1.3758153021570945,-72.01569053965174,2.378289714706433,2023,-0.5,-289_9
1,300.87493001094987,0.0,20667.33012545693,1844.5036261375576,0.6983666666666667,26.32624032734026,1.190651100476562,1.3049819268832918,-74.21656298574457,2.1087951294705767,2004,0.4,-297_8
0,885.7785551668649,0.0,18950.445488593487,590.1040668467776,0.7567166666666667,26.33348560201415,1.0754711909018064,0.8938565713341039,-74.79148476758107,1.8752331555995008,2018,-0.8,-300_7
1,4307.798658809932,4256.61632050623,37433.24106541271,2018.7301896666756,0.6475833333333333,26.18265154238429,1.067286670242712,1.6128349349300972,-74.11774830449143,1.8348089678141228,2018,-0.8,-297_7
0,248.27722340054785,498.1912126633708,9369.946699963408,2242.3396755826943,0.7113666666666667,25.61276915853477,0.8752099801960654,1.397282986126284,-74.44563338319504,1.893199461281892,2009,-0.8,-298_7
0,2388.9824636600715,2491.363206158428,5471.00024376544,85.05529172636864,0.4760333333333333,26.508708000961064,1.0690750711128063,1.254771673573466,-74.27046190279174,1.1745472339862744,2004,0.4,-298_4
0,217.112819135432,704.6814439872815,41693.27001007956,90.17474472273506,0.7971833333333334,25.96127987459755,0.7704577551900528,0.8306196293143836,-75.05648777639632,1.0218336356859556,2018,-0.8,-301_4
0,164.3051814505249,0.0,26675.79920161501,1155.1578225885437,0.6241,26.63447908752101,1.0654300878576393,1.267639471819465,-72.42891557034672,2.189643505041334,2022,-0.8,-290_8
1,128.32247444257214,0.0,8781.197293598005,660.4393692514442,0.7097166666666668,26.46592230672292,1.1196346715258558,1.345317429895268,-73.0442615399686,2.257017151350298,2014,-0.3,-293_9
0,105.60465428280284,0.0,13585.626818688856,314.24110796116804,0.8490166666666666,27.16525226769789,1.4583846221053065,1.1444370655520506,-74.1357146101738,2.517528583744959,2007,0.7,-297_10
1,393.99044082763226,704.7012664952434,41662.78111829686,1431.7848786350655,0.8476166666666667,26.290526387048143,0.8144278806941724,0.6809780660899277,-75.12835299912588,0.8152211203384658,2022,-0.8,-301_3
0,119.2626129920213,0.0,1807.111635550311,686.5411837765565,0.66725,27.150012136079454,1.2245772935714856,1.3036018733865675,-72.6624775442178,2.319899221238664,2007,0.7,-291_9
1,327.1967630960024,498.1536848704424,9041.88150924582,961.359482041969,0.64025,26.26718426424605,0.9885830678336308,1.6690210932977865,-73.89316948346155,2.1447277408353576,2011,-1.3,-296_8
1,217.7464812411241,0.0,28870.80637138272,925.4007607946938,0.8638,26.355146045899687,0.9505491520822612,0.8378331581984373,-74.55343121728939,1.1925135396686648,2007,0.7,-299_4
1,4502.370180083804,1114.0842301527296,31502.96906783088,1866.104621661352,0.5514,26.064590329484247,0.9033724161792884,1.5603518522079565,-74.18961352722098,1.5608228061576688,2011,-1.3,-297_6
1,234.33943247707612,0.0,32382.322106674463,80.2346961746211,0.6792666666666667,26.64374929775784,1.032798258400615,0.974047615672801,-74.44114180677445,1.349718714389581,2007,0.7,-298_5
1,281.2379319536553,0.0,25975.70863279883,235.9341266278763,0.6927166666666668,26.19304723895885,1.1196620424151644,1.3439770032051337,-74.26147874995054,1.8617584263377085,2018,-0.8,-298_7
1,1263.2772824911506,0.0,35138.76299808545,1187.6815731450706,0.6438666666666667,26.23013501882673,1.0000216066586878,1.2192732323755775,-74.40970077183027,1.5024323126898995,2018,-0.8,-298_6
1,234.01007483288743,0.0,1187.683951170129,5048.401483673055,0.7380666666666668,26.75830745687256,1.3063558077828623,1.4751495719795429,-73.67757381527285,2.360323409024043,2014,-0.3,-295_9
1,408.97783013966654,498.2422070389059,13213.952899623291,1654.6073660862835,0.5581,26.840921674846584,1.1769696554611253,1.540728838942102,-73.99647574113528,1.4844660070075093,2022,-0.8,-296_5
0,297.3157362094949,0.0,14721.74788857816,165.58600826721167,0.71785,26.324987760107035,0.9949365926525054,0.9126377987486084,-74.82741737894584,1.5293817712134854,2004,0.4,-300_6
0,36.18798391979583,0.0,50044.26304888348,4563.046892735342,0.74975,25.27585368969477,0.5962636493934946,0.8845361625315341,-74.96216467156377,0.9993757535829676,2009,-0.8,-300_3
0,1019.7414776044224,0.0,33331.2009430038,730.7893664571474,0.8643500000000001,24.889290662795812,0.7034964935553365,0.8740108445577786,-74.58038067581298,1.511415465531095,2001,-0.7,-299_6
0,775.6660578740566,498.2979624431551,52680.35302423198,3107.3964500323323,0.7493000000000001,25.041822463127403,0.488654085926409,0.7909810851725405,-74.97563940082557,0.8331874260208563,2012,-0.7,-300_3
1,4616.090626488894,2227.998330901529,27304.918045201262,1759.968698026715,0.5677,26.298309022495403,1.153680757830616,1.7334045371955502,-74.01444204681768,1.8617584263377085,2004,0.4,-297_7
1,4489.409478226612,2682.8552129680797,28178.1023643468,126.10712391829816,0.46925,25.91352212986948,0.9660938795935184,1.9028979399669277,-74.04139150534127,1.8752331555995008,2011,-1.3,-297_7
1,3123.0527647085987,3891.22421289239,18474.62668647282,2387.0235867041265,0.35605,27.05884564420586,1.0642685264706082,1.1740180278454195,-73.9830010118735,1.673112216672609,2016,2.6,-296_6
1,2387.667720603792,2228.001065978201,33263.60540920102,3088.759572199676,0.6134833333333334,25.86279972299087,0.98004550194451,1.6751429589442717,-74.19410510364158,1.8572668499171108,2009,-0.8,-297_7
0,35.76034969389904,0.0,20591.77329463571,2849.473584472601,0.8349000000000001,26.361095014936893,1.053390290094472,1.409576984999925,-72.06958945669892,2.562444347950936,2004,0.4,-289_10
1,4550.594943300242,2113.723417928656,13737.53670516693,833.5343696992371,0.6298166666666667,25.87925929285336,0.9793049576202072,1.7382726388265273,-73.81232110789078,1.7584521686639634,2008,-1.6,-296_7
1,216.58335147200364,0.0,33203.928499916976,1288.8343749073028,0.7868666666666667,25.73049259810836,0.8002956845287899,1.1189753199281938,-74.55343121728939,1.2643787623982266,2006,-0.9,-299_5
1,279.2732537307605,0.0,19982.389683161167,1082.4119547010537,0.58935,25.70843405428144,0.6412570783600303,0.7294616539298956,-74.48605757098042,1.1475977754626887,2013,-0.3,-298_4
0,376.8278009946123,498.13767236076416,2273.724356681387,1708.439448728553,0.7824666666666668,26.2052020036802,0.8737031557571328,1.1536695136282498,-73.27333193741907,2.243542422088505,2013,-0.3,-294_8
1,108.4479825880547,996.148426440558,25854.21835771815,167.3109540309397,0.5232333333333333,26.60641998297621,1.1167287343963506,1.4567568930098964,-72.40196611182314,2.598376959315716,2004,0.4,-290_10
1,3023.2224652868467,4982.111280621902,12461.61327183055,98.11258698473512,0.5171166666666667,26.722418613844013,1.1722498998108235,1.4078311832848946,-73.67757381527285,1.7449774394021706,2007,0.7,-295_6
1,257.71012041732,0.0,24928.95054532816,806.0955859431731,0.6124166666666667,26.028573039564947,1.123837528409824,1.2523440572892997,-74.40520919540967,2.0324383303204177,2004,0.4,-298_8
1,37.08736617792178,0.0,2520.618818405613,901.18026936314,0.6652833333333333,26.598855116913057,1.0680835495900218,1.5283069342542426,-73.5877422868609,2.337865526921054,2018,-0.8,-295_9
0,8511.294413272763,1494.8446877936851,2129.0945683102395,3300.595134797153,0.8349166666666666,26.209189664163944,1.0419923436750402,1.2525186664271457,-74.28393663205354,1.0667493998919315,2023,-0.5,-298_4
0,187.88538731034384,0.0,36721.10756690919,1213.388160886519,0.6627833333333333,26.414702997571908,1.0135601638703944,0.8908058937368514,-74.93072363661959,1.304802950183605,2004,0.4,-300_5
1,1286.5380854019334,996.344725735024,12899.387522796498,2027.1543512702867,0.7124833333333334,25.86511399512773,0.93774682135529,1.615699770895539,-73.9740178590323,2.023455177479222,2006,-0.9,-296_8
0,622.1152433015295,498.2361858345899,35715.140587098154,122.78640555513338,0.7841833333333333,26.5987997539022,1.1598466208086335,1.3713482199226548,-74.31986924341831,1.5383649240546806,2004,0.4,-298_6
0,9455.008589999596,3891.055811489344,21604.864363717872,3799.888381085793,0.8511500000000001,26.04644226249036,0.9920832267515852,1.5743271822224572,-73.73596430874062,1.8393005442347203,2018,-0.8,-295_7
1,704.0819230672098,498.17901212817065,26959.33013313636,204.9793498039063,0.6351166666666668,26.99934155566234,1.3945971969540425,1.1823948619990474,-74.1536809158562,1.978539413273246,2007,0.7,-297_7
0,1564.9997766407337,0.0,5577.51671462974,261.8925590316728,0.5710833333333333,27.026561587050992,1.271819555044608,1.1531485115065323,-74.47707441813924,1.762943745084561,2022,-0.8,-298_7
1,3910.034615237205,498.1743702008364,1804.713094688091,2091.495320823803,0.7662166666666668,26.58391682028588,1.234275877982977,1.5408286227689534,-73.45299499424297,2.009980448217429,2022,-0.8,-294_8
0,216.43913022650528,0.0,9293.259254719647,537.6333092901132,0.7571333333333333,26.432998288250985,0.9013700820593908,0.9747089411291936,-73.39011292435461,2.2165929635649197,2020,0.6,-294_8
1,573.3883100788644,3591.544105604162,33974.87104400494,433.9706706829044,0.58875,26.347520062719585,0.9775833635240766,1.509981047795517,-72.06509788027832,2.6837169113070707,2018,-0.8,-289_10
0,184.82502053066213,498.13767236076416,18153.11374621999,1324.116150018343,0.8010666666666667,25.755348630788944,1.01455950307254,1.4119591513039722,-72.95892158797724,2.243542422088505,2004,0.4,-292_8
0,257.5086044267317,0.0,5.853114834729199,1429.291641487042,0.7151333333333333,25.825185847929447,0.8411711189861593,1.4448329489281224,-73.72698115589944,2.243542422088505,2002,-0.1,-295_8
1,580.9131172751889,996.1061690402285,38325.68410710638,3702.8544116875455,0.5397833333333333,27.04492805951492,0.99196214808632,1.1869265361171284,-72.17289571437266,2.706174793410059,2016,2.6,-289_10
0,3846.4736665540327,0.0,10692.68271156449,4308.138299276416,0.7606166666666667,25.752652365454537,0.7410843534705585,1.253800652320047,-74.25698717352995,1.237429303874641,2011,-1.3,-298_4
1,540.5141810463344,0.0,3929.335129610313,493.8200296457742,0.8307833333333334,24.568081167888124,0.8610005846804117,0.9476589973897708,-74.50851545308342,2.4411717845948,2001,-0.7,-299_9
0,730.2565331792407,0.0,34301.23992177931,452.55271820054224,0.8225666666666667,26.37478182623761,1.120238671388431,1.2617222302417852,-74.41419234825086,1.3946344785955571,2004,0.4,-298_5
1,164.2499956554512,0.0,58915.11881536,7981.75424291784,0.7305,26.08779305809435,0.8517285739236985,0.8970694876190585,-74.84089210820764,0.8197126967590634,2004,0.4,-300_3
1,301.91788595337687,0.0,4650.306038584668,508.4440683741066,0.7824500000000001,26.681010462754216,0.9773004643974508,0.9872975048474656,-73.2149414439513,2.315407644818067,2020,0.6,-293_9
0,799.5326248254836,498.2022681602323,5925.930724781124,1272.3056046813017,0.8310000000000001,26.29091605267911,0.9775073551524888,1.0718067611321178,-74.57139752297178,1.812351085711135,2008,-1.6,-299_7
1,1286.5380854019334,996.344725735024,12899.387522796498,2027.1543512702867,0.6213666666666667,26.291648397939586,1.1549310086047313,1.5833412680136785,-73.9740178590323,2.023455177479222,2004,0.4,-296_8
1,337.9704384272187,0.0,274.9239568702925,873.688219984375,0.6428666666666667,26.384906215443152,1.093766824287303,1.3063051192511557,-72.77476695473274,2.3693065618652382,2014,-0.3,-292_9
1,2263.990594150298,498.27419346681,13331.711917370389,4991.199503499278,0.78315,27.085821254669725,1.1789157010390858,1.1630597901795932,-74.40970077183027,1.156580928303884,2022,-0.8,-298_4
0,3742.144986126734,3793.6404226349655,3126.775620442834,3413.7070792757027,0.5889833333333333,26.664585083640706,1.2867295557447902,1.3697252094314,-73.81681268431139,2.2929497627150788,2014,-0.3,-296_9
0,164.17706021943087,0.0,40322.81123107042,175.89473853673522,0.8667,24.550086484978408,0.6532537382848312,0.9305982573464592,-74.63427959286015,1.259887185977629,2001,-0.7,-299_5
1,308.46454765365166,0.0,4762.812197011515,620.3335623954847,0.6703,25.95622396859261,0.878620141270292,1.4646119885413524,-72.74332591978856,2.2076098107237243,2008,-1.6,-291_8
0,21.53049326206685,0.0,13155.544011661012,1333.263818697096,0.68335,26.74596137058046,0.92013729518853,0.4205449154121368,-75.32598236163219,1.0981904348361151,2007,0.7,-302_4
1,428.9170405611027,1992.194267635564,39057.78515889595,694.3733895460929,0.5596166666666668,25.512728239028093,0.7052267403048412,1.4956388636061142,-72.03814842175473,2.7286326755130466,2012,-0.7,-289_10
1,768.9072748129067,996.509000210234,8436.685440260551,4016.946813626727,0.69945,26.82208650886253,0.9524551978037384,0.8919973579140579,-74.05037465818246,1.3676850200719717,2016,2.6,-297_5
0,710.929921303294,0.0,26468.9037910845,2034.661093234533,0.7581833333333333,26.068184116615495,0.910045152365519,1.1735673907725663,-74.49504072382162,1.5653143825782665,2006,-0.9,-298_6
1,4307.798658809932,4256.61632050623,37433.24106541271,2018.7301896666756,0.64025,26.17910833368535,0.9546608248557976,1.2599201575808603,-74.11774830449143,1.8348089678141228,2013,-0.3,-297_7
0,413.0576611117379,1113.6905497601208,40370.053860985936,1905.6339990060333,0.5170333333333333,26.25692872662819,1.0077072048037927,1.652053787438172,-72.2627272427846,2.6837169113070707,2008,-1.6,-290_10
1,89.30524551849749,0.0,5403.445091753549,97.33015697164892,0.7787833333333334,25.472509837211703,0.71308562695866,1.3285771832348905,-73.32273927804565,2.283966609873884,2006,-0.9,-294_9
1,6436.091022401598,2490.996286629107,34862.02784035651,5228.028837672887,0.5935,24.601611532581444,0.7883917458748567,1.3889497874405936,-74.08630726954723,1.8348089678141228,2001,-0.7,-297_7
0,4037.474298055608,2989.337708841208,1600.9397309641363,4137.249286509802,0.8471166666666666,26.115365642336712,0.985668642713908,1.5735534568773015,-73.76291376726421,1.6506543345696207,2018,-0.8,-296_6
0,224.6255816599873,498.2973980215028,39134.5428076209,649.6310467464823,0.8530333333333334,25.69018973747524,0.6046055763824257,0.6563908100629013,-75.2810665974262,0.8421705788620515,2006,-0.9,-302_3
1,434.5121599933908,1494.1457007266729,39100.86691928695,1187.0936497860214,0.5142833333333333,26.71453941377445,1.000055254825944,1.2561266557138375,-72.03365684533414,2.7286326755130466,2013,-0.3,-289_10
1,740.7587726461784,498.1829169592229,13493.5786477462,995.5444465808308,0.7233333333333334,26.17247385697584,1.1042046256060465,1.198359992924938,-74.48605757098042,1.9515899547496605,2004,0.4,-298_7
1,2252.6194088244665,704.5487696036379,31644.39388596336,215.7058341749641,0.42895,27.281569876331503,1.4997690420905208,1.4926536301585347,-74.21656298574457,1.893199461281892,2022,-0.8,-297_7
0,214.36338139229196,0.0,39017.04437215498,629.446060541462,0.6708333333333333,26.31238056379169,0.879489328002085,0.9716215320716428,-74.7286026976927,1.3317524087071906,2018,-0.8,-299_5
1,279.45038062514294,704.6755459074766,28025.35522435309,1220.0393160901092,0.8588666666666667,25.991813953778603,0.842013207716484,1.0407347396389433,-74.57588909939238,1.075732552733127,2018,-0.8,-299_4
1,1229.2896537102831,498.16899115661545,12588.50137389439,480.3805516368877,0.7024166666666667,25.85557727387038,1.1936449449064608,0.7504046181002734,-74.9082657545166,2.0459130595822104,2004,0.4,-300_8
0,2166.595772524922,0.0,12983.25468565866,2631.1953458270864,0.5880833333333333,26.379293252899917,1.15722884902741,0.8799611468890189,-74.84089210820764,1.947098378329063,2004,0.4,-300_7
0,1226.7541005237274,1409.2375598173646,20858.25331235221,1114.094354663658,0.7320166666666668,26.752494413695217,1.0928936017232609,1.247929586572223,-74.07732411670604,1.4979407362693022,2007,0.7,-297_5
0,296.2251858295311,0.0,17353.35832821076,2933.8312312505623,0.7194833333333334,25.85706788642682,0.7907185076176848,0.9644545986071984,-74.7286026976927,1.5832806882606567,2006,-0.9,-299_6
1,35.23942564573567,0.0,35152.52928674456,1976.81795461718,0.76685,25.36837925244401,0.5453846493185589,0.8205585314932448,-71.99772423396935,2.6882084877276684,2015,0.7,-288_10
1,2480.1710258390544,498.305111728748,24289.55984470913,5115.091513738164,0.7308666666666668,26.44317763369457,0.7172625005508634,0.4895684826524107,-74.31088609057711,0.7074232862441232,2016,2.6,-298_2
1,208.613650186654,0.0,30685.223253209308,1244.8143436055864,0.6863166666666667,26.52709320676797,0.990845446326698,0.7438589477971767,-74.66122905138373,1.4709912777457166,2007,0.7,-299_5
1,248.20313437313268,0.0,34946.06136773165,1875.2413877639567,0.8013166666666668,26.119059691255814,0.9745204825917468,1.1333435165682726,-74.45012495961565,1.3721765964925692,2018,-0.8,-298_5
1,1311.758290642972,1408.946104363116,330.3513855091171,917.8726532344074,0.6194833333333334,26.20694609650332,0.9689076905893516,1.659149207698379,-73.798846378629,2.243542422088505,2011,-1.3,-296_8
1,791.6739889375714,0.0,2534.275446966028,2103.699619950228,0.6268833333333333,26.33539706423352,1.1243449465879394,1.188407101307598,-74.47258284171863,1.830317391393525,2004,0.4,-298_7
0,2.1479373536162427,0.0,49454.55601814298,160.60370362092996,0.6497833333333334,26.439822933970504,0.8647992445322737,0.7316096870220132,-74.76902688547807,1.0442915177889438,2007,0.7,-300_4
0,2723.160286191639,0.0,27375.180432224515,157.52743050179134,0.6571833333333333,26.348913745665243,1.181493326374654,0.8277553354098958,-74.79148476758107,2.117778282311772,2018,-0.8,-300_8
1,2283.490489726169,0.0,12268.151460221854,794.5246990671218,0.7239666666666668,25.145188008975936,0.7923055012382173,0.8946158575892541,-74.62529644001896,1.785401627187549,2001,-0.7,-299_7
1,286.07932292302144,0.0,8691.224267290962,257.9259174933198,0.8133,26.08970487504752,0.8593007776359562,1.0828965509062929,-72.2717103956258,2.1492193172559557,2018,-0.8,-290_8
1,904.505914084304,498.0611000419527,36089.66567821123,1156.8883025637977,0.5919,26.587675981635982,1.1100652124579382,1.5585433308181555,-72.33010088909357,2.66575060562468,2004,0.4,-290_10
0,234.33943247707612,0.0,32382.322106674463,80.2346961746211,0.7294166666666667,25.99919107606098,0.851652172349473,1.2690516838747967,-74.44114180677445,1.349718714389581,2006,-0.9,-298_5
1,100.8517168071003,0.0,2555.53982771446,2045.9305704740625,0.7949666666666667,26.23525537777971,1.0809394960048635,1.2532809432925864,-74.10876515165023,2.2390508456679075,2018,-0.8,-297_8
0,600.5641729942984,2490.439061440773,16754.91301061308,2743.977562068111,0.8665166666666666,26.28145080303699,0.931400976613332,1.3007925949042165,-72.04713157459592,2.5265117365861545,2018,-0.8,-289_10
0,3478.958925018883,498.2475382528247,15516.4820188488,799.8493387398415,0.7274333333333334,26.459802858302908,0.7640066301301003,0.7361635436875359,-74.10876515165023,1.4350586663809357,2024,1.9,-297_5
1,4761.275057785057,4932.015564781807,30890.48810145677,7179.457149055511,0.5866333333333333,26.18265154238429,1.067286670242712,1.6128349349300972,-74.05037465818246,1.762943745084561,2018,-0.8,-297_7
1,904.8906686295596,498.067264533617,35601.073013057765,2.436869933659404,0.5751000000000001,26.466683738132417,1.090016901481022,1.4659979040722082,-72.25823566636402,2.634309570680497,2004,0.4,-290_10
1,189.9050420801885,0.0,10015.237870328465,77.36152776454053,0.6727166666666667,25.778393290992085,1.116985928987703,1.0734762738952923,-74.49054914740103,2.3737981382858355,2004,0.4,-298_9
1,9800.352534501628,2491.0203575794,24286.49655398251,1707.382883085667,0.6528166666666667,25.712112111210278,0.8263718688773061,1.6217663204025383,-73.93808524766752,1.798876356449342,2002,-0.1,-296_7
1,303.7495224277991,0.0,20314.99558710505,1231.3845672672498,0.6877,25.67086359972353,0.9208500179757452,1.3174536913740358,-74.38275131330668,1.969556260432051,2011,-1.3,-298_7
1,87.60788328584064,498.0928157733255,4486.168246445545,1764.1230956488196,0.8272333333333335,26.921550952063683,1.4432160042780655,1.0244013321943537,-74.41419234825086,2.4995622780625686,2007,0.7,-298_9
1,95.42280381276142,0.0,6107.2344738171005,1300.4551883692288,0.7908666666666667,26.322963352906584,0.8919418751439564,1.1720457953397825,-73.33172243088684,2.2749834570326883,2013,-0.3,-294_9
1,7644.148761681868,704.6639269893132,3832.1321964571034,3259.835394314665,0.6173500000000001,25.587827316651385,0.7250385717044958,1.2744497630477285,-74.19859668006218,1.1745472339862744,2011,-1.3,-297_4
0,434.5121599933908,1494.1457007266729,39100.86691928695,1187.0936497860214,0.5554,25.14849231420152,0.8258525357654963,1.3054575001448698,-72.03365684533414,2.7286326755130466,2001,-0.7,-289_10
0,340.23127339576,0.0,22753.56525947845,4298.220997647012,0.7438,25.43362744370916,1.469096610247948,0.4326301537948945,-74.82741737894584,2.4007475968094214,2007,0.7,-300_9
0,70.72947470025592,0.0,38283.81397154115,1528.676247571532,0.6537666666666667,26.421002604469493,0.8953223853599028,0.7599411286744097,-74.66122905138373,1.134123046200896,2007,0.7,-299_4
1,657.6484193606135,2540.3277347617964,37480.41214511978,1185.0615859303855,0.4967333333333333,26.877954068113127,1.2911900268091208,1.2814062177253052,-74.1536809158562,1.8348089678141228,2007,0.7,-297_7
0,2773.708813745636,1113.9949926952097,32628.09464570777,2362.7240453665527,0.5231333333333333,25.553232474163508,0.889587043028575,1.348533519480222,-74.20308825648277,1.8752331555995008,2002,-0.1,-297_7
0,149.65361798042838,0.0,5285.780952106131,116.81878678389728,0.6432833333333333,26.570354584138727,1.0673422806573132,1.3104493882441774,-72.61756178001183,2.3872728675476287,2014,-0.3,-291_9
1,1227.4966535066549,498.2251310903536,20247.865962302192,657.5704977414156,0.6447166666666667,25.93916753997456,0.8022036879164225,0.8564584140729892,-74.44563338319504,1.6326880288872303,2013,-0.3,-298_6
0,1194.320354646571,1575.1818843390754,776.0030927670819,5348.348883764082,0.7798333333333334,27.180111226727888,1.32365006092956,1.543283082693028,-73.24638247889548,2.3693065618652382,2022,-0.8,-293_9
0,1242.1764498290256,704.5173436474081,1166.1401182461584,468.2053761602736,0.8655,26.650700152204703,1.002637784625958,1.0776113095828646,-73.85274529567616,2.0459130595822104,2020,0.6,-296_8
0,676.910891429876,0.0,10906.948343384976,266.95495777035995,0.6295333333333333,26.961916222941056,1.4654924377196157,0.648716235541016,-74.88131629599302,1.9965057189556368,2007,0.7,-300_7
1,4765.045700263716,3592.5571150644214,36410.60948764742,2075.899143355615,0.4892,25.730821253015502,0.9160636687016858,1.8053236478842036,-74.11325672807082,1.843792120655318,2012,-0.7,-297_7
1,2953.234445018976,0.0,15479.096678323664,2024.40282257648,0.7573166666666667,25.33643229963593,0.7204382997325153,1.5708666652142729,-73.76291376726421,1.9515899547496605,2017,-0.2,-296_7
1,1885.613830797455,0.0,27138.986617344497,988.3167376854652,0.6735333333333333,26.49655262818959,1.1398260420591937,1.1619307431833543,-74.5399564880276,1.5608228061576688,2004,0.4,-299_6
0,280.5637051181004,0.0,35392.347720761325,4296.159978816199,0.8334666666666667,26.34081612878498,0.8377105981784766,0.5621180133214488,-75.15979403407007,0.9859010243211748,2007,0.7,-301_3
1,37.08736617792178,0.0,2520.618818405613,901.18026936314,0.7033,27.491846607235573,1.37503540105586,1.516996621743446,-73.5877422868609,2.337865526921054,2007,0.7,-295_9
0,409.09183365538655,0.0,23865.922603231014,917.8057068698752,0.7223,26.73129150226555,1.094887650524021,1.3715495827182596,-72.48730606381449,2.1761687757795407,2022,-0.8,-290_8
0,1054.1204958679891,498.2218538211667,31038.95445864531,356.135654721286,0.6501166666666667,25.638861562335364,0.7879610279772512,0.6961612705924484,-74.25698717352995,1.659637487410816,2019,0.9,-298_6
1,4760.72358942951,2682.8485415459068,22138.0609221976,4388.715759234775,0.5752,24.60084951506235,0.7825927671109137,1.458481513894306,-73.9650347061911,1.8842163084406964,2001,-0.7,-296_7
1,88.94606750322227,3591.4597223830865,40520.55703376087,770.6482006147668,0.57765,26.625976300178596,1.0802274013425543,1.4838778667826011,-72.0920473388019,2.7421074047748397,2014,-0.3,-289_10
1,1273.1854167641063,1575.457721187719,37429.65865211851,75.92511222757103,0.60695,25.877789926251975,0.9893186090888516,1.6720545571110808,-74.1536809158562,1.8033679328699397,2012,-0.7,-297_7
1,1838.4020476373732,0.0,22080.54222610181,764.5637194892736,0.6611333333333334,27.77932713098909,1.6709966774058824,0.6426717612271692,-74.81843422610466,2.077354094526393,2007,0.7,-300_8
0,310.32749380583186,498.1301599481806,7280.8581628140255,194.79643127514075,0.7784000000000001,26.372949971483763,1.0470640930568478,1.3971415857442555,-73.07121099849218,2.288458186294481,2018,-0.8,-293_9
1,5468.881122391295,5200.335988243933,5062.345495787878,5325.154459219244,0.5752,25.39463388562143,1.3240682637982295,1.444815431067883,-73.7898632257878,2.450154937435995,2007,0.7,-296_9
1,156.3415187594235,0.0,12714.745024718168,509.3904917372177,0.6638833333333334,27.040655074727567,1.2006307571920751,1.2652587641464796,-72.52773025159988,2.288458186294481,2007,0.7,-291_9
0,182.1031767918549,0.0,9992.950449441829,766.9075425157415,0.82345,26.905548052878142,1.2509440569452184,1.3553686858258116,-73.0218036578656,2.324390797659262,2007,0.7,-293_9
0,221.3411427257413,498.291518591276,39946.68248686965,6259.551612438717,0.8559333333333334,26.33062303892723,0.8317095566513815,0.7287548003710013,-74.66122905138373,0.9320021072740036,2007,0.7,-299_3
0,982.7648375807132,996.208562500845,16649.445458588383,1397.9858011837375,0.7649833333333333,24.26064718541369,1.078269263210846,0.6238421222102615,-74.70614481558971,2.4366802081742023,2004,0.4,-299_9
1,1778.5650552770633,0.0,26242.92691338667,605.3052148643253,0.5526833333333333,27.355481137902245,1.431931737729626,1.435677491485445,-74.31088609057711,1.659637487410816,2022,-0.8,-298_6
0,98.49887444327985,704.4072641235325,10666.994942614418,357.36861994625133,0.7741166666666668,26.50187522587379,1.3260275643013983,1.2134206488493906,-74.167155645118,2.508545430903764,2022,-0.8,-297_10
1,19.30645489935721,0.0,27470.458577968977,975.0113052565758,0.6743166666666667,25.46370400752528,0.6612043053043273,1.1463458807731248,-74.57139752297178,1.0622578234713342,2017,-0.2,-299_4
1,4683.932277087286,7133.443494817213,22452.91928848609,248.94290366411573,0.4753666666666667,26.09116898007335,0.9907637808071944,1.744783208190011,-74.04139150534127,1.6641290638314137,2008,-1.6,-297_6
0,788.2585975377992,0.0,7064.863612829872,2731.567036933744,0.6290666666666668,26.98210033528079,1.3709877931687169,1.2940596592954612,-74.24800402068875,2.2749834570326883,2022,-0.8,-297_9
0,1278.8060391592069,704.690180150114,46935.32931423834,1792.7662284184446,0.7027666666666668,26.506204690459583,0.9241759050603924,0.8203772545089906,-74.7286026976927,0.9364936836946012,2022,-0.8,-299_3
1,88.70261956489873,498.06638613743047,31931.530223098514,623.831651470658,0.5626,26.82321429157406,1.1652596617682704,1.5241030143588084,-72.18637044363444,2.6388011471010944,2022,-0.8,-289_10
1,648.1610406416189,1494.936124262505,22717.783932949264,4027.534470823605,0.7335,26.16286260392457,0.8628125705410238,1.0157401111168287,-74.21656298574457,0.5592012643644022,2004,0.4,-297_2
1,4262.582745759226,4700.081392247373,31977.784208521764,6540.090190128841,0.4846833333333333,26.313790090869983,1.15631523405752,1.6735861425384269,-74.05486623460305,1.7719268979257563,2004,0.4,-297_7
0,427.60808738712245,498.2757143389591,50184.02115772377,2379.7562548494066,0.6186333333333334,26.17434032296626,0.803924013876463,0.8919417176467835,-74.76902688547807,1.1386146226214937,2018,-0.8,-300_4
0,1.734069344292497,2227.625908338292,3333.416146570125,6852.050930123951,0.8074666666666668,26.26999193865032,1.0678259875064504,1.463598369492426,-73.48443602918717,2.391764443968226,2004,0.4,-294_9
1,9418.26066180454,1114.0181705766745,20524.081185438983,1354.4628847411625,0.6727500000000001,26.01462505540013,1.0006591326499836,1.8219646132770344,-73.87969475419975,1.798876356449342,2008,-1.6,-296_7
0,156.7273957154771,0.0,33916.28340756148,639.1309678199746,0.73585,27.3591914378614,1.352150277832071,1.152857721157846,-74.52648175876581,1.4979407362693022,2022,-0.8,-299_5
0,212.9784243529818,0.0,43093.76269294855,1969.60330954946,0.8320333333333334,26.008422658446705,0.9256985035351204,1.0811117778608923,-74.57139752297178,1.4036176314367523,2008,-1.6,-299_5
1,288.80300421547963,0.0,24483.585439803603,1242.265575174442,0.6616833333333333,25.968450582790467,0.8709344184238793,1.192488256390058,-74.5219901823452,1.5832806882606567,2011,-1.3,-299_6
1,353.82333983856864,704.3941989397698,1533.9207171512735,1482.341063573533,0.7876000000000001,27.35171692018565,1.3405538159681245,1.4405458392989534,-72.8286658717799,2.5579527715303376,2007,0.7,-292_10
0,4393.222010492706,1575.529623253717,28864.708017240137,2404.146669235479,0.8368333333333334,26.38224215993381,1.0101268080134354,1.5077862868507268,-74.12673145733262,1.623704876046035,2018,-0.8,-297_6
0,715.8621502097877,0.0,32523.62363825521,2788.825893395824,0.8853166666666666,25.630110164111045,0.7262612150635473,0.7440642510736276,-74.49504072382162,1.3137861030248,2003,0.9,-298_5
0,98.8191090425416,704.3893632075942,25286.550836931823,1111.5237104328985,0.7999333333333334,25.986447799469545,0.9299752268091525,1.5112851234615576,-72.17738729079326,2.575919077212728,2008,-1.6,-289_10
1,1311.758290642972,1408.946104363116,330.3513855091171,917.8726532344074,0.5909,26.49266641395468,1.118935927412083,1.4804294659643074,-73.798846378629,2.243542422088505,2004,0.4,-296_8
0,2716.0966338906696,498.2571970127476,25461.77805356716,1335.4449991848735,0.8393666666666666,26.359471156202854,0.7545081102257124,0.6748932147471729,-74.3513102783625,1.3407355615483858,2010,1.5,-298_5
1,271.6162862406511,0.0,32636.14061485541,6458.795633027268,0.74975,26.107362297594648,0.8194321911907737,0.9793619382458522,-74.28842820847413,0.4873360416348404,2004,0.4,-298_1
0,447.821023004441,498.1271016266832,309.10190720935026,685.6961686651172,0.7140666666666667,25.894097272420765,0.9183827167928228,0.65978561217452,-74.1851219508004,2.3064244919768715,2019,0.9,-297_9
1,2335.155597806518,498.1593306864783,6869.690974307423,3773.81519625248,0.7666166666666667,26.77040691190172,1.2718125579960833,1.5375355510874111,-73.49791075844895,2.1087951294705767,2022,-0.8,-294_8
1,80.2930174783167,0.0,21644.913431140518,2648.4134122364017,0.6882333333333334,25.830527172684413,0.7406174576499739,0.7822442938999655,-74.50402387666281,1.1431061990420912,2014,-0.3,-299_4
1,963.4113150742104,1796.3067710235352,36666.45833043494,1217.9414608241118,0.6414666666666667,25.584764756389745,0.8038635801657423,0.864989100305364,-74.10427357522963,1.785401627187549,2019,0.9,-297_7
0,1666.9321576057423,0.0,33043.645265503765,2979.265219708699,0.88015,25.910752727041768,0.7201436518743881,1.1690514429158416,-74.31986924341831,1.475482854166314,2005,0.6,-298_5
0,213.18710400826853,0.0,43858.27329822389,1027.7629994684892,0.6919500000000001,26.29647313684813,0.8267373262987087,0.6645067050660683,-74.56241437013058,1.4036176314367523,2020,0.6,-299_5
1,764.9364461962067,0.0,21860.13936000396,4250.313485448386,0.4879333333333333,26.496729184613173,1.1691139677365896,1.4580562433914572,-73.99647574113528,1.911165766964282,2014,-0.3,-296_7
1,809.3043283464187,0.0,10357.5212885285,1134.3867936022298,0.6,26.18600868010111,1.1554951066046126,1.2819855362887669,-74.40520919540967,1.8527752734965133,2004,0.4,-298_7
1,4765.045700263716,3592.5571150644214,36410.60948764742,2075.899143355615,0.4670166666666667,26.72094247786748,1.0193004735883633,1.0163730011929124,-74.11325672807082,1.843792120655318,2010,1.5,-297_7
1,145.91804289969636,0.0,30722.60164321795,1330.9577402472837,0.7757333333333334,25.608112655928775,0.7374739398233926,1.2464883887014244,-74.5489396408688,1.2329377274540434,2017,-0.2,-299_4
1,721.9921681131115,704.5370377063224,22987.86814772348,1686.0553734347352,0.5834666666666667,26.291648397939586,1.1549310086047313,1.5833412680136785,-74.04139150534127,1.9515899547496605,2004,0.4,-297_7
0,301.0102899599041,0.0,32120.72492196064,410.5293019735773,0.6878500000000001,25.91477833526659,1.0322700751616884,1.5316641571862817,-74.23902086784756,1.983030989693844,2011,-1.3,-297_7
0,154.1971843393338,0.0,17120.331805371112,2268.7193343829404,0.6575666666666667,24.177017310640736,1.0626517799093045,0.3019090098791711,-74.88580787241361,2.391764443968226,2016,2.6,-300_9
0,1220.1221036732306,0.0,13499.062260139444,7639.104867034103,0.81815,25.567110875564826,0.6721517268417418,1.2161073058843164,-74.44563338319504,1.0622578234713342,2017,-0.2,-298_4
0,3023.2224652868467,4982.111280621902,12461.61327183055,98.11258698473512,0.5698333333333333,25.744421460645924,0.9296002819732244,1.5859060567722232,-73.67757381527285,1.7449774394021706,2008,-1.6,-295_6
0,780.3337364911469,0.0,15099.490520928866,53.98801620112787,0.6946833333333333,26.7250387087762,0.9996346759417348,1.0104928551911587,-73.9919841647147,2.014472024638027,2010,1.5,-296_8
1,248.27722340054785,498.1912126633708,9369.946699963408,2242.3396755826943,0.7654166666666667,26.72153783872443,1.2386370296892275,0.9970151889797964,-74.44563338319504,1.893199461281892,2007,0.7,-298_7
1,88.70261956489873,498.06638613743047,31931.530223098514,623.831651470658,0.5292,27.21564293020032,1.2701478312082335,1.406220478160049,-72.18637044363444,2.6388011471010944,2007,0.7,-289_10
0,156.47175101878855,0.0,3505.917185669568,253.59741327949493,0.6404666666666667,26.22359969799521,1.0520027049062657,1.3550965691772403,-72.71637646126497,2.378289714706433,2004,0.4,-291_9
1,310.73749281158445,0.0,11099.330733926958,364.20985212091057,0.6913833333333333,25.63771691046429,0.8317610423133573,1.58151012605442,-73.72248957947883,2.12226985873237,2006,-0.9,-295_8
0,1912.8766925336688,498.14432208447386,6453.581580203866,1197.6344688788486,0.7923,25.27739517751013,0.6517359549797789,1.3487596606607746,-73.36765504225163,2.2031182343031266,2017,-0.2,-294_8
0,308.63171326392126,0.0,1756.3298657118044,311.08113470618133,0.6877666666666667,26.823942200902707,1.0166163168301483,0.9948258175169032,-73.16104252690413,2.351340256182848,2020,0.6,-293_9
0,348.2231942254376,0.0,35636.70995174593,274.5603648429017,0.7312833333333333,26.643705451201583,1.105285594280996,1.0067550967052616,-74.39622604256847,1.5024323126898995,2007,0.7,-298_6
1,6766.245295360977,4931.998023113959,15507.757106636756,1277.1153377511516,0.6115166666666667,26.07340279228981,1.048175707734945,1.6025420803728607,-73.69104854453465,1.7764184743463538,2004,0.4,-295_7
0,8013.742149004983,2054.4646048301734,4149.124888662227,5274.898403694022,0.8062,25.62036686793266,0.7135347691396725,1.2385309234338422,-74.23902086784756,1.075732552733127,2011,-1.3,-297_4
1,811.0807394296513,0.0,29605.42509426464,908.8604524089528,0.7618166666666667,26.08294700504388,0.9595215107017028,1.1592247058316512,-74.48605757098042,1.2868366445012147,2018,-0.8,-298_5
0,3185.909229774966,498.18355992043735,12820.551183880883,1154.9192438743064,0.7880333333333334,26.41324267997362,1.1601749808751305,1.72870785331461,-73.90215263630274,1.947098378329063,2004,0.4,-296_7
1,460.7377379007275,498.0750759172757,26172.29489536045,535.6645053101422,0.7105666666666667,27.03492315195939,1.038451460567002,1.0511813392856286,-72.39747453540254,2.5938853828951185,2020,0.6,-290_10
0,127.29755742308669,0.0,5322.25467921377,82.25682568910287,0.7868833333333334,26.28202204380733,1.1742023698956343,1.4178577085279735,-74.10427357522963,2.2031182343031266,2008,-1.6,-297_8
0,291.9906028346986,0.0,22084.96099976534,472.7664164730869,0.5885333333333334,26.193185632825816,0.8838819437277788,0.7872324717744106,-74.58487225223358,1.6192132996254376,2014,-0.3,-299_6
0,447.821023004441,498.1271016266832,309.10190720935026,685.6961686651172,0.6042833333333333,26.37792418289968,1.0244503957245394,0.9602301416441312,-74.1851219508004,2.3064244919768715,2013,-0.3,-297_9
0,404.8967461953668,704.3893632075942,22092.727572420165,3361.274651710728,0.85065,25.90317852627055,0.8977468800267673,1.4766564595571392,-72.07408103311951,2.575919077212728,2008,-1.6,-289_10
1,2855.074168212436,0.0,15143.524401606235,1502.5902589357313,0.83235,26.16167982519437,0.931080136857234,1.3376564700936162,-74.11325672807082,1.430567089960338,2018,-0.8,-297_5
0,2245.13927850998,0.0,19459.83151265357,289.0733046709173,0.71945,26.364148308323763,0.866916249620059,0.9880435734325383,-74.68817850990732,1.753960592243366,2006,-0.9,-299_7
0,412.5269177331838,1575.018650683223,31904.577690897568,2529.847991539052,0.7310500000000001,27.06209847418785,0.9289994429538097,0.7730062287644531,-72.16391256153146,2.64778429994229,2024,1.9,-289_10
1,1652.543899519727,498.2372050539783,33218.40831737988,1369.6335341512895,0.6527000000000001,26.12150810796425,0.9335220089038462,0.9017191499864424,-74.38724288972728,1.5293817712134854,2014,-0.3,-298_6
1,3023.2224652868467,4982.111280621902,12461.61327183055,98.11258698473512,0.5180166666666667,26.255635541973504,0.797055552721276,0.8900123452678561,-73.67757381527285,1.7449774394021706,2010,1.5,-295_6
0,218.26736469922287,0.0,31460.243283432104,374.552350209207,0.8167500000000001,25.99919107606098,0.851652172349473,1.2690516838747967,-74.42766707751265,1.349718714389581,2006,-0.9,-298_5
0,702.6152432229619,704.7196472711685,13029.262953799907,5388.311848270645,0.7538833333333333,26.18649282746577,0.8950146673213889,1.0420374179652143,-74.12673145733262,0.5592012643644022,2004,0.4,-297_2
0,207.09536345372496,0.0,6941.870509080472,1357.3895171075535,0.6177666666666667,26.904776847270966,1.007322406175822,0.688835907268701,-74.80495949684286,1.6416711817284255,2007,0.7,-300_6
0,617.9691634952032,498.1193851628343,576.5495961345343,83.15253976354133,0.7073,26.450849800822823,1.0293571549995402,1.3569939431456692,-72.6445112385354,2.351340256182848,2018,-0.8,-291_9
1,2248.657520563257,1993.0198192692412,14808.9699154154,68.35933924291587,0.5955,26.428989449123605,0.7678146901994439,0.7987921819198838,-74.19859668006218,1.363193443651374,2010,1.5,-297_5
1,203.34415817394543,0.0,18013.36261528232,943.2199746487792,0.6829500000000001,25.939524630943595,0.719208625693423,0.9133382873839094,-74.63427959286015,1.6955700987755968,2005,0.6,-299_6
0,390.4219558985976,498.09364706850056,13282.69347776682,2509.7034235895253,0.8701666666666666,26.392118917046275,0.9558716912830354,1.3297155169189196,-72.08306418596071,2.495070701641971,2018,-0.8,-289_9
1,88.70261956489873,498.06638613743047,31931.530223098514,623.831651470658,0.5110333333333333,26.96212497994537,0.9891449841865622,1.1139463965739451,-72.18637044363444,2.6388011471010944,2016,2.6,-289_10
0,161.89373826604168,0.0,22805.90690661174,4644.027128589168,0.8351166666666666,26.225458870920534,0.7247804668343095,0.5730472303250761,-75.11487826986409,0.5906422993085854,2007,0.7,-301_2
1,488.09400623397954,0.0,11215.290195432104,2404.584827701577,0.7584166666666667,25.57511306617181,0.971100904067336,1.0708533126080169,-74.1851219508004,2.45913809027719,2018,-0.8,-297_9
0,280.9631111492405,0.0,38253.48694248978,434.1454870049107,0.7401166666666668,26.286277325801564,0.8500101949273587,0.6667975918391386,-75.12386142270529,0.99488417716237,2007,0.7,-301_3
0,809.7838866235827,1796.6909731851497,22918.86307713768,4801.575803145852,0.8315833333333335,26.307255793423508,0.8095874955923671,0.8070674755781683,-74.21656298574457,0.550218111523207,2007,0.7,-297_2
0,1231.6296876649724,498.1648823431856,5761.981378230987,1908.7189030919349,0.6891833333333334,26.01407197356565,1.0529880858962646,1.4653616410338095,-73.54282652265493,2.072862518105796,2004,0.4,-295_8
1,203.38609712937708,498.1783534789524,19324.03522677588,1918.8023497516676,0.7506833333333334,26.270282861532564,0.9413526777879284,1.1036919964729572,-73.69554012095524,1.983030989693844,2020,0.6,-295_7
0,308.63171326392126,0.0,1756.3298657118044,311.08113470618133,0.6119166666666668,27.180111226727888,1.32365006092956,1.543283082693028,-73.16104252690413,2.351340256182848,2022,-0.8,-293_9
0,559.6911514343402,498.1271016266832,5682.15224394609,1322.496947861998,0.8460166666666666,26.208126151519025,0.8673570140180277,0.8749413906324209,-73.5787591340197,2.3064244919768715,2019,0.9,-295_9
0,2057.296297929407,0.0,7190.573391616812,508.8156697538818,0.7354,25.59799382082332,0.6678159989699646,1.1541242196030563,-74.58038067581298,1.7943847800287442,2017,-0.2,-299_7
1,3259.213141767628,498.189315170448,20637.45532433701,4300.981909363616,0.5410666666666667,24.60084951506235,0.7825927671109137,1.458481513894306,-73.9740178590323,1.9066741905436844,2001,-0.7,-296_7
1,284.2787668116816,0.0,39156.11953855403,108.11250210231158,0.7775166666666667,26.616053150204323,1.0235890236267926,0.829535226981463,-74.60283855791596,1.4215839371191428,2007,0.7,-299_5
1,1647.5378771715095,0.0,6632.67407087146,2851.4377986858744,0.7876500000000001,26.577301148634035,1.1300007573681088,0.8915773604354101,-73.99647574113528,2.4995622780625686,2020,0.6,-296_9
1,181.6727023539896,0.0,19119.748161986325,913.2563481066488,0.5566666666666668,27.21488850691719,1.43424469519933,1.132223891256245,-74.23003771500636,2.131253011573565,2007,0.7,-297_8
0,161.7707498896051,498.1099119421335,21622.842117788758,2735.9069502951525,0.8452666666666666,25.43362744370916,1.469096610247948,0.4326301537948945,-74.78699319116046,2.405239173230019,2007,0.7,-300_9
1,282.6099596610192,1113.8680492993774,8910.556474131305,1198.634508641225,0.8735,26.232591394784837,1.0046826561003968,1.4104828992855805,-73.4125708064576,2.2480339985091025,2018,-0.8,-294_8
1,869.6982551072823,498.03852762612655,46343.76047789811,114.69816988304426,0.49725,27.16439397082354,1.2380283928506437,1.7403140136618933,-72.18637044363444,2.77804001613962,2022,-0.8,-289_11
1,1212.2021403792492,0.0,19736.109207573398,166.38097469342927,0.7214166666666667,25.60469873720899,0.8550353865888011,1.3236464714158307,-74.39173446614788,1.6641290638314137,2012,-0.7,-298_6
1,195.1957999052157,0.0,2012.101602796621,604.8561312785913,0.6609166666666667,24.88031504674302,1.075209452596367,0.9945467567890782,-74.49953230024222,2.463629666697788,2004,0.4,-298_9
0,219.608040911824,0.0,52993.11924011701,1107.3613666079807,0.76595,25.906288127123617,0.8480192421318425,0.897773052111944,-74.99360570650796,0.9409852601151988,2004,0.4,-300_3
1,811.8987349731708,996.5007212741996,14408.674732641352,4464.844787021217,0.5513666666666667,25.932140737610663,0.9136709066149474,1.3968929627759168,-74.14918933943561,1.40810920785735,2008,-1.6,-297_5
1,4262.582745759226,4700.081392247373,31977.784208521764,6540.090190128841,0.58285,26.18265154238429,1.067286670242712,1.6128349349300972,-74.05486623460305,1.7719268979257563,2018,-0.8,-297_7
0,287.6256197087309,1114.236425764299,31799.21002312574,1778.0988142446658,0.7538666666666667,26.25788963398935,0.749970357767145,0.5100093405647397,-75.26310029174381,0.7703053561324897,2007,0.7,-302_3
1,3172.516321050556,0.0,17186.482464396126,1664.8607892542325,0.6225666666666667,26.71737233018854,1.258492586623875,1.6450258429730849,-73.74494746158182,1.947098378329063,2022,-0.8,-295_7
0,1242.9318919091468,0.0,9184.483300360058,454.3004175080654,0.6606333333333333,25.987899366507747,1.0319475443745334,1.6642164190480095,-73.73147273232003,2.1402361644147603,2008,-1.6,-295_8
0,20.534037681681998,0.0,39219.70367823535,100.05805688626968,0.7945166666666668,25.400244352357333,0.5867478953019177,0.9607617907400944,-75.09242038776111,1.0263252121065534,2017,-0.2,-301_4
1,263.2305478454771,0.0,14260.16406754064,34.862922271607474,0.7325,26.20849763403413,1.0686078131770445,1.524489802507109,-73.9650347061911,1.978539413273246,2018,-0.8,-296_7
1,771.4439531759339,0.0,23863.39001660734,135.70620531145602,0.8063833333333333,26.40817604846245,1.2024638630860225,1.2273458747983534,-74.10427357522963,1.9875225661144411,2014,-0.3,-297_7
1,1778.5650552770633,0.0,26242.92691338667,605.3052148643253,0.7528166666666667,25.84903649120457,0.9152454884124848,1.4841959204179398,-74.31088609057711,1.659637487410816,2012,-0.7,-298_6
0,1199.1403759841332,498.0977721542228,262.00639517051013,1233.3144270396874,0.7178666666666668,27.12646483754844,1.026996486364785,0.9793671835265356,-72.61307020359122,2.472612819538983,2010,1.5,-291_9
0,270.93852212080066,498.31801467536775,19951.132489755364,2782.8551241175924,0.7440166666666668,26.27019623411172,0.7818504934773526,0.8393440889376919,-74.1357146101738,0.388521360381693,2007,0.7,-297_1
1,1872.598671144209,1494.469570407842,6372.033947693201,1469.3491432433636,0.5710333333333333,26.444031103018855,1.116255876467594,1.532624626814883,-73.84825371925557,2.126761435152967,2004,0.4,-296_8
1,20.610431485364817,0.0,38402.58762752456,1441.091796763401,0.6732333333333334,25.375354432742316,0.6267466410097748,0.8610177816993979,-75.02953831787273,1.080224129153725,2009,-0.8,-301_4
0,541.9081779534483,0.0,6059.336297340517,620.5194126637185,0.82355,26.917266410721084,1.0613834155388282,1.1622000059662738,-73.70901485021705,2.324390797659262,2020,0.6,-295_9
1,0.8122620882849381,498.11388005154,8986.99745088671,481.1366465839469,0.6616833333333333,25.778393290992085,1.116985928987703,1.0734762738952923,-74.48605757098042,2.382781291127031,2004,0.4,-298_9
1,2483.492074019847,0.0,13315.485792467513,139.15720398440607,0.5827666666666668,26.940500235374486,1.298522424498629,1.5427884134867689,-73.46646972350477,2.2121013871443216,2022,-0.8,-294_8
0,189.28995291733088,0.0,34962.833136240326,30.10731007190372,0.6016166666666667,26.051264659932087,0.7837177772546604,0.7212582504656293,-75.2810665974262,0.801746391076673,2004,0.4,-302_3
0,7415.108056888971,5570.169747469551,27794.6897769174,8349.220278106197,0.8060333333333334,25.97047039955873,0.886611254726485,1.849876801868212,-74.02791677607946,1.7449774394021706,2011,-1.3,-297_6
0,4299.981049018709,0.0,24963.06623685333,2247.595276788805,0.7255166666666667,26.066176738143326,1.084418834304823,0.8811754963665211,-74.70614481558971,2.1357445879941626,2006,-0.9,-299_8
1,97.31619420826796,498.2924279476862,50734.514941073954,2454.6876872082826,0.84255,25.250449577991787,0.5546577084798422,0.9682589157279984,-75.03852147071393,0.9185273780122108,2017,-0.2,-301_3
0,5291.161368789966,704.6655678405183,8654.16114107953,6286.790623944017,0.7603333333333333,26.238884203774603,0.8979280752701082,1.2010866626392505,-74.3378355491007,1.1610725047244816,2018,-0.8,-298_4
1,419.1417715567554,1113.7024400619764,31011.907748903308,638.9113430295256,0.6425000000000001,26.965755458398174,0.95544244719912,1.0465481735158917,-72.07408103311951,2.656767452783485,2010,1.5,-289_10
1,193.61784998851667,0.0,10208.61255822509,2009.5615700990695,0.7778833333333334,25.651329725288008,0.907056826290454,1.3927008701030763,-72.91400582377126,2.1087951294705767,2018,-0.8,-292_8
0,107.23554933845202,0.0,41466.14634893283,4910.231734165311,0.7802166666666668,26.23573634117855,0.7921688395991607,0.5789473748007281,-75.15081088122888,0.9095442251710156,2007,0.7,-301_3
1,215.6241907063216,0.0,37955.6007772828,2492.9657182173946,0.6878333333333333,25.68110338006943,0.8233485601353778,1.1886949971609926,-74.51749860592462,1.3587018672307762,2011,-1.3,-299_5
0,812.661725770812,0.0,1737.9631239567434,2146.656643040601,0.7870166666666667,23.7888854556125,0.8866947621599972,0.8965140561223793,-74.45461653603624,2.4905791252213736,2001,-0.7,-298_9
1,6695.8820051749335,2054.1430961291376,33245.83810084091,4082.997383320297,0.4395833333333333,27.037278327365694,1.2764084709155468,1.6271737484045332,-74.04139150534127,1.8078595092905367,2007,0.7,-297_7
0,102.13424595642071,0.0,19797.11500730753,1445.9247734975377,0.7670333333333333,24.800333719551475,0.7062578860906634,0.8034627084696605,-74.70614481558971,1.5787891118400592,2001,-0.7,-299_6
1,3.759827131937748,0.0,19722.89745269753,2386.655377779869,0.64405,26.101294803570568,0.7973101249448503,1.0360209263603222,-74.69716166274851,1.7225195572991825,2011,-1.3,-299_6
1,3243.1387726381176,1992.7521797754985,25213.41452276736,1504.5501144586942,0.5489666666666667,24.60084951506235,0.7825927671109137,1.458481513894306,-74.04139150534127,1.91565734338488,2001,-0.7,-297_7
1,305.68696001755296,0.0,4808.028446343598,687.6427077162446,0.8002166666666667,26.815274181600387,1.2271755612840272,1.3767060485056897,-73.08019415133337,2.2345592692473097,2007,0.7,-293_8
1,2452.2460013704413,3341.491573758641,3296.051508531994,3338.4686279164625,0.7186833333333333,25.91565195367815,0.9992123596947354,1.5106797055802783,-73.88418633062035,2.34684867976225,2011,-1.3,-296_9
1,6990.447024120182,0.0,23844.54835017206,3727.0405647361767,0.5443833333333333,24.60084951506235,0.7825927671109137,1.458481513894306,-73.95605155334991,1.8617584263377085,2001,-0.7,-296_7
1,82.5494322402093,0.0,4305.05055844206,719.001313891312,0.7107333333333333,26.38222531510576,1.0349738080418247,1.4181373719330983,-73.32723085446625,2.2929497627150788,2018,-0.8,-294_9
1,4751.748107251939,3794.357134285069,24328.42737445029,140.4852532268321,0.4467333333333333,27.078590558742462,1.0505254739327017,1.03126926992086,-74.07283254028545,1.6461627581490232,2016,2.6,-297_6
1,1595.615417013175,2054.202966633288,6857.783020516816,751.6789457891575,0.7911833333333333,26.115365642336712,0.985668642713908,1.5735534568773015,-73.80782953147019,1.6955700987755968,2018,-0.8,-296_6
1,2983.9689209189014,1113.910271857657,6749.153547732388,2159.6983185646613,0.6253500000000001,26.158910702902237,0.8067355232282417,1.3337650184379706,-73.85723687209676,2.131253011573565,2005,0.6,-296_8
1,279.5812285710746,0.0,24778.588977595555,1706.1032815374288,0.6687500000000001,26.08564736536698,0.8744311505498253,1.101126685536959,-74.5399564880276,1.120648316939103,2018,-0.8,-299_4
0,242.09045192612297,0.0,6857.387511737681,1274.8771446845938,0.7424666666666667,25.664145585786287,0.7520972802505274,1.4149472979607298,-73.90664421272334,2.2031182343031266,2017,-0.2,-296_8
1,4751.748107251939,3794.357134285069,24328.42737445029,140.4852532268321,0.5192166666666668,25.96079256142707,0.8630023950168785,1.645408713386215,-74.07283254028545,1.6461627581490232,2011,-1.3,-297_6
1,721.040079928249,0.0,2399.2397757058197,2307.4692925122217,0.8176666666666668,26.39107616281001,1.0552757244718542,1.4898100887017425,-73.53833494623433,2.355831832603445,2018,-0.8,-295_9
1,287.8124714581662,0.0,19592.113967375004,2017.481947656278,0.6130833333333333,26.32624032734026,1.190651100476562,1.3049819268832918,-74.22105456216516,2.12226985873237,2004,0.4,-297_8
1,59.37604413608646,996.0862161479798,42063.63407365087,589.9283595349187,0.5565666666666668,26.976076987872545,1.180489667745047,1.5709521686477477,-72.03365684533414,2.7555821340366324,2014,-0.3,-289_11
0,175.60767842615357,0.0,24823.36966933778,323.4968316730521,0.6735,24.71621442966688,0.6715388191721955,0.8094395793513139,-74.7286026976927,1.4799744305869118,2001,-0.7,-299_5
1,206.6664844812309,0.0,6170.684923290376,779.9506713583036,0.7517,26.667447251926887,1.1403838344760664,0.8860391413015526,-74.51749860592462,1.749469015822768,2007,0.7,-299_6
0,180.6857013143916,0.0,8650.35620120222,1834.8197886216144,0.74685,26.15859123044225,1.1563370665223778,1.4706560631325711,-74.08630726954723,2.131253011573565,2008,-1.6,-297_8
1,106.59924892334804,0.0,62871.193224447394,3155.3854023759623,0.8164,25.95897942518161,0.6582358960846569,0.5942689034297873,-74.89928260167541,0.9005610723298203,2020,0.6,-300_3
0,21.419149816401244,498.0827616972906,23984.244320410173,1431.3832130511937,0.7878666666666667,26.82321429157406,1.1652596617682704,1.5241030143588084,-72.19086202005505,2.55346119510974,2022,-0.8,-289_10
0,5963.44151379831,498.2645507157819,17440.242923807626,9737.06554046721,0.7513333333333333,26.07657343258444,0.8445783153802173,1.0196391163684957,-74.33334397268011,1.2643787623982266,2021,-0.9,-298_5
0,1129.951683504539,2053.476838194188,44370.449440098906,2140.568882444325,0.55615,27.57738667555003,1.3484865574449518,1.6380511844221453,-72.16840413795207,2.7645652868778274,2007,0.7,-289_11
1,255.07066439716868,0.0,8646.188599049561,676.1289673625448,0.7622,25.651329725288008,0.907056826290454,1.3927008701030763,-72.91849740019187,2.095320400208784,2018,-0.8,-292_8
1,1869.3111041190648,1796.0662919280012,753.3760341070682,1278.0937326595565,0.5694,26.56240581540777,1.0824238353298627,1.477321991355624,-73.798846378629,2.2345592692473097,2018,-0.8,-296_8
0,2166.595772524922,0.0,12983.25468565866,2631.1953458270864,0.7376166666666667,26.01108349440227,0.8961647271804488,0.8660438304884632,-74.84089210820764,1.947098378329063,2009,-0.8,-300_7
1,65.31126435350433,0.0,2343.440961353912,1248.929242703153,0.7094166666666667,27.168572855215476,1.2895872646699045,1.389262604300337,-73.28680666668086,2.319899221238664,2007,0.7,-294_9
1,904.505914084304,498.0611000419527,36089.66567821144,1156.8883025637977,0.6009,26.669613301686866,1.0833981258783376,1.5742840743222803,-72.33010088909357,2.66575060562468,2018,-0.8,-290_10
0,115.88979057540256,0.0,48425.966052053314,2770.349097087059,0.7896666666666667,25.64149427501837,0.6317061315148672,0.7355775901299384,-74.7241111212721,0.8825947666474299,2021,-0.9,-299_3
0,154.45278902152512,0.0,23633.432118191988,937.28383450495,0.744,26.160657322254224,0.9491069134870204,1.2659579297880708,-72.42891557034672,2.2704918806120906,2018,-0.8,-290_9
1,287.4867385412029,0.0,38824.147952196894,1168.5410624350934,0.71945,26.40397245736904,1.0741006659960346,1.0994125049143866,-74.63877116928074,1.3901429021749596,2004,0.4,-299_5
1,1710.7252632865218,0.0,7142.164089147801,282.6537373614612,0.7553833333333333,26.42610769298966,1.119890030786091,1.5529392819027532,-73.71799800305824,2.1582024700971503,2004,0.4,-295_8
0,2224.5024334814125,498.187417670298,22964.244637984684,6475.337070930246,0.85775,25.172427522080227,0.6998365424503871,1.5606326702714532,-73.68206539169346,1.9201489198054773,2017,-0.2,-295_7
0,261.64316627868646,0.0,27412.58703071344,26.22629308379887,0.68015,26.182097421159824,1.0088129966114832,1.3160880562228032,-72.46933975813211,2.1492193172559557,2004,0.4,-290_8
1,220.47975479193136,0.0,61411.39545901598,2855.977974961715,0.8296,25.54799916852886,0.6483616259669346,0.9274330705946796,-74.903774178096,0.9140358015916132,2006,-0.9,-300_3
0,759.0609183496065,0.0,33113.477620964855,1941.7995071785203,0.7271000000000001,26.66789909334477,0.961373117152272,0.7003777630298442,-74.78699319116046,1.3676850200719717,2007,0.7,-300_5
1,1570.1803074372606,498.0919844767631,5343.083126377706,3690.289655977928,0.81805,26.21691072157768,1.0233910998574614,0.7531823459060062,-74.30639451415652,2.5040538544831663,2020,0.6,-298_10
0,289.02968845246966,0.0,7340.132037361412,877.7464724811259,0.7431833333333333,26.03508035783824,0.8414233856579107,0.7628935041951901,-73.34070558372804,2.261508727770896,2019,0.9,-294_9
1,895.826858894086,0.0,33058.93558506022,1589.5972816170492,0.6771666666666667,26.38192995245248,1.0052471349989676,1.1102357121491724,-74.47707441813924,1.5069238891104977,2018,-0.8,-298_6
0,94.2379736239076,0.0,2757.853839671628,1055.0382646482708,0.5556833333333333,27.422030155255925,1.208768781185153,1.0391662117300848,-73.99647574113528,2.2480339985091025,2016,2.6,-296_8
0,310.73749281158445,0.0,11099.330733926958,364.20985212091057,0.69565,24.69935575696184,0.7799232703538173,1.3245231488804805,-73.72248957947883,2.12226985873237,2001,-0.7,-295_8
0,4987.62424475776,0.0,53878.7593269411,7279.007842224527,0.8214166666666667,25.894965099201897,0.7195445909786136,0.892851761100725,-74.67919535706612,0.6669990984587447,2018,-0.8,-299_2
0,748.6111906679472,0.0,13393.373772011268,786.3753377108474,0.6673333333333333,27.75939204264347,1.4917517266653668,0.6018878035038114,-74.84538368462823,1.978539413273246,2007,0.7,-300_7
0,304.98408580686095,0.0,42501.36089236427,2602.882281505928,0.7755666666666667,26.066150720398586,0.816384243398281,0.9367598805754386,-74.48156599455983,0.6355580635145615,2004,0.4,-298_2
1,2387.667720603792,2228.001065978201,33263.60540920102,3088.759572199676,0.7120833333333333,27.055033026166427,1.3948129181566948,1.24490205284223,-74.19410510364158,1.8572668499171108,2007,0.7,-297_7
0,2918.177599450934,0.0,35972.76972629468,1618.2741552199377,0.7353000000000001,26.602761947137765,1.185556439863806,1.3952934638495575,-74.26597032637115,1.5787891118400592,2004,0.4,-298_6
1,5398.243970519698,4285.682446384706,36626.12670547446,4231.327250636129,0.5395833333333333,25.730821253015502,0.9160636687016858,1.8053236478842036,-74.09978199880904,1.825825814972928,2012,-0.7,-297_7
1,27.62628569550517,0.0,2825.96422838071,3947.404560671594,0.7418833333333333,27.19286034711496,1.4457731333649988,1.135453648135209,-74.17164722153859,2.337865526921054,2007,0.7,-297_9
0,227.83225081576376,0.0,6807.192469834174,62.88928949208992,0.7693833333333333,26.243981351558944,1.1500078438305854,1.30371078303324,-74.08630726954723,2.153710893676553,2004,0.4,-297_8
1,406.3953781643424,1574.9448403039391,43096.446179844825,990.193786078744,0.754,26.35935359301476,0.9606307202638852,1.4251053312270818,-72.02916526891353,2.7645652868778274,2021,-0.9,-289_11
0,4896.146777462817,704.6215739671899,609.621515866214,7820.102917204964,0.8633333333333334,25.989913425894827,0.9212099727127718,1.4552790234868933,-73.87969475419975,1.4799744305869118,2018,-0.8,-296_5
1,215.0490427307668,0.0,16788.718108360248,1577.8414298865534,0.6990833333333334,27.355181735683857,1.4548578785707285,1.1239583956970025,-74.24800402068875,2.162694046517748,2007,0.7,-297_8
0,198.6769164534076,0.0,9724.370606859884,2407.0086472978246,0.7908666666666667,26.904776847270966,1.007322406175822,0.688835907268701,-74.77801003831927,1.6461627581490232,2007,0.7,-300_6
0,47.58570152858231,498.2880222572082,55593.72172285155,3561.534131972761,0.7245333333333334,26.04086715397449,0.8938585443460566,0.9393147319442908,-74.9082657545166,0.9814094479005772,2004,0.4,-300_3
1,4489.409478226612,2682.8552129680797,28178.1023643468,126.10712391829816,0.4942166666666667,25.798751154155923,0.9139461246131612,1.7549231335132198,-74.04139150534127,1.8752331555995008,2006,-0.9,-297_7
1,419.3519187323348,1113.6664180197768,39940.0224647638,1420.9277297538445,0.6043166666666667,26.47186619274692,0.9596200512542642,1.151310119200916,-72.05611472743712,2.737615828354242,2003,0.9,-289_10
0,89.57275184068682,1575.018650683223,34646.82552519271,1352.831576164831,0.5535666666666668,25.54073232439299,0.7275906210699415,1.499837968267965,-72.22230305499923,2.64778429994229,2012,-0.7,-289_10
0,266.56534193281675,498.2567579822676,24484.413982893515,1248.0097410719102,0.7813333333333333,25.86132213281968,0.7748943357321721,1.2975466985965287,-74.32436081983892,1.3452271379689835,2011,-1.3,-298_5
0,451.9718717242387,0.0,10932.673927485586,1304.593067825932,0.6531333333333333,26.1167665444944,0.9835796654587844,1.0916503229437986,-74.3513102783625,2.315407644818067,2018,-0.8,-298_9
1,1610.3150939927816,0.0,8837.433561866816,370.1111756172596,0.7110666666666667,25.145188008975936,0.7923055012382173,0.8946158575892541,-74.58487225223358,1.7674353215051586,2001,-0.7,-299_7
0,5687.136989454444,4016.747994724712,21267.33365430741,5856.078662860289,0.5853666666666667,27.11664037528675,1.2567014999755408,1.5294137154624956,-73.9830010118735,1.704553251616792,2007,0.7,-296_6
0,267.14955785668207,0.0,11053.200055986248,328.1249749522848,0.6286166666666667,26.223369432753145,1.0908407788239247,1.5117927967026816,-72.92748055303306,2.126761435152967,2022,-0.8,-292_8
0,740.9580459715833,0.0,11939.731102729444,1031.604137766663,0.7413833333333333,25.987899366507747,1.0319475443745334,1.6642164190480095,-73.69104854453465,2.117778282311772,2008,-1.6,-295_8
0,2275.702280339108,498.172362867512,5924.83054283452,5596.041622965553,0.86645,26.593145192151667,1.253579434352691,1.5981480298752675,-73.55630125191672,2.023455177479222,2022,-0.8,-295_8
1,208.61150532282505,0.0,23903.345406580556,767.3661121283425,0.70415,27.210283649706355,1.3959218268455649,1.0541960864807314,-74.25698717352995,2.095320400208784,2007,0.7,-298_8
1,228.20010462260217,0.0,17980.604017972368,3707.2286286277504,0.5524333333333333,26.094235733356584,0.8104179407308401,0.9763607661220984,-74.07732411670604,0.3346224433345218,2004,0.4,-297_1
1,208.61150532282505,0.0,23903.345406580556,767.3661121283425,0.70415,27.210283649706355,1.3959218268455649,1.0541960864807314,-74.25698717352995,2.095320400208784,2007,0.7,-298_8
0,2748.025770516941,3486.8247173287905,4596.700942322255,4889.486679958472,0.7003666666666667,26.055399745193085,1.3522597009517554,1.3736300700003663,-73.87969475419975,2.360323409024043,2022,-0.8,-296_9
1,608.939707853808,0.0,3732.712100020201,232.58532884385613,0.5698500000000001,25.69948762033948,1.1013228500970835,1.0373053416815654,-74.40970077183027,2.486087548800776,2004,0.4,-298_9
1,8761.582975102217,1494.8048001745915,6295.998785653126,4719.535115718545,0.5503666666666667,26.35497454132997,1.0514610257989627,1.261765788536218,-74.1626640686974,1.2239545746128482,2004,0.4,-297_4
0,2256.4185150106773,0.0,16866.52378052895,954.8374197777912,0.7253666666666667,26.546945950976408,0.9768772721502113,0.966528937647298,-74.7151279684309,1.6910785223549991,2018,-0.8,-299_6
1,296.7939579954,0.0,14632.70962015413,161.77834509001212,0.5829,25.920571706042324,0.8208714991486223,1.1133105397800362,-74.62080486359835,1.7270111337197802,2011,-1.3,-299_6
0,69.76153749447116,996.2020691104792,26788.093332774595,2498.0769525144888,0.8360666666666666,26.613181325050107,1.067433347317322,1.346842768480272,-72.31662615983178,2.4546465138565927,2014,-0.3,-290_9
1,406.39537816449433,1574.9448403039391,43096.446179844825,990.193786078744,0.7381333333333333,26.976076987872545,1.180489667745047,1.5709521686477477,-72.02916526891353,2.7645652868778274,2014,-0.3,-289_11
1,65.358356034476,4724.869194617984,41146.37224241003,1750.9601254208294,0.3625833333333333,25.44658873023752,0.6839682411907826,1.5499867542958057,-72.10552206806369,2.746598981195437,2012,-0.7,-289_10
0,1.1686528161642258,0.0,28558.439264068027,391.9301477400701,0.7492333333333333,26.45513379374836,1.0219853404409824,1.3876885329826705,-72.36154192403775,2.544478042268545,2018,-0.8,-290_10
1,7641.695567574246,1113.985174385189,17078.563096906706,1431.4636254833756,0.5380833333333334,27.184652196793365,1.343969683126694,1.604020151556848,-73.90215263630274,1.9066741905436844,2007,0.7,-296_7
1,101.03784279599816,498.2918164840759,27982.702735186453,623.735466721518,0.8368833333333334,25.705747858195025,0.6137721926094967,0.6022849095640636,-75.33945709089397,0.927510530853406,2006,-0.9,-302_3
1,215.1480148111629,0.0,7149.514855184629,454.18279607511386,0.6754,26.50652506154927,1.2936300561050182,1.0896277315808165,-74.21207140932397,2.432188631753605,2014,-0.3,-297_9
1,2776.27590742223,704.5370377063224,29610.971414236425,2706.341876019715,0.5389333333333334,26.99934155566234,1.3945971969540425,1.1823948619990474,-74.1536809158562,1.9515899547496605,2007,0.7,-297_7
1,2074.9573966639355,1409.1934750061826,33918.92665704503,1635.3251425056353,0.7402000000000001,26.075071329125592,0.8437555994276337,0.9854392896938404,-74.17164722153859,1.6326880288872303,2003,0.9,-297_6
0,226.42480643401865,498.3031833131312,31398.14894807964,807.1037594249157,0.8280333333333334,26.373993322682,0.7735465704635817,0.5942766108362668,-75.19123506901425,0.7433558976089041,2022,-0.8,-301_2
0,184.4145140428157,0.0,17004.659465218672,523.6184280936676,0.6620666666666667,27.90535783391704,1.3768594712298745,0.4332427148186941,-74.80495949684286,1.9515899547496605,2016,2.6,-300_7
0,326.3539517642397,0.0,6398.630261778279,373.6862108838298,0.6837166666666668,26.817314812200777,1.2013732670621475,1.305514122947499,-72.8286658717799,2.288458186294481,2007,0.7,-292_9
1,47.15498776318144,498.2082113685,23027.975289943857,491.6174315901657,0.8150000000000001,26.91676064548409,1.2907992219228113,1.126492594401474,-74.28842820847413,1.7674353215051586,2007,0.7,-298_7
0,718.4518296667974,498.2093874567199,27139.895703753737,211.03044417217055,0.7088166666666668,25.613473374991315,0.8253056232694845,0.6590142330571395,-74.25249559710934,1.7584521686639634,2019,0.9,-298_7
1,963.4113150742104,1796.3067710235352,36666.45833043494,1217.9414608241118,0.6372166666666668,26.018267881204963,0.9431714871370004,1.0934017898271502,-74.10427357522963,1.785401627187549,2003,0.9,-297_7
1,6695.8820051749335,2054.1430961291376,33245.83810084091,4082.997383320297,0.4802666666666667,27.15244204965057,1.3439886319657817,1.846038909991408,-74.04139150534127,1.8078595092905367,2022,-0.8,-297_7
0,427.1734602869829,0.0,3836.136471459595,1164.8510909711072,0.88185,24.4377927669305,0.8633789759699421,0.8610322600544417,-74.38724288972728,2.4771043959595804,2001,-0.7,-298_9
1,3793.2214909164304,2490.6162954678507,2190.730733786441,2623.167767485302,0.6253333333333333,26.03057003806248,1.0901515008383391,1.4324669039980942,-73.798846378629,2.32888237407986,2004,0.4,-296_9
0,311.1169719501141,0.0,37855.25319081971,900.0255046326364,0.6864666666666668,25.74205329062937,0.7227053541425331,1.1255272839658397,-74.58936382865417,1.4575165484839236,2017,-0.2,-299_5
1,252.5551585228968,1796.133977637804,6052.198154597214,510.8629847067302,0.54645,26.07331348151598,0.9358954085412942,1.7085535898844764,-73.83028741357317,2.117778282311772,2011,-1.3,-296_8
0,7234.663062615866,498.27107331250926,5551.717706304846,1888.2231880883576,0.7563166666666667,26.838698063785444,1.1358250349800432,1.2364220335575635,-74.21207140932397,1.1925135396686648,2022,-0.8,-297_4
1,289.8288841262131,0.0,32274.241581707447,1022.4318126224696,0.7438333333333333,26.55640531220968,1.0960860470314684,1.071020118950252,-74.63877116928074,1.475482854166314,2004,0.4,-299_5
0,316.3632283385218,0.0,19460.08000197936,3534.9561943433528,0.7454166666666667,25.771290863250044,0.5468648616524944,0.5691072637119036,-75.19572664543485,0.6220833342527686,2021,-0.9,-301_2
1,807.9595175866007,0.0,13583.959996467762,1719.707506755005,0.6163333333333333,26.829736794707628,1.2947102341536398,1.0365948412659285,-74.49953230024222,2.3423571033416524,2007,0.7,-298_9
0,280.77670294006657,498.1316655764819,6000.097628251246,825.4681265852904,0.8072666666666667,26.32906202447151,0.906320255712794,1.2340995702517354,-73.45748657066358,2.279475033453286,2013,-0.3,-294_9
1,287.464540102155,0.0,19419.3394340222,1134.519303777264,0.7481166666666668,27.169187019521985,1.3772245538415095,1.471971006074476,-74.02342519965887,1.9875225661144411,2007,0.7,-297_7
1,2773.708813745636,1113.9949926952097,32628.09464570777,2362.7240453665527,0.5307333333333333,25.921039418357395,1.0331828869751063,1.6297613322675126,-74.20308825648277,1.8752331555995008,2012,-0.7,-297_7
0,165.60633366312868,0.0,627.1505456601793,438.7876021359355,0.71855,25.2828666072715,0.6744795264409119,1.4999115262432412,-72.78824168399453,2.3333739505004574,2009,-0.8,-292_9
0,3496.299295517379,704.7095146228693,53940.2962879463,7911.319806982971,0.7362333333333333,26.041160478781705,0.8226850162622013,0.8567539918180612,-74.76453530905748,0.7119148626647208,2004,0.4,-300_2
1,21.090572522752232,0.0,29382.701636533824,750.7122353649756,0.7714833333333333,26.26592542611212,1.0351717387508004,1.2661686933998813,-74.23902086784756,1.7315027101403777,2021,-0.9,-297_6
1,215.05747055144343,0.0,37367.80306319887,714.9427767052127,0.7707333333333334,26.277993858159675,0.8869109340900861,0.6615966076725374,-75.03852147071393,1.0847157055743222,2007,0.7,-301_4
1,293.5122466999893,0.0,25070.644629955856,278.99968943386244,0.6508333333333334,26.28122047624225,1.0323161230881883,0.8488351590907649,-75.03402989429334,1.327260832286593,2004,0.4,-301_5
0,1365.1311084034082,0.0,4040.340861774656,402.37326762734784,0.6425166666666667,26.390208852360388,1.0782679279259118,1.4005129539884225,-72.58612074506765,2.517528583744959,2004,0.4,-291_10
1,730.2565331792407,0.0,34301.23992177931,452.55271820054224,0.6639833333333334,26.17527716417408,0.9774343051775456,1.210317536680467,-74.41419234825086,1.3946344785955571,2018,-0.8,-298_5
0,188.13328741284528,0.0,13412.10626502666,470.08697526527845,0.6790666666666667,25.525363220804763,0.6456394551834098,1.4862826784901666,-72.55917128654406,2.2390508456679075,2009,-0.8,-291_8
1,1003.0270669320196,1114.047975010502,30153.49328938691,208.3428993801746,0.6100833333333333,26.152641664325188,1.0377607539410447,1.6486909335736393,-74.10427357522963,1.6955700987755968,2008,-1.6,-297_6
0,3490.2974786880204,498.09364706850056,2259.0154257880613,344.0557134375424,0.6400666666666667,25.59255614615193,0.720361177135044,1.5130275664024422,-72.6445112385354,2.495070701641971,2009,-0.8,-291_9
1,8007.783804096117,704.5592815725303,31435.957113407207,2118.966147805527,0.5461333333333334,25.87402519044423,0.8893404817529618,1.817778324875599,-74.04588308176186,1.8393005442347203,2006,-0.9,-297_7
0,4677.627825829896,1114.2729552268602,29735.2702671253,6759.062364163857,0.82935,25.927098624497543,0.7068728524070721,0.9972877228547709,-74.23003771500636,0.388521360381693,2018,-0.8,-297_1
1,3892.926898090239,1494.73974532358,19363.562687222904,1905.3079055091248,0.62265,26.428989449123605,0.7678146901994439,0.7987921819198838,-74.1761387979592,1.444041819222131,2010,1.5,-297_5
1,154.73002537525826,996.3002183077148,8533.655721942963,2489.075697333566,0.64025,26.291954474539523,0.9876201392068188,1.5848885229380956,-73.93359367124692,2.1671856229383457,2011,-1.3,-296_8
1,156.7273957154771,0.0,33916.28340756148,639.1309678199746,0.81255,25.976483565651392,0.8694245258724821,1.1842145826143262,-74.52648175876581,1.4979407362693022,2011,-1.3,-299_5
0,275.4424802447368,0.0,38745.93326190237,643.667099808273,0.7041166666666667,25.6683710576325,0.630803498162824,0.7488417730006174,-74.59385540507476,0.824204273179661,2021,-0.9,-299_3
0,116.02727896135193,0.0,44345.47138518394,117.2846106081254,0.7533000000000001,26.228148641698624,0.8577554208441122,0.9709698334134188,-74.70165323916912,1.1970051160892623,2018,-0.8,-299_4
0,117.34742375720386,0.0,1769.841376398385,993.16170785526,0.7398,25.69637770210852,0.948915025526984,1.034386217519501,-74.26597032637115,2.535494889427349,2018,-0.8,-298_10
0,275.4424802447368,0.0,38745.93326190237,643.667099808273,0.7897000000000001,26.38602192820616,0.8355158103891714,0.7159442341993003,-74.59385540507476,0.824204273179661,2007,0.7,-299_3
1,65.358356034476,4724.869194617984,41146.37224241003,1750.9601254208294,0.4704833333333333,26.548818838907664,0.9354615863970964,1.2908145396813735,-72.10552206806369,2.746598981195437,2013,-0.3,-289_10
1,8921.275688858588,498.2392278062818,28596.83831135506,1084.8391386866715,0.7141666666666667,25.987341823079877,0.8428151179296698,1.4933382049137809,-74.22554613858577,1.511415465531095,2011,-1.3,-297_6
0,214.35580501161775,0.0,41758.76500124324,2168.5265444471625,0.7304166666666667,25.676584961496133,0.806311098083841,1.262931187484171,-74.54444806444819,1.3811597493337644,2009,-0.8,-299_5
1,2776.646942355018,2227.8014666931163,7301.213422694174,879.7699045821229,0.6723666666666668,26.068389754776376,0.903956202440608,1.5114818224164863,-73.82130426073198,2.1582024700971503,2006,-0.9,-296_8
1,2205.3365024244763,0.0,31736.78554777146,1079.6381750285925,0.7017666666666668,26.7308508410066,1.1450571860636003,1.0087738740008545,-74.3602934312037,1.556331229737071,2007,0.7,-298_6
0,222.1844294662995,0.0,43572.93307741921,2562.24556720447,0.7195333333333334,26.017673040240823,0.8242258001305132,0.7863339380293285,-75.15530245764947,0.8781031902268323,2004,0.4,-301_3
1,2961.135437497648,498.0878122881547,3370.26979602574,1124.2973722727477,0.7209833333333333,27.141778327865666,1.2940678189735102,1.364628595729353,-72.74332591978856,2.5265117365861545,2007,0.7,-291_10
1,577.6716060700481,1113.682552671541,41892.60326559308,1064.314754764997,0.5904166666666667,25.59906842280094,0.5962314889691257,0.9120229069849608,-72.2896767013082,2.701683216989461,2015,0.7,-290_10
1,468.3632630129512,0.0,13444.075042458882,1850.670234336643,0.7208333333333333,25.9449891384711,1.1127269783447098,1.1169714930307526,-74.48605757098042,2.3423571033416524,2004,0.4,-298_9
0,712.24384197607,0.0,45614.02831221878,7.990817548051611,0.7131833333333334,26.31238056379169,0.879489328002085,0.9716215320716428,-74.68368693348673,1.2868366445012147,2018,-0.8,-299_5
1,1287.0750307112696,0.0,32838.52774318083,2937.3971459421405,0.7023833333333334,26.55387748346169,0.9550825649747712,0.7511822394176394,-74.67470378064553,1.430567089960338,2007,0.7,-299_5
1,1056.98324750046,996.6330192202142,27723.751971156697,3458.7169223381998,0.70245,26.525745745639934,0.6807893922288922,0.5168393950833999,-74.23003771500636,0.4379287010082667,2016,2.6,-297_1
0,85.75307150692902,0.0,26419.181957910743,240.001440971054,0.8693833333333334,25.2219150491452,0.6112698153252923,1.2339360360854368,-72.02467369249294,2.611851688577509,2006,-0.9,-289_10
1,791.6739889375714,0.0,2534.275446966028,2103.699619950228,0.7907333333333333,24.756764368613005,0.7771167446436107,0.9652665908909448,-74.47258284171863,1.830317391393525,2001,-0.7,-298_7
0,1137.3904979357403,0.0,16373.052892730007,1881.9145236176032,0.8192333333333335,25.90266251371139,0.9266811970221452,0.7721712559959015,-74.36478500762429,1.893199461281892,2003,0.9,-298_7
1,4086.0540766811,498.2602858948323,23175.6341976998,4760.009141585912,0.765,26.34225265725468,0.8281116111106198,0.8133335600964441,-74.3602934312037,1.3092945266042026,2020,0.6,-298_5
1,4209.658692712435,1575.28444852033,5096.726142470185,529.3850450577495,0.6735,25.94573996964317,0.8605837751198813,1.3833356260486618,-73.81232110789078,2.1761687757795407,2002,-0.1,-296_8
0,194.74062565701576,0.0,5344.408379219002,2297.214508101308,0.8298500000000001,27.162390553298167,1.2953281556030458,1.3924466458913318,-73.16553410332473,2.2974413391356765,2007,0.7,-293_9
1,88.94606750322227,3591.4597223830865,40520.55703376087,770.6482006147668,0.6384166666666667,25.58195445055361,0.6744323988689777,1.3462768791331847,-72.0920473388019,2.7421074047748397,2017,-0.2,-289_10
1,47.40013861801495,498.063750939576,33915.540654924334,1804.1870365843683,0.5551333333333334,27.04492805951492,0.99196214808632,1.1869265361171284,-72.19984517289625,2.6522758763628875,2016,2.6,-289_10
0,135.29568881871555,498.2954068622347,40127.92737891935,1881.579939758407,0.7497666666666667,25.967091809061344,0.7328078341354636,0.7591232524117074,-75.20920137469665,0.8736116138062346,2018,-0.8,-301_3
1,204.3259450618246,0.0,6868.720479314186,384.9681697231365,0.6465666666666667,26.823083775164378,1.1787332863840705,0.9139932605329868,-74.49054914740103,1.888707884861294,2007,0.7,-298_7
1,973.195569901123,0.0,33636.63109370181,197.51432466955188,0.7551333333333333,26.419256622609453,1.0538169001507764,1.3539088567060056,-74.26147874995054,1.61472172320484,2018,-0.8,-298_6
0,227.83225081576376,0.0,6807.192469834174,62.88928949208992,0.7315833333333334,27.24830455179409,1.4322984434500643,1.220104312507221,-74.08630726954723,2.153710893676553,2007,0.7,-297_8
0,271.5895252024242,498.3092977759897,23162.58556636667,491.1296864883186,0.8329000000000001,26.307255793423508,0.8095874955923671,0.8070674755781683,-74.22554613858577,0.6220833342527686,2007,0.7,-297_2
0,1707.007880666049,2054.5546544506915,41659.09678234648,3176.560890588896,0.7724666666666667,25.164650870077537,0.4397848816004586,0.5810315403819372,-74.58038067581298,0.7523390504500993,2015,0.7,-299_3
1,25.57660351054602,0.0,33964.12110388395,299.1822998793663,0.7158833333333333,25.41065342674125,0.6630075524627771,0.9743201819680336,-74.22105456216516,1.6686206402520112,2015,0.7,-297_6
1,48.22000119147577,0.0,37643.955015723775,1541.8473400938635,0.7855833333333333,26.032855714518178,0.8810898246649327,0.8702962058696478,-75.13284457554649,0.9903926007417724,2004,0.4,-301_3
1,265.5826343456879,0.0,13765.635147587938,61.77070537794085,0.4798,25.791527466009825,0.6852290015657321,0.9024482392318436,-74.19859668006218,1.3452271379689835,2013,-0.3,-297_5
1,216.43913022650528,0.0,9293.259254719647,537.6333092901132,0.6767333333333333,26.976029384240007,1.274406244374252,1.5028495441303111,-73.39011292435461,2.2165929635649197,2022,-0.8,-294_8
1,915.9498402543752,0.0,20858.16395063063,219.2741854313168,0.5636333333333333,26.282006367056454,1.1511678583301048,1.289537749281577,-74.36478500762429,1.673112216672609,2004,0.4,-298_6
0,2984.9121852267226,4017.602402241914,47099.28596924582,4107.858746516277,0.7974,25.606033007694577,0.535123204431544,0.8917674070518444,-74.24800402068875,-0.1908919978753983,2006,-0.9,-297_-1
1,116.96018761717002,0.0,26220.754280016587,1330.6306881048215,0.7132833333333334,26.725626279373387,0.942749695616047,0.9629909046344766,-72.2851851248876,2.495070701641971,2020,0.6,-290_9
0,97.01730961456865,498.0628725371929,32081.835237573403,2225.5253183253726,0.7537166666666667,26.26232685620397,0.8880420503797554,1.3934231812880984,-72.36603350045836,2.656767452783485,2002,-0.1,-290_10
1,165.88546126536883,0.0,23871.89673578697,1191.891325597711,0.75365,26.28497424728738,0.949093180049468,1.2974867166237567,-72.4738313345527,2.189643505041334,2018,-0.8,-290_8
1,296.7939579954,0.0,14632.70962015413,161.77834509001212,0.8313333333333335,24.881272743398934,0.7531469056661422,0.8815350731475586,-74.62080486359835,1.7270111337197802,2001,-0.7,-299_6
0,850.906057272584,1992.3779134491529,1813.7905000375088,2084.282912965457,0.7856666666666667,26.66470862279715,1.1738507242324194,1.394129545761266,-72.76129222547094,2.4905791252213736,2014,-0.3,-292_9
1,4733.3277376932965,2491.1809291729496,27296.30850680041,62.72614679126022,0.5879833333333333,26.50035251362368,1.1108627715288522,1.4855050616256562,-74.1357146101738,1.5383649240546806,2004,0.4,-297_6
0,1199.359761320232,704.7358991139873,7158.107263716307,3425.062479939413,0.4422,26.12734438248259,0.7363026208601662,0.8170862345558813,-74.62978801643955,-0.0426699759956772,2004,0.4,-299_-1
1,323.97074440332096,0.0,17415.142466519137,0.0246142836138017,0.6730166666666667,24.58264109972373,0.8065910532851981,1.040393202446488,-74.39173446614788,1.9426068019084648,2001,-0.7,-298_7
1,445.33015732452026,0.0,18593.717595826245,798.4295032752855,0.6381,26.36471250678602,1.001686193556569,1.111868027602717,-74.52648175876581,1.637179605307828,2018,-0.8,-299_6
0,2680.560471833171,1113.9708675499553,27190.754150004144,1486.6118124387324,0.6362666666666668,25.798068272072555,0.9907346979970276,1.6434866209212442,-74.08630726954723,1.9515899547496605,2011,-1.3,-297_7
0,263.93887692369145,0.0,15069.738990377204,371.5027824989204,0.73745,26.10975064343773,1.0999537013752116,1.65793076333057,-73.9740178590323,1.978539413273246,2008,-1.6,-296_7
1,280.53268094845816,0.0,26581.264753325184,175.49330250322777,0.5435166666666668,26.436605981259333,1.2200723731726568,1.4196371284162204,-74.25249559710934,1.8393005442347203,2004,0.4,-298_7
1,215.6241907063216,0.0,37955.6007772828,2492.9657182173946,0.6040833333333333,27.01340652637708,1.2846701817358612,1.1470038166307095,-74.51749860592462,1.3587018672307762,2022,-0.8,-299_5
0,320.36688740185554,704.7169201175747,46947.48879139133,341.4509839527721,0.81955,25.59818320892072,0.5817389384696513,0.5845193971994466,-74.68368693348673,0.6041170285703782,2014,-0.3,-299_2
1,399.0778338511695,0.0,27073.919665839163,308.500156381655,0.70875,27.12398210321402,1.2454451200641194,1.655961775730567,-72.42442399392613,2.66575060562468,2022,-0.8,-290_10
1,306.0507237836266,0.0,3412.785282735436,32.49567231205885,0.6519833333333334,25.889028733729333,1.0886981156393791,0.851486435845513,-74.87233314315182,1.7000616751961946,2004,0.4,-300_6
1,5398.243970519698,4285.682446384706,36626.12670547446,4231.327250636129,0.5884666666666667,26.455143741894855,1.1514356265236785,1.330504637495769,-74.09978199880904,1.825825814972928,2014,-0.3,-297_7
0,301.91788595337687,0.0,4650.306038584668,508.4440683741066,0.8419500000000001,26.32351013790077,0.9037701107173144,1.1744317818524477,-73.2149414439513,2.315407644818067,2013,-0.3,-293_9
0,426.4759361642627,498.0593275404046,33952.20475179287,3995.588964035696,0.8269166666666666,27.29471149058816,1.28615532273843,1.4237385210760074,-71.98424950470756,2.6747337584658752,2007,0.7,-288_10
1,419.1417715567554,1113.7024400619764,31011.907748903308,638.9113430295256,0.661,25.898621566521683,0.8896722945152153,1.579389376596015,-72.07408103311951,2.656767452783485,2008,-1.6,-289_10
1,2252.842306160709,0.0,18010.45655417449,709.9625840669238,0.5764666666666667,26.584334595373434,1.0857947255962863,0.9927873088995884,-74.7196195448515,1.7359942865609754,2004,0.4,-299_6
1,76.5581683708532,0.0,35729.16211356514,783.8218576852489,0.5638666666666667,26.625976300178596,1.0802274013425543,1.4838778667826011,-72.13247152658728,2.6927000641482657,2014,-0.3,-289_10
0,255.87494640032477,3189.6374034715923,4175.400382288918,4280.704519562883,0.8631833333333334,26.50148474507256,0.7353597718660763,0.8459223392593551,-72.1189967973255,2.243542422088505,2010,1.5,-289_8
0,81.70443016900897,0.0,20504.83342440784,60.00763551308495,0.6847833333333333,26.65325215594072,1.0351766249452183,0.7316168303426243,-74.68817850990732,1.6057385703636446,2007,0.7,-299_6
0,644.3639477145408,498.0952939699391,13193.266514374332,2078.231527382817,0.8646,26.7839067990879,1.4273604807199003,1.0827810159562674,-74.1536809158562,2.486087548800776,2007,0.7,-297_9
0,149.8237648137994,1113.812954169146,1949.957886682714,3027.406773720753,0.8406166666666667,26.312967882630065,0.9090965214077044,1.2495152376329763,-72.07408103311951,2.391764443968226,2018,-0.8,-289_9
0,406.3953781643424,1574.9448403039391,43096.446179844825,990.193786078744,0.7318666666666668,27.03868722044598,1.0137252362827194,1.088757175406015,-72.02916526891353,2.7645652868778274,2020,0.6,-289_11
0,5759.05978827712,498.1508305724281,28085.4608166123,311.0382455474123,0.7479,25.940717089096893,0.9047541363642324,1.157107165680742,-74.50851545308342,2.162694046517748,2011,-1.3,-299_8
1,2700.8819234257635,1494.6471207696484,8460.145842201411,2588.258861146392,0.4973833333333333,26.09777593837805,1.0467927277960545,1.5443710796786927,-73.68655696811405,1.7090448280373898,2004,0.4,-295_6
1,206.8505789279977,0.0,26072.129696056847,829.5371300244261,0.5833666666666667,26.52709320676797,0.990845446326698,0.7438589477971767,-74.69716166274851,1.4934491598487043,2007,0.7,-299_5
0,1265.5303638370194,0.0,8132.525424770429,653.045343592115,0.75205,26.22956343537044,0.9869731347745536,1.119952266196705,-73.71799800305824,2.1492193172559557,2003,0.9,-295_8
0,1129.951683504324,2053.476838194188,44370.449440098935,2140.5688824441686,0.5726833333333333,26.02080602728887,0.8542535526178213,1.7153780053112664,-72.16840413795207,2.7645652868778274,2011,-1.3,-289_11
0,39.09889151612303,0.0,23057.023047462204,173.43355699944576,0.749,26.776923420149046,0.9692575480797642,1.000303157247897,-72.40196611182314,2.481595972380178,2020,0.6,-290_9
0,159.71066779006574,0.0,38083.75405293853,1678.9978140580488,0.7162666666666667,26.201544001947862,0.8842071355325484,0.9690865516536112,-74.58487225223358,0.8197126967590634,2004,0.4,-299_3
0,2494.183597309823,2054.191328874942,37368.5065549581,24.10079676779479,0.7645500000000001,25.41065342674125,0.6630075524627771,0.9743201819680336,-74.167155645118,1.718027980878585,2015,0.7,-297_6
0,406.6351469296639,498.0716094348281,28206.310546614557,955.9509307776464,0.8121,26.976205033420968,0.9633004427411972,1.0227450781609138,-72.16391256153146,2.611851688577509,2010,1.5,-289_10
1,963.4113150742104,1796.3067710235352,36666.45833043494,1217.9414608241118,0.6365000000000001,24.601611532581444,0.7883917458748567,1.3889497874405936,-74.10427357522963,1.785401627187549,2001,-0.7,-297_7
0,1266.2416981633742,0.0,13563.7618843646,1241.6640910971537,0.8350666666666666,25.166176780235787,0.5322613443177677,0.9683324057328384,-74.00096731755589,1.515907041951693,2015,0.7,-297_6
0,1563.2717136480433,1408.8987720911678,58.202015637713885,2422.0406937920875,0.7029000000000001,25.463376627686216,0.7131450450250684,1.3343834082896235,-73.44850341782238,2.3423571033416524,2006,-0.9,-294_9
0,721.040079928249,0.0,2399.2397757058197,2307.4692925122217,0.7311166666666667,26.956131117889925,1.0386196619814625,1.0550966389278262,-73.53833494623433,2.355831832603445,2016,2.6,-295_9
0,214.7608231833995,1113.886179946138,551.8330357578716,4620.847005121671,0.8407333333333334,26.04294013210404,0.8347539854295946,1.179381507326285,-72.04713157459592,2.198626657882529,2018,-0.8,-289_8
0,100.1424609234518,0.0,31991.873773374784,1394.1660343869637,0.8562833333333334,26.146427749207987,0.9490193441595514,1.4214489318151984,-74.33334397268011,1.569805958998864,2006,-0.9,-298_6
0,7663.82285859016,8467.563736104972,12797.72264436057,9047.3761111931,0.8551500000000001,26.65795749321512,1.1237972853156386,1.5320963676268224,-73.55180967549613,2.5040538544831663,2018,-0.8,-295_10
0,766.424524903252,0.0,9994.12771006066,937.9900075111218,0.6545500000000001,27.153325621958917,1.1349332500445517,1.1870525721747172,-73.85723687209676,1.9650646840114532,2016,2.6,-296_7
1,89.22931757461552,704.469880477512,142.8094403926011,1266.5706865175437,0.7000666666666667,26.05386556776949,1.103205298256534,1.330869632165176,-73.85723687209676,2.257017151350298,2004,0.4,-296_9
0,1666.9321576057423,0.0,33043.645265503765,2979.265219708699,0.8658166666666667,25.68436459855309,0.762097779381107,1.3837758683418746,-74.31986924341831,1.475482854166314,2017,-0.2,-298_5
0,122.3623740206276,0.0,20029.489565407574,302.8932915207573,0.7296333333333334,26.434752755475188,0.7862453210230395,0.5934836942276142,-74.7196195448515,1.5518396533164736,2010,1.5,-299_6
1,6695.8820051749335,2054.1430961291376,33245.83810084091,4082.997383320297,0.4797166666666667,25.712529230679365,0.8265081920288515,2.0077183558499767,-74.04139150534127,1.8078595092905367,2009,-0.8,-297_7
1,580.9131172751889,996.1061690402285,38325.68410710638,3702.8544116875455,0.5285000000000001,26.68934880157525,0.9752089233680612,1.3239645720064426,-72.17289571437266,2.706174793410059,2013,-0.3,-289_10
1,1610.3150939927816,0.0,8837.433561866816,370.1111756172596,0.6778833333333333,26.10227927282665,0.8288237822085982,1.1267224616020763,-74.58487225223358,1.7674353215051586,2011,-1.3,-299_7
1,215.2491604915413,0.0,38734.65542325996,2717.5577113443974,0.84365,25.35994587474994,0.7195427621241582,1.1329416344044745,-74.51749860592462,1.3676850200719717,2012,-0.7,-299_5
1,5831.967929896148,3341.9682519250537,28707.81338638495,1673.017042629009,0.5847833333333333,25.737443949244778,0.9552881569630488,1.622276074721558,-74.06384938744425,1.893199461281892,2006,-0.9,-297_7
0,32.66773957065288,0.0,42947.22364936489,610.0220444565539,0.7432500000000001,25.63293935596363,0.7310642082569001,0.8549057793975776,-75.05648777639632,1.008358906424163,2008,-1.6,-301_4
0,709.55530476693,0.0,19559.24201739823,1154.9365117747006,0.7177833333333333,26.310081915945773,1.0038112041141751,1.3228117387219764,-74.30639451415652,2.1761687757795407,2011,-1.3,-298_8
1,3944.053363404887,2054.3484330500023,13697.774963024482,2969.3898861172847,0.4625666666666667,25.959791078630985,0.7297943903620818,0.9727205020574176,-74.167155645118,1.385651325754362,2013,-0.3,-297_5
0,325.6679885354781,0.0,26212.05400935759,1910.428386935295,0.7763166666666668,23.11160453892569,1.0496333335067909,0.5357758244911134,-74.86334999031062,2.1716771993589434,2004,0.4,-300_8
1,281.2737523855,0.0,28656.15492324142,396.273491573379,0.82665,26.425108023466294,0.9698753127660064,0.9046970161118,-74.5489396408688,1.1970051160892623,2007,0.7,-299_4
0,2295.4105828098573,1409.08316823387,19738.5263006099,2030.7806802216069,0.44935,25.98746817511841,1.057884574188896,1.7869197611925565,-73.98749258829409,1.9291320726466723,2008,-1.6,-296_7
0,657.6484193606135,2540.3277347617964,37480.41214511978,1185.0615859303855,0.5311,24.664121189449475,0.8236685178742906,1.2618309785591333,-74.1536809158562,1.8348089678141228,2001,-0.7,-297_7
0,186.68757663757253,0.0,41040.0512262352,1088.4060317999315,0.6844666666666668,26.56210527614525,1.0083974376234792,0.9463038806897796,-74.77801003831927,1.2958197973424097,2004,0.4,-300_5
1,5323.971478683017,2989.3507865421216,24112.16488682428,1062.401329936086,0.5480166666666667,25.96079256142707,0.8630023950168785,1.645408713386215,-74.07732411670604,1.6326880288872303,2011,-1.3,-297_6
1,234.75325226305915,0.0,26160.14840858485,780.574103441832,0.7386166666666667,26.236762803364968,1.2017534974941884,1.3912038145060492,-74.19859668006218,2.0189636010586245,2004,0.4,-297_8
0,71.64130301619001,1408.7245117481275,34284.45827077992,5054.830618653751,0.8191166666666667,25.512728239028093,0.7052267403048412,1.4956388636061142,-71.97077477544576,2.6747337584658752,2012,-0.7,-288_10
0,4232.51665320637,996.4902784272408,17870.35445350165,624.587795722599,0.7217,27.005264005255757,1.222027542781532,1.5159236288222442,-74.10427357522963,1.4575165484839236,2022,-0.8,-297_5
1,280.69301394558903,0.0,867.2637952210015,6939.632802123263,0.6877333333333333,26.39107616281001,1.0552757244718542,1.4898100887017425,-73.52036864055194,2.396256020388824,2018,-0.8,-295_9
1,7038.016100401364,0.0,20670.85552680466,9845.73340912698,0.6964,26.34225265725468,0.8281116111106198,0.8133335600964441,-74.37825973688608,1.2643787623982266,2020,0.6,-298_5
0,164.2499956554512,0.0,58915.11881536,7981.75424291784,0.8228000000000001,25.606499116138764,0.5929451075613336,0.5939109129553689,-74.84089210820764,0.8197126967590634,2014,-0.3,-300_3
1,134.51706605066445,0.0,11115.579264667673,4.719371769908497,0.7389666666666668,27.040655074727567,1.2006307571920751,1.2652587641464796,-72.53222182802047,2.319899221238664,2007,0.7,-291_9
1,391.8957279755783,498.0919844767631,14265.15948660916,1841.9517629417,0.8605166666666666,26.77116832768513,0.9093782234687964,0.9100631066684152,-72.08306418596071,2.5040538544831663,2020,0.6,-289_10
0,218.4805703233863,0.0,55752.56684497928,636.0205988573167,0.6925666666666668,26.238289293301705,0.9135239294062854,0.9706744252645392,-74.82292580252525,1.0038673300035654,2004,0.4,-300_4
1,3243.1387726381176,1992.7521797754985,25213.41452276736,1504.5501144586942,0.5941333333333333,25.798751154155923,0.9139461246131612,1.7549231335132198,-74.04139150534127,1.91565734338488,2006,-0.9,-297_7
0,776.1835111949829,498.3029324617707,39703.36685589585,1270.1724551426869,0.7954,26.253275971771583,0.7784968829940121,0.6625741258901267,-75.05648777639632,0.7478474740295017,2022,-0.8,-301_2
1,1558.93564841107,0.0,33943.881994192205,315.4105485869936,0.6980166666666667,25.3812041669886,0.6217614974018196,0.8945809089378335,-74.31537766699772,1.5608228061576688,2015,0.7,-298_6
0,244.549679224203,498.1696655006204,2141.607167933106,513.9056685333247,0.8282,26.165812667821285,0.9571256588483096,1.113825106802703,-73.84376214283498,2.0414214831616126,2003,0.9,-296_8
0,4037.474298055608,2989.337708841208,1600.9397309641363,4137.249286509802,0.8568166666666667,26.879392503922983,1.2154511062580315,1.4657446130862268,-73.76291376726421,1.6506543345696207,2007,0.7,-296_6
1,301.5855993685332,498.128638631629,16226.985496292613,179.1446354224661,0.7533666666666667,26.296940947869587,1.1443477242173454,1.158820844142252,-74.43215865393326,2.2974413391356765,2004,0.4,-298_9
1,810.1368887563949,498.17901212817065,8854.916805400491,1716.3946852614908,0.69435,26.019378993272824,1.0399237864940594,1.68074336596702,-73.83477898999378,1.978539413273246,2008,-1.6,-296_7
0,39.64534465549585,0.0,14542.235199227622,1197.3942324505997,0.7121333333333333,27.04072907946386,1.1571075277720213,0.6513053458848761,-74.79148476758107,1.7764184743463538,2007,0.7,-300_7
1,434.5121599933908,1494.1457007266729,39100.86691928695,1187.0936497860214,0.53235,26.47739261315553,1.0838160474653913,1.4552841314772529,-72.03365684533414,2.7286326755130466,2004,0.4,-289_10
1,755.8945167284378,498.1763618438756,6971.572056668932,709.3533539453456,0.8291833333333334,27.108888785435,1.3288945703285897,1.5185590883781932,-73.83477898999378,1.9965057189556368,2007,0.7,-296_7
0,8013.742149004983,2054.4646048301734,4149.124888662227,5274.898403694022,0.84275,26.071577714909324,0.850967240187658,1.1580396514794054,-74.23902086784756,1.075732552733127,2018,-0.8,-297_4
1,983.9200843060598,498.2783170578467,17635.840690918503,1938.6408464112928,0.7128333333333333,26.709864589590723,0.8806826374532603,0.6501768883636322,-74.47707441813924,1.1071735876773103,2016,2.6,-298_4
1,159.5933004036334,0.0,24540.75125747974,640.8378363598878,0.6830666666666667,26.89047658830441,1.1365734172439657,1.1445726545517767,-72.43789872318791,2.230067692826712,2007,0.7,-290_8
1,275.2266346997644,0.0,2470.5646849670816,2089.191704142534,0.7778333333333334,26.42610769298966,1.119890030786091,1.5529392819027532,-73.70452327379644,2.2031182343031266,2004,0.4,-295_8
1,277.4563851686489,0.0,11723.776664606848,117.53037960670596,0.7116666666666668,26.16167982519437,0.931080136857234,1.3376564700936162,-74.08181569312664,1.4036176314367523,2018,-0.8,-297_5
1,280.77670294006657,498.1316655764819,6000.097628251246,825.4681265852904,0.7866000000000001,26.6472519789354,0.9706528696664236,1.053752765833609,-73.45748657066358,2.279475033453286,2020,0.6,-294_9
1,2565.2759936502166,2054.32328425932,22841.69725992292,1542.3032090718857,0.6123500000000001,26.31552004596853,0.9520342614728508,1.3304227904941903,-74.22554613858577,1.444041819222131,2018,-0.8,-297_5
0,3651.9334850183327,0.0,54216.92677206992,7653.274865869584,0.7635500000000001,25.894965099201897,0.7195445909786136,0.892851761100725,-74.66122905138373,0.6669990984587447,2018,-0.8,-299_2
1,2813.503827859484,2904.7513232633187,3503.4226697766567,968.277163520811,0.6459666666666667,25.98481343909532,0.8747712508397477,1.398189059681421,-73.87071160135855,2.0998119766293817,2002,-0.1,-296_8
1,348.2231942254376,0.0,35636.70995174593,274.5603648429017,0.6245,26.12150810796425,0.9335220089038462,0.9017191499864424,-74.39622604256847,1.5024323126898995,2014,-0.3,-298_6
0,195.15930367105017,0.0,7177.637567822736,354.6209599612631,0.7349,25.66003264263469,0.9945254105523637,1.429379017588854,-72.96790474081844,2.12226985873237,2004,0.4,-292_8
0,1.734069344292497,2227.625908338292,3333.416146570125,6852.050930123951,0.7442166666666667,26.956131117889925,1.0386196619814625,1.0550966389278262,-73.48443602918717,2.391764443968226,2016,2.6,-294_9
0,310.73749281158445,0.0,11099.330733926958,364.2098521208754,0.7047,26.503244465040723,0.9736410585691778,1.1225910797096317,-73.72248957947883,2.12226985873237,2020,0.6,-295_8
0,134.42029050753112,996.5908137244694,41340.16397874147,2333.881595102765,0.7381500000000001,26.017673040240823,0.8242258001305132,0.7863339380293285,-75.19123506901425,0.8736116138062346,2004,0.4,-301_3
1,4761.263723681466,4593.252753700258,31279.91388616552,7091.52618081352,0.5886833333333333,26.18265154238429,1.067286670242712,1.6128349349300972,-74.05037465818246,1.7674353215051586,2018,-0.8,-297_7
0,1311.758290642972,1408.946104363116,330.3513855091171,917.8726532344074,0.60965,26.068389754776376,0.903956202440608,1.5114818224164863,-73.798846378629,2.243542422088505,2006,-0.9,-296_8
1,291.95411776211046,0.0,10167.063165319938,459.3792271971304,0.6069333333333333,25.338963180362327,0.7049317691774787,1.2295718372761095,-74.5219901823452,1.7135364044579873,2017,-0.2,-299_6
0,589.7883368899811,0.0,16622.60029787236,2604.960429055811,0.6668833333333334,26.429434023963097,1.030382766588846,0.9328263847049928,-74.75555215621628,1.843792120655318,2018,-0.8,-300_7
1,281.68088013944254,498.2028797337486,23452.297848149312,842.4393923493715,0.7616666666666667,26.325600534869807,1.1255117652380322,1.388095154506764,-74.27944505563293,1.8078595092905367,2018,-0.8,-298_7
1,4063.390032526573,1114.03910389178,33802.37978902037,2029.8724766376645,0.5111333333333333,27.29344482382811,1.3709908242148738,1.5891340082760366,-74.12223988091202,1.7270111337197802,2022,-0.8,-297_6
0,276.0558258246812,0.0,44448.98745604487,5939.301144606093,0.6939666666666667,25.9575239779702,0.7306663862308533,0.929326630529122,-74.59834698149537,0.7343727447677089,2018,-0.8,-299_2
1,2295.4105828098573,1409.08316823387,19738.5263006099,2030.7806802216069,0.47125,24.60084951506235,0.7825927671109137,1.458481513894306,-73.98749258829409,1.9291320726466723,2001,-0.7,-296_7
1,4751.748107251939,3794.357134285069,24328.42737445029,140.4852532268321,0.50685,26.13385952261291,0.9843030727969732,1.5821872575324836,-74.07283254028545,1.6461627581490232,2008,-1.6,-297_6
1,750.1791578639588,2053.864992215895,763.5441316145076,2458.041980533218,0.5759666666666667,26.03057003806248,1.0901515008383391,1.4324669039980942,-73.84376214283498,2.257017151350298,2004,0.4,-296_9
0,2918.177599450934,0.0,35972.76972629468,1618.2741552199377,0.8325833333333335,26.13068273444702,0.8437503712585291,0.9899839896376262,-74.26597032637115,1.5787891118400592,2013,-0.3,-298_6
0,81.70443016900897,0.0,20504.83342440784,60.00763551308495,0.6727666666666667,25.85706788642682,0.7907185076176848,0.9644545986071984,-74.68817850990732,1.6057385703636446,2006,-0.9,-299_6
0,48.821659930822456,498.1170325586147,4902.023913493324,715.2599631788086,0.6825833333333333,26.979871115698074,1.019919523603577,0.9608240214852805,-73.06222784565098,2.3648149854446405,2016,2.6,-293_9
0,2328.4434958757283,0.0,34587.24938622245,2194.034869574543,0.7987166666666667,26.86505266966975,1.0069398181485434,0.892155245613583,-74.19410510364158,1.718027980878585,2010,1.5,-297_6
0,2135.618655961636,0.0,3004.3274540344914,370.3943594824567,0.6381333333333333,26.66369481235836,1.107950221245448,1.4352601308812758,-72.62654493285302,2.55346119510974,2004,0.4,-291_10
0,6152.0681370562015,0.0,19742.888449715367,4680.618524012879,0.8622333333333334,26.80734679924791,1.254289831166017,1.5022000626232856,-73.74045588516123,1.9201489198054773,2007,0.7,-295_7
0,96.73805596358976,0.0,23265.65814912842,394.13742097915895,0.6481666666666668,26.89412600732146,0.9611600156789032,1.0792374425999915,-72.13247152658728,2.575919077212728,2016,2.6,-289_10
0,307.98525412328075,498.2022681602323,17470.769148413146,2118.969282509694,0.7071833333333334,26.43652635116308,1.1061994489234412,0.9347326554576966,-74.80046792042226,1.812351085711135,2004,0.4,-300_7
0,249.5331497124939,0.0,25245.79364107544,59.13303569855503,0.7096833333333333,26.184726403935144,0.8947325074095952,0.9692853442437164,-74.30639451415652,1.3676850200719717,2014,-0.3,-298_5
1,214.7890935234177,0.0,40521.79364102987,2866.4105428441862,0.7260000000000001,25.68110338006943,0.8233485601353778,1.1886949971609926,-74.52648175876581,1.3811597493337644,2011,-1.3,-299_5
0,4733.3277376932965,2491.1809291729496,27296.30850680041,62.72614679126022,0.7070000000000001,26.2610092135252,0.9672054663733402,1.4334632215840306,-74.1357146101738,1.5383649240546806,2018,-0.8,-297_6
0,2334.639702655528,498.2099676592189,6151.492694334127,611.5742240063132,0.6538,26.887063882931727,1.033732962343105,0.644911716349947,-74.48605757098042,1.753960592243366,2016,2.6,-298_7
0,78.94977469721448,0.0,19292.736167637544,7509.563334242851,0.8236833333333334,25.549288672443826,0.6501728922247145,1.1820465251521777,-71.96179162260457,2.5265117365861545,2017,-0.2,-288_10
0,296.57580242030235,1494.8772838430586,32917.15415357087,2838.9186597402195,0.8346,26.293197237425943,0.7816787004604637,0.4756766708887358,-75.25860871532322,0.9185273780122108,2007,0.7,-302_3
1,2680.560471833171,1113.9708675499553,27190.754150004144,1486.6118124387324,0.6047333333333333,25.64869654919636,0.8093373977258564,1.2968386362679711,-74.08630726954723,1.9515899547496605,2005,0.6,-297_7
0,27.62628569550517,0.0,2825.96422838071,3947.404560671594,0.7070500000000001,25.894097272420765,0.9183827167928228,0.65978561217452,-74.17164722153859,2.337865526921054,2019,0.9,-297_9
1,429.8249771989276,0.0,17425.047317776836,495.4223556814883,0.70355,26.296940947869587,1.1443477242173454,1.158820844142252,-74.44114180677445,2.288458186294481,2004,0.4,-298_9
1,8535.276106215584,996.4764171820626,27662.67634799214,951.8810456758592,0.7004333333333334,26.2144393262721,0.9857803637329082,1.4659384390695245,-74.19410510364158,1.5203986183722902,2008,-1.6,-297_6
0,581.680404528314,704.3559558206348,40620.26988252644,2216.091903396555,0.5605166666666668,26.956821623693315,1.191738416517161,1.619941578998441,-72.24476093710221,2.6971916405688634,2022,-0.8,-289_10
0,9455.008589999596,3891.055811489344,21604.864363717872,3799.888381085793,0.8373666666666666,24.556044366282837,0.730923649930394,1.3028855145204223,-73.73596430874062,1.8393005442347203,2001,-0.7,-295_7
0,61.156221632382085,498.32077394987255,24876.8654663174,6677.691429716651,0.74655,26.094235733356584,0.8104179407308401,0.9763607661220984,-74.12673145733262,0.2762319498667528,2004,0.4,-297_1
0,2723.07049505953,1575.6176368332517,8528.231217369494,211.47179798561683,0.8758833333333335,26.459802858302908,0.7640066301301003,0.7361635436875359,-74.09978199880904,1.3721765964925692,2024,1.9,-297_5
1,277.5628322742467,0.0,18535.999586447168,160.042899268048,0.5754666666666667,26.32624032734026,1.190651100476562,1.3049819268832918,-74.17164722153859,2.0908288237881862,2004,0.4,-297_8
1,2509.1334569984706,498.15581774179856,9755.14601333131,3338.674423241984,0.8362,25.09871099172221,0.6591150230223385,1.4059011817656994,-73.51587706413135,2.131253011573565,2017,-0.2,-295_8
1,4489.409478226612,2682.8552129680797,28178.1023643468,126.10712391829816,0.4874166666666667,26.15120812375551,1.0505570749350115,1.6635039805049552,-74.04139150534127,1.8752331555995008,2018,-0.8,-297_7
1,6506.140326343178,1796.2379609895788,33389.43636346367,2644.6890919622147,0.6508833333333334,25.9805836664367,1.0332262335706204,1.4920518096227031,-74.1761387979592,1.9246404962260748,2006,-0.9,-297_7
1,240.4662273539259,0.0,3840.73198796204,2054.3000957021404,0.7285333333333334,27.43273673045354,1.4032468302954737,1.553720304920785,-73.74045588516123,2.3333739505004574,2007,0.7,-295_9
1,250.804749298982,0.0,29963.235823250478,6383.353360614146,0.7078166666666668,25.87984141253594,0.7328992130732538,0.9847718655593972,-74.36927658404488,0.6939485569823304,2018,-0.8,-298_2
1,208.61150532282505,0.0,23903.345406580556,767.3661121283425,0.6989166666666667,26.388760483802685,1.1852275951454432,1.2519345149853038,-74.25698717352995,2.095320400208784,2004,0.4,-298_8
1,1558.93564841107,0.0,33943.881994192205,315.4105485869936,0.6747500000000001,26.029016427754527,0.9080280823806056,1.4527974150159109,-74.31537766699772,1.5608228061576688,2011,-1.3,-298_6
1,27.410589404174843,498.1201536778049,12938.421823348312,1161.9066809754297,0.7490333333333333,25.9449891384711,1.1127269783447098,1.1169714930307526,-74.48156599455983,2.34684867976225,2004,0.4,-298_9
0,1202.619154025382,704.4131200865016,7063.665720902305,4248.023701544556,0.8039166666666667,25.849566725402155,1.0917615488033463,1.0810278159247262,-74.31088609057711,2.486087548800776,2004,0.4,-298_9
0,2841.959965781258,2682.729382084596,3085.775788958513,9644.273092443991,0.7608166666666667,26.28458828825984,1.0843419802419227,1.5036164493400577,-73.0307868107068,2.036929906741015,2022,-0.8,-293_8
1,1135.0335751065302,0.0,5936.374553096077,907.933348356166,0.6377333333333334,25.87986522240942,0.790314278828629,1.224920812278716,-72.63103650927361,2.4007475968094214,2002,-0.1,-291_9
0,287.4084942015322,498.24705217391903,39435.73345737156,768.0725550885568,0.7301166666666667,25.79899029543759,0.7719902911856741,1.1436769984203676,-74.58487225223358,1.4395502428015332,2009,-0.8,-299_5
0,72.0230811430857,704.388165360549,2568.3037694152003,17.967412280817143,0.4164333333333333,26.536404338181853,1.0989445203953525,1.4358932356015668,-72.72086803768556,2.580410653633326,2004,0.4,-291_10
1,193.0331934938923,0.0,10288.229489202942,610.2609051162793,0.7023833333333334,26.429434023963097,1.030382766588846,0.9328263847049928,-74.84089210820764,1.7584521686639634,2018,-0.8,-300_7
0,19.30645489935721,0.0,27470.458577968977,975.0113052565758,0.7045333333333333,26.61819692046231,1.037019921185235,0.9317728212090198,-74.57139752297178,1.0622578234713342,2022,-0.8,-299_4
0,391.8957279755783,498.0919844767631,14265.15948660916,1841.9517629417,0.8207166666666666,26.79050879217209,1.0936021406640226,1.3958183238970363,-72.08306418596071,2.5040538544831663,2022,-0.8,-289_10
0,770.4770191902601,3593.4625537216884,11138.011639777284,9228.820513807716,0.8003333333333333,25.678761928458755,0.5250921005377576,0.619834151261153,-74.58936382865417,-0.0067373646308964,2014,-0.3,-299_-1
0,2757.94380192685,0.0,5303.038432486896,2477.228674224495,0.8519,25.85649684035837,0.8166031338524021,1.0678245617152704,-73.87969475419975,1.5967554175224494,2003,0.9,-296_6
0,5963.44151379831,498.2645507157819,17440.242923807626,9737.06554046721,0.8247166666666667,26.59776706712057,1.102208956977942,1.3017516242342886,-74.33334397268011,1.2643787623982266,2004,0.4,-298_5
0,279.79786443466134,498.2902643038493,53636.932540006346,279.2804714173058,0.7680666666666668,25.906288127123617,0.8480192421318425,0.897773052111944,-74.97114782440497,0.949968412956394,2004,0.4,-300_3
0,3478.958925018883,498.2475382528247,15516.4820188488,799.8493387398415,0.61305,25.72572689222426,0.7863169644265963,1.440096986992579,-74.10876515165023,1.4350586663809357,2011,-1.3,-297_5
0,250.804749298982,0.0,29963.235823250478,6383.353360614146,0.8437666666666667,25.59187563287253,0.6487074394617832,1.0354180063687777,-74.36927658404488,0.6939485569823304,2006,-0.9,-298_2
1,2884.345062099495,0.0,19790.443112443125,2780.495638968558,0.4255833333333333,27.05304621956742,1.362058123796503,1.771900718369537,-73.97850943545289,1.9201489198054773,2022,-0.8,-296_7
0,4015.8518294337086,0.0,15529.40238967014,7420.032292977516,0.8539833333333334,25.721758523014277,0.7176552806431992,1.2630413444010768,-74.40071761898908,1.1925135396686648,2017,-0.2,-298_4
1,241.13229850382743,0.0,1907.5894225370664,363.8056106419398,0.7689833333333334,25.84863083131853,1.2642840770417203,1.2519575229871,-73.94257682408812,2.378289714706433,2014,-0.3,-296_9
1,794.1952170250413,0.0,17421.496251751927,682.533605320209,0.6632666666666668,26.17247385697584,1.1042046256060465,1.198359992924938,-74.45461653603624,1.978539413273246,2004,0.4,-298_7
0,290.7714311188479,0.0,35874.51485779653,1.5843993849723852,0.7433333333333333,26.667716769176025,0.971518417317653,0.6506106788782738,-74.86334999031062,1.3317524087071906,2007,0.7,-300_5
1,2884.345062099495,0.0,19790.443112443125,2780.495638968558,0.52625,25.355228752608923,0.7584499547098097,1.701880397287424,-73.97850943545289,1.9201489198054773,2017,-0.2,-296_7
1,4589.215844972133,1494.7382870840634,21856.031328725538,1300.7766395201045,0.46195,26.614053760331046,1.1336294231228752,1.3819079675350252,-74.20757983290338,1.4485333956427284,2004,0.4,-297_5
0,327.7420832011688,0.0,5400.206083260563,612.1838538503931,0.7964833333333333,26.817314812200777,1.2013732670621475,1.305514122947499,-72.81968271893871,2.2974413391356765,2007,0.7,-292_9
1,3.730570609211392,0.0,46865.47597801095,2366.369131281992,0.7073666666666667,26.095049112999103,0.9198722640354005,0.9274890338306406,-74.94868994230198,1.053274670630139,2004,0.4,-300_4
0,483.7299735086599,0.0,30612.19063317233,285.6203612302317,0.7193,25.56837650392833,1.197711307262299,0.6433229378402877,-74.84538368462823,2.2076098107237243,2006,-0.9,-300_8
1,80.36792602629193,0.0,33175.01047070992,2956.266228618013,0.7244166666666667,26.02942745479271,0.7852522306675721,0.9844096408075989,-74.59385540507476,0.927510530853406,2018,-0.8,-299_3
1,285.4881326050943,0.0,42428.4381439558,443.4628507450629,0.7337333333333333,26.46821331345484,1.0522465508796948,0.9163058308904491,-74.5399564880276,1.4215839371191428,2007,0.7,-299_5
1,9418.26066180454,1114.0181705766745,20524.081185438983,1354.4628847411625,0.5812,26.94068164205453,1.0508568468538395,1.2377142588967769,-73.87969475419975,1.798876356449342,2016,2.6,-296_7
1,5156.063946442264,0.0,34794.097674497905,2177.5062848684524,0.58075,27.33986404465827,1.3723819654979288,1.4299614877384148,-74.25249559710934,1.5608228061576688,2022,-0.8,-298_6
1,911.0588330314564,1114.0005329891003,35239.68136478966,1354.7012407895727,0.5535666666666668,26.31046769136782,1.1633135515170223,1.440932074571341,-74.1761387979592,1.8572668499171108,2018,-0.8,-297_7
1,3252.6063691472027,1796.4012462420526,10576.977627991968,1202.501599378537,0.5862833333333334,25.761167591093056,0.682778730042286,1.3998140807608983,-73.9695262826117,1.5742975354194615,2005,0.6,-296_6
0,9300.238101831905,704.5505437866045,22106.82410711515,5900.4659268101805,0.8104833333333333,25.790190705408293,0.9107856397127944,1.8379447724118083,-73.75393061442301,1.8842163084406964,2011,-1.3,-296_7
1,201.48683941785904,0.0,183.6525712407552,1071.5209276036828,0.8276333333333334,25.13651075465708,0.6233947095585507,1.2894581245722403,-72.92298897661246,2.014472024638027,2017,-0.2,-292_8
0,830.0965964891308,0.0,12621.938115514353,358.1667585258866,0.5907833333333333,27.001756178948256,1.3189130655473809,0.69154005642315,-74.7330942741133,1.9650646840114532,2007,0.7,-299_7
0,272.83143797336885,0.0,5481.960588329311,4219.002571338637,0.8590833333333334,27.280263472165014,1.4447901643590275,1.193621449996078,-74.09978199880904,2.324390797659262,2007,0.7,-297_9
0,1833.6706867318524,0.0,26911.52982659493,957.260590889562,0.7243666666666667,24.862461925248795,0.9105043501779444,0.9092043416249772,-74.61631328717776,2.261508727770896,2018,-0.8,-299_9
1,219.5156587107236,498.1435849732485,9515.211242645672,26.674573578951243,0.67955,26.35316570529068,1.0886692632775208,1.1944224463783906,-74.1851219508004,2.2076098107237243,2018,-0.8,-297_8
0,34.485558180092895,704.4142957095632,19567.94810563365,1167.2457931403037,0.7253833333333334,26.45513379374836,1.0219853404409824,1.3876885329826705,-72.43340714676732,2.481595972380178,2018,-0.8,-290_9
1,9213.085057229331,2682.9110326984382,18006.878922411765,1618.0501652660969,0.4411833333333333,26.087208952124968,0.8773511642680103,1.3109601361644945,-73.798846378629,1.798876356449342,2013,-0.3,-296_7
0,266.56534193281675,498.2567579822676,24484.413982893515,1248.0097410719102,0.75415,26.18052485378604,0.8452022472391308,0.9418587995013604,-74.32436081983892,1.3452271379689835,2014,-0.3,-298_5
1,128.32247444257214,0.0,8781.197293598005,660.4393692516483,0.7767166666666667,25.84129568214786,0.9639160082081916,1.4899303837224795,-73.0442615399686,2.257017151350298,2008,-1.6,-293_9
0,54.39798257670102,1574.9448403039391,43969.172414039735,221.79469817244092,0.76215,25.80977590612673,0.7291715996878224,1.409035915186826,-71.97077477544576,2.7645652868778274,2017,-0.2,-288_11
1,37.36778853689937,0.0,14532.593982772256,604.429772014565,0.6667666666666667,26.7561406831893,1.0803489274352918,1.4376307781174986,-72.50078079307629,2.5714275007921303,2018,-0.8,-291_10
0,8.275125810977345,0.0,28797.3772977302,1363.4936927051044,0.78615,27.21661314854424,1.2682129376054403,1.3471361609974597,-72.35705034761716,2.535494889427349,2007,0.7,-290_10
1,95.42280381278076,0.0,6107.2344738171005,1300.4551883688437,0.7640666666666668,26.38222531510576,1.0349738080418247,1.4181373719330983,-73.33172243088684,2.2749834570326883,2018,-0.8,-294_9
1,288.7870149352465,0.0,15499.128670480057,111.94499552686058,0.6662666666666667,25.896966066863456,0.8750729860403181,1.109315916449764,-74.29741136131533,2.2165929635649197,2002,-0.1,-298_8
1,195.1957999052157,0.0,2012.101602796621,604.8561312785913,0.7467833333333334,24.57712062800539,0.8821405782242997,0.9281597188084846,-74.49953230024222,2.463629666697788,2002,-0.1,-298_9
1,3745.147952201987,4725.52318532033,5124.924374746386,6922.684560754448,0.6839500000000001,25.16186573409044,1.0427593091251346,1.267057127891514,-73.87071160135855,2.382781291127031,2004,0.4,-296_9
0,221.8841682850205,0.0,40981.5713959319,1231.1687145013502,0.6764,25.49558198521584,0.5987460517527051,1.0550490817500415,-74.68817850990732,0.9993757535829676,2017,-0.2,-299_3
1,327.1967630960024,498.1536848704424,9041.88150924582,961.359482041969,0.6548833333333334,26.61199578848243,0.9768695099959592,1.2317755472498575,-73.89316948346155,2.1447277408353576,2013,-0.3,-296_8
1,88.70261956489873,498.06638613743047,31931.530223098514,623.831651470658,0.5451666666666667,26.68747270469845,1.1073294546014687,1.419762139036191,-72.18637044363444,2.6388011471010944,2014,-0.3,-289_10
0,182.57612357439191,0.0,37858.01821701019,3319.850197732639,0.78005,25.67600632675675,0.7780675847430719,1.1287564579168945,-74.49504072382162,1.4620081249045214,2012,-0.7,-298_5
0,2483.492074019847,0.0,13315.485792467513,139.15720398440607,0.8361000000000001,26.161100271307703,1.0610629598214536,1.4644876591200815,-73.46646972350477,2.2121013871443216,2004,0.4,-294_8
0,2694.768050574898,0.0,10021.659792577198,1175.179944420481,0.7027,25.855653516610232,0.7641293301921547,0.9879949589849124,-74.60733013433656,1.798876356449342,2002,-0.1,-299_7
0,215.614512864914,0.0,52556.410948656856,3819.9937049000346,0.8219166666666666,26.17434032296626,0.803924013876463,0.8919417176467835,-74.84987526104884,1.1026820112567126,2018,-0.8,-300_4
0,759.0609183496065,0.0,33113.477620964855,1941.7995071785203,0.60595,25.7648134831216,0.684910920518582,0.9058103577262396,-74.78699319116046,1.3676850200719717,2009,-0.8,-300_5
1,2884.345062099495,0.0,19790.443112443125,2780.495638968558,0.5187833333333334,25.63034428334271,0.8485997262733188,1.9440480848006083,-73.97850943545289,1.9201489198054773,2009,-0.8,-296_7
0,1227.785409854736,0.0,12019.569570236412,509.2541155243326,0.7872833333333333,25.89870565036477,0.993009213425374,1.5336952351383388,-74.05935781102366,2.086337247367589,2011,-1.3,-297_8
0,108.4479825880547,996.148426440558,25854.21835771815,167.3109540309397,0.60165,26.709134627926744,1.0196479008223445,1.1374488308684907,-72.40196611182314,2.598376959315716,2003,0.9,-290_10
1,4063.390032526573,1114.03910389178,33802.37978902037,2029.8724766376645,0.5571333333333334,26.122928579489667,0.9012034104752552,1.0650911167361845,-74.12223988091202,1.7270111337197802,2003,0.9,-297_6
0,207.09536345372496,0.0,6941.870509080472,1357.3895171075535,0.5557833333333333,26.745408824963647,0.776134567562865,0.6241708629777748,-74.80495949684286,1.6416711817284255,2010,1.5,-300_6
0,48.600606670260966,0.0,6572.628596294283,548.7096394452335,0.67745,26.94823398717051,1.2141049432123745,1.3733440063052953,-72.98587104650083,2.3737981382858355,2014,-0.3,-292_9
0,9502.82734085824,2054.4704229435865,1181.0436111668876,4347.010795991153,0.8316833333333334,25.82829463649153,0.7489986333489499,0.951427342431173,-74.28842820847413,1.0577662470507363,2021,-0.9,-298_4
0,202.5291184411157,1113.9023464828504,695.5630423993007,1361.8015157700772,0.8516833333333335,25.44530611130989,0.6194021932899534,1.0591461547775125,-72.17289571437266,2.153710893676553,2017,-0.2,-289_8
0,5422.100066469698,1575.5381025224367,31104.34914786544,2354.791492809476,0.71235,26.463387634494158,1.050693213255691,1.4448152808454529,-74.1536809158562,1.6012469939430471,2018,-0.8,-297_6
1,1263.2772824911506,0.0,35138.76299808545,1187.6815731450706,0.7915166666666668,25.76262634070298,0.7115933955761857,1.068087019006938,-74.40970077183027,1.5024323126898995,2005,0.6,-298_6
1,288.7445348995112,498.1346925029414,11536.85852613813,775.8384313797196,0.7425,26.25390482134412,1.022693107184939,1.1193498565817437,-74.28842820847413,2.261508727770896,2018,-0.8,-298_9
0,3247.700103314742,2113.4689272023847,7260.541457723379,274.90206991414,0.5396833333333333,26.56240581540777,1.0824238353298627,1.477321991355624,-73.84825371925557,2.1716771993589434,2018,-0.8,-296_8
0,3224.33523587238,996.646282539598,2788.673866565594,3884.90379153278,0.6869000000000001,25.623298253783616,0.5129280872194046,0.580397048283099,-74.68817850990732,0.1100436223046413,2014,-0.3,-299_0
1,1883.9417176209229,0.0,31188.36878142823,373.704981807437,0.7367833333333333,25.825564281817208,0.8559803221903189,1.296254184027004,-74.39173446614788,1.5473480768958758,2011,-1.3,-298_6
0,334.4945287213911,0.0,13246.91265539102,850.4869970619218,0.7382500000000001,26.399334066315816,0.970500295657875,1.34759418235948,-72.56815443938525,2.2345592692473097,2018,-0.8,-291_8
1,1973.4319327072892,0.0,19325.50274891302,122.32547143837036,0.7097166666666668,26.656370386757487,1.171843000558744,0.999327214085442,-74.3513102783625,1.7090448280373898,2007,0.7,-298_6
0,287.4867385412029,0.0,38824.147952196894,1168.5410624350934,0.6436166666666667,27.074545189251523,1.2146510481478827,1.028373544141254,-74.63877116928074,1.3901429021749596,2022,-0.8,-299_5
1,87.90911520388485,498.1339396939341,7926.757502400978,408.1163333892324,0.8198500000000001,26.05351798901853,0.7412060980287939,1.334831593756416,-73.64613278032867,2.266000304191493,2005,0.6,-295_9
1,221.34910363436936,0.0,22478.53823970941,3253.942818930648,0.66625,26.364643439865688,0.9428707491032638,1.2472674301322462,-74.31986924341831,1.327260832286593,2018,-0.8,-298_5
1,4063.390032526573,1114.03910389178,33802.37978902037,2029.8724766376645,0.4216,26.59840033609805,1.191186936865593,1.6195808658369744,-74.12223988091202,1.7270111337197802,2004,0.4,-297_6
1,4286.373024730163,1796.5531537850472,1455.455616107983,2217.796396605835,0.7458333333333333,24.63952714668073,0.6466119277479523,1.0243523347030636,-74.22554613858577,1.156580928303884,2001,-0.7,-297_4
0,136.21137652388796,0.0,7145.405583808297,321.4512334354927,0.5677833333333333,26.46644421418216,1.0544868972542487,1.371288081058876,-72.57264601580584,2.310916068397469,2004,0.4,-291_9
1,769.0732995447883,0.0,17562.431721552402,2024.3930186854093,0.7047333333333333,26.13764460635213,1.1669434971128707,1.4897252033875197,-74.06834096386486,2.036929906741015,2004,0.4,-297_8
1,164.61626595303787,0.0,18134.428372917904,513.4134132180768,0.7772666666666668,26.40820916068901,1.1542576497886208,1.3507648799390088,-72.91849740019187,2.221084539985517,2007,0.7,-292_8
0,267.85015731511106,0.0,14455.981814140468,170.78039739414947,0.7247,22.833050475533184,1.216575545247557,0.694447307751955,-74.95318151872257,2.0998119766293817,2007,0.7,-300_8
0,210.2233688265792,498.1730372069528,27065.53215492781,1132.2106149020892,0.8541333333333334,25.961880209894048,0.9876724421627472,0.7955086994849943,-74.3468187019419,2.0189636010586245,2003,0.9,-298_8
1,6980.519238337871,6992.814447032396,22293.06311446671,5044.527959734779,0.4855833333333333,26.09116898007335,0.9907637808071944,1.744783208190011,-74.00995047039709,1.6955700987755968,2008,-1.6,-297_6
0,8763.933050454787,1575.46714302457,29066.468136277,5049.283209277878,0.5497333333333333,26.211695075486773,0.910952812870864,1.3937653628080662,-74.01444204681768,1.7809100507669515,2013,-0.3,-297_7
1,272.0626872140264,0.0,16151.519725874992,29.919681997200318,0.7555333333333334,26.052443209050978,1.0300816220343474,1.5722555450323206,-73.71350642663764,2.014472024638027,2018,-0.8,-295_8
0,53.91858459471574,2227.304214179105,44280.15802785899,172.03364984034638,0.5764,26.54967106225212,1.0765271706158772,1.5559344443378933,-71.97975792828696,2.769056863298425,2004,0.4,-288_11
0,2392.915418048794,0.0,31048.064729795817,475.2892758614264,0.6212666666666667,25.53238360785366,1.3594399093285,0.6452856797690719,-74.66572062780433,2.2525255749297,2007,0.7,-299_9
1,280.5060288496375,498.187417670298,30716.985389563804,2218.2848809936145,0.5646833333333333,25.9805836664367,1.0332262335706204,1.4920518096227031,-74.23452929142697,1.9201489198054773,2006,-0.9,-297_7
0,4286.373024730163,1796.5531537850472,1455.455616107983,2217.796396605835,0.7109333333333333,25.38657926001798,0.6065825486564581,0.6700255847892853,-74.22554613858577,1.156580928303884,2019,0.9,-297_4
1,1286.4552398615965,498.166262406438,12339.600159388534,731.5879458850718,0.7507166666666667,27.10634302875661,1.335429796096714,1.522167091784793,-73.74045588516123,2.063879365264601,2007,0.7,-295_8
1,75.30888131093371,498.2283612963036,23060.458763617848,725.0765308202956,0.8355,25.987069987811253,0.9216888594765996,1.2969433176969083,-74.44563338319504,1.6057385703636446,2006,-0.9,-298_6
0,205.01493192596132,0.0,29033.902521357973,180.375496427212,0.7634333333333333,25.760558590202947,0.7439196454036261,0.8981604560500075,-74.99809728292855,1.3317524087071906,2011,-1.3,-300_5
0,659.710089380339,704.4772441321295,1654.364520484003,1118.70671761631,0.6765166666666668,26.16140014347644,0.7992600749752113,1.256141324549317,-73.85274529567616,2.2255761164061147,2005,0.6,-296_8
1,1265.6948920662187,5389.152177059023,15671.46270579208,1305.578253558567,0.5456666666666667,25.20402957781488,0.5510638662956818,1.0547699290938095,-74.00096731755589,1.61472172320484,2015,0.7,-297_6
1,4760.72358942951,2682.8485415459068,22138.0609221976,4388.715759234775,0.528,26.298309022495403,1.153680757830616,1.7334045371955502,-73.9650347061911,1.8842163084406964,2004,0.4,-296_7
1,727.4651560122078,498.16420799270594,16511.483874034086,870.7005245872251,0.7502166666666668,26.77494128779512,1.267856819528217,0.8629274313454962,-74.61182171075716,2.077354094526393,2007,0.7,-299_8
1,842.4200833631762,0.0,5688.039893922589,1702.4435739428184,0.6635833333333333,26.77040691190172,1.2718125579960833,1.5375355510874111,-73.45748657066358,2.12226985873237,2022,-0.8,-294_8
1,263.93887692369145,0.0,15069.738990377204,371.5027824989204,0.7395833333333334,25.93648413068752,0.9731075601602486,1.7500283758149973,-73.9740178590323,1.978539413273246,2011,-1.3,-296_7
1,8269.297194834653,1114.174968025669,1776.1791145072937,4923.046332018451,0.6195333333333334,24.63952714668073,0.6466119277479523,1.0243523347030636,-74.18961352722098,1.156580928303884,2001,-0.7,-297_4
1,206.7119302000553,0.0,26303.92874733409,1536.8621848936264,0.82145,25.82794205215856,0.6623406778208767,0.8531326253129183,-74.66122905138373,1.5383649240546806,2005,0.6,-299_6
1,176.04746973410695,0.0,22587.09921449957,401.1715606026228,0.68165,26.388760483802685,1.1852275951454432,1.2519345149853038,-74.30639451415652,2.1402361644147603,2004,0.4,-298_8
1,210.85482864483063,0.0,20978.247317419016,780.599391101646,0.6152000000000001,26.656023864580103,1.2470254923631712,1.0125020973327523,-74.3558018547831,1.9515899547496605,2007,0.7,-298_7
0,659.710089380339,704.4772441321295,1654.364520484003,1118.70671761631,0.7137833333333333,27.460287533011467,1.399197748031603,1.500948015287011,-73.85274529567616,2.2255761164061147,2022,-0.8,-296_8
1,3836.447048183352,2904.8956198975548,16192.731341793877,3272.28584907456,0.6207666666666667,25.967850919412,0.9448334603138502,1.9027022341203417,-73.94257682408812,1.93362364906727,2011,-1.3,-296_7
0,255.35231423908505,498.0952939699391,191.87143205886463,1962.118865148188,0.7394166666666667,24.676969584989024,1.029439087874141,1.2874362238719284,-73.92910209482632,2.486087548800776,2018,-0.8,-296_9
0,1129.951683504539,2053.476838194188,44370.449440098906,2140.568882444325,0.5905833333333333,26.80916995206252,1.1003208450445303,1.659896554199034,-72.16840413795207,2.7645652868778274,2018,-0.8,-289_11
0,51.383608878945125,0.0,34855.11917893642,591.6821706037493,0.657,25.991813953778603,0.842013207716484,1.0407347396389433,-74.63427959286015,1.1071735876773103,2018,-0.8,-299_4
1,427.2822273793667,0.0,34589.351287836216,1795.3549632819452,0.8234166666666667,25.36837925244401,0.5453846493185589,0.8205585314932448,-72.00221581038996,2.6837169113070707,2015,0.7,-289_10
1,185.45267728381685,0.0,32994.920629107364,758.1788714718682,0.6385500000000001,25.74613983439474,0.6208281514499191,0.7127379680380037,-74.32436081983892,0.6086086049909758,2014,-0.3,-298_2
0,7188.70757347412,498.1886878984709,16183.798474776946,1428.5941431450103,0.8008666666666667,26.60732085623016,1.1665464994842842,1.4844253682287103,-73.88418633062035,1.911165766964282,2014,-0.3,-296_7
0,186.92949681165163,0.0,41425.07550661373,1020.2476205120872,0.6607833333333334,26.52239267693011,0.6914813582560749,0.547323958307773,-74.76453530905748,1.2958197973424097,2010,1.5,-300_5
0,110.2969817700927,498.090321879476,21441.19452972932,995.3087485997823,0.7802666666666668,27.19582925587514,1.2305364052834566,1.3097243163654388,-72.20433674931684,2.5130370073243613,2007,0.7,-289_10
1,3266.9345998806584,2227.8549801322347,7579.664974788683,54.95794001551724,0.53635,26.580443251499844,1.1510299211824515,1.4966485343652665,-73.92910209482632,2.0818456709469912,2004,0.4,-296_8
1,214.36338139229196,0.0,39017.04437215498,629.446060541462,0.6786333333333333,25.867885703767055,0.7381426694527148,1.0074011164206038,-74.7286026976927,1.3317524087071906,2006,-0.9,-299_5
1,215.6241907063216,0.0,37955.6007772828,2492.9657182173946,0.7011833333333334,26.119059691255814,0.9745204825917468,1.1333435165682726,-74.51749860592462,1.3587018672307762,2018,-0.8,-299_5
0,399.0778338511695,0.0,27073.919665839163,308.500156381655,0.7986833333333333,26.817022564004677,1.0472084215596695,1.2172681566761614,-72.42442399392613,2.66575060562468,2003,0.9,-290_10
1,36.18270665513425,0.0,185.317774977204,498.9991501687063,0.8342833333333335,24.461957563477483,0.800362913157547,0.8806971671638372,-74.34232712552131,2.427697055333007,2001,-0.7,-298_9
0,2464.6900840755675,1113.793244109965,957.4996695396824,1286.294550962593,0.7669166666666667,25.14325123951488,1.030122977576834,1.4162991528391922,-73.75393061442301,2.4411717845948,2018,-0.8,-296_9
1,285.4881326050943,0.0,42428.4381439558,443.4628507450629,0.5972000000000001,26.19741953489904,0.788382858233225,0.6105131382675456,-74.5399564880276,1.4215839371191428,2010,1.5,-299_5
1,173.1173814676154,0.0,15174.664860672394,138.8137153317967,0.6214333333333333,26.53270903468689,1.041603668136622,0.8013020512237682,-74.76004373263689,1.9560815311702584,2009,-0.8,-300_7
0,427.60808738712245,498.2757143389591,50184.02115772377,2379.7562548494066,0.6213666666666667,26.3426724005447,0.960020500553644,0.9661121124628304,-74.76902688547807,1.1386146226214937,2004,0.4,-300_4
0,2102.7108194568923,498.323533209099,5378.611886932417,1636.1749038706655,0.5027166666666667,26.3964929734625,0.5641741388336334,0.3948223788763528,-74.64775432212194,-0.0426699759956772,2016,2.6,-299_-1
0,878.2917499171933,0.0,27344.505169004715,160.90185191389432,0.6970500000000001,26.939730717375312,1.191430767077924,1.118086842122447,-74.53546491160701,1.1970051160892623,2022,-0.8,-299_4
1,236.15424069552552,0.0,15495.643150017611,656.5135580153591,0.67815,26.686784552014103,1.1326564764221896,1.3433520664756184,-72.8376490246211,2.131253011573565,2007,0.7,-292_8
0,695.8129548514579,0.0,6128.517417037769,745.6814873910059,0.6387833333333334,26.17418336633733,0.8975429399016267,0.9740380615065,-72.96341316439783,2.0998119766293817,2016,2.6,-292_8
1,48.600606670260966,0.0,6572.628596294283,548.7096394452335,0.70375,26.231859096309734,1.0198934964118842,1.482434553271703,-72.98587104650083,2.3737981382858355,2008,-1.6,-292_9
0,3529.768964302897,4108.456233793905,1444.073522496015,7845.768451367461,0.8646666666666667,26.72725864235588,1.1599656915272023,1.336685978456965,-73.70901485021705,1.6461627581490232,2007,0.7,-295_6
0,447.34390568518535,498.06638613743047,37528.99774195436,297.92701637521645,0.6021833333333333,26.75955219278569,1.134320644143432,1.447657373298329,-72.280693548467,2.6388011471010944,2014,-0.3,-290_10
1,8970.798884879154,0.0,14470.947652025956,8821.162372319292,0.7033,27.00871550740186,1.1541782404166483,1.2086397787977343,-74.33334397268011,1.2284461510334457,2022,-0.8,-298_4
1,1378.434798772546,0.0,5408.507809160872,2693.9856962220624,0.7146166666666667,27.00394857731834,1.273201627908582,1.5117416830007626,-73.32723085446625,2.243542422088505,2022,-0.8,-294_8
1,9213.085057229331,2682.9110326984382,18006.878922411765,1618.0501652660969,0.5589500000000001,25.783715728509776,0.8906108038456236,1.8571687657045115,-73.798846378629,1.798876356449342,2011,-1.3,-296_7
1,289.36974505625426,0.0,34674.310376256646,1793.9762823332096,0.7539833333333333,26.304557012884004,0.9889251269203412,1.0084121614116583,-74.70165323916912,1.3901429021749596,2004,0.4,-299_5
1,218.97090246737787,498.27419346681,25438.32217090503,1263.168196700898,0.7343333333333334,26.695608569446847,0.8985719244052778,0.6978984950932157,-74.53546491160701,1.156580928303884,2016,2.6,-299_4
0,885.1983002513147,0.0,14904.197273419695,680.300491472195,0.7762166666666668,25.74771564325431,0.9409043855251472,1.1130621405507113,-74.45012495961565,2.315407644818067,2011,-1.3,-298_9
1,4271.917813463387,3626.37516588535,3339.7535186957857,3762.9482178941066,0.59665,27.074071744644414,1.3932754241071856,1.4535219494412075,-73.80782953147019,2.3423571033416524,2007,0.7,-296_9
1,4761.275057785057,4932.015564781807,30890.48810145677,7179.457149055511,0.6478,26.490932734235685,0.9062873697171,0.8029317347831445,-74.05037465818246,1.762943745084561,2024,1.9,-297_7
0,183.20753904812,0.0,10749.4196096284,876.6622391046188,0.7311666666666667,26.399334066315816,0.970500295657875,1.34759418235948,-72.60408705075002,2.2390508456679075,2018,-0.8,-291_8
0,124.7354611488161,0.0,13399.882999417365,410.0923454510586,0.72965,24.95894030787309,0.7525534221377893,1.154715151280685,-72.50976394591748,2.337865526921054,2001,-0.7,-291_9
0,6742.718293486411,6161.259551879388,5948.314909105571,6560.551309272015,0.7631,25.14325123951488,1.030122977576834,1.4162991528391922,-73.81232110789078,2.414222326071214,2018,-0.8,-296_9
1,84.97810395256319,3341.1308901328607,29505.882253527998,1681.799573408267,0.6635833333333333,26.74935628947333,0.9535676040747662,0.9679982628964682,-72.11450522090489,2.6388011471010944,2020,0.6,-289_10
1,750.365633834966,498.1696655006204,13417.212332076651,815.7077063989659,0.7008500000000001,27.169187019521985,1.3772245538415095,1.471971006074476,-73.9830010118735,2.0414214831616126,2007,0.7,-296_8
1,88.94606750322227,3591.4597223830865,40520.55703376087,770.6482006147668,0.4745166666666667,25.94277890513513,0.7987873946193959,1.3530595278190385,-72.0920473388019,2.7421074047748397,2002,-0.1,-289_10
1,2494.183597309823,2054.191328874942,37368.5065549581,24.10079676779479,0.5699000000000001,26.56929708986962,1.201902582614149,1.51776617309522,-74.167155645118,1.718027980878585,2004,0.4,-297_6
1,428.9170405611027,1992.194267635564,39057.78515889595,694.3733895460929,0.5808833333333333,26.47739261315553,1.0838160474653913,1.4552841314772529,-72.03814842175473,2.7286326755130466,2004,0.4,-289_10
0,151.16780167683245,0.0,44804.92800655508,391.4069233914886,0.6910000000000001,26.667716769176025,0.971518417317653,0.6506106788782738,-74.85885841389003,1.2509040331364338,2007,0.7,-300_5
0,108.2611978149912,0.0,20775.100941164903,1229.824689348034,0.7233333333333334,26.273285468401696,0.9803029859723628,0.8351498718336133,-75.12835299912588,1.2059882689304575,2004,0.4,-301_4
0,377.1312697732494,1409.2247425446376,6950.667826741171,1253.8952528801356,0.82345,25.989913425894827,0.9212099727127718,1.4552790234868933,-73.94257682408812,1.5383649240546806,2018,-0.8,-296_6
1,6980.519238337871,6992.814447032396,22293.06311446671,5044.527959734779,0.5127666666666667,26.6096072274114,0.8765861184027005,1.062014701897043,-74.00995047039709,1.6955700987755968,2010,1.5,-297_6
0,1212.2021403792492,0.0,19736.109207573398,166.38097469342927,0.6016,25.94275561954936,1.0330346786376148,1.3073168463915297,-74.39173446614788,1.6641290638314137,2008,-1.6,-298_6
1,1594.4159341678378,704.669337349086,2384.830144677117,1174.3178134972325,0.6455833333333333,26.237220590374815,0.7522659412084572,0.7637667663486886,-74.27944505563293,1.1296314697802985,2020,0.6,-298_4
0,807.0581952644662,498.3095015901262,43739.31697544376,3716.23979316483,0.7491833333333333,26.066150720398586,0.816384243398281,0.9367598805754386,-74.47707441813924,0.617591757832171,2004,0.4,-298_2
0,64.12802762453583,498.2022681602323,16176.507750844868,931.6808474885048,0.7230000000000001,26.43652635116308,1.1061994489234412,0.9347326554576966,-74.83640053178704,1.812351085711135,2004,0.4,-300_7
0,899.1351049529411,996.62931925566,12739.180733299328,4554.8408713832205,0.8223166666666667,25.89619483415493,0.7231821544225846,1.022363788135624,-74.10427357522963,0.491827618055438,2018,-0.8,-297_1
0,2078.9448668417945,1575.2958055552615,7611.774861217656,179.26753091460037,0.5416500000000001,26.56240581540777,1.0824238353298627,1.477321991355624,-73.81681268431139,2.153710893676553,2018,-0.8,-296_8
1,4489.409478226612,2682.8552129680797,28178.1023643468,126.10712391829816,0.48155,25.98746817511841,1.057884574188896,1.7869197611925565,-74.04139150534127,1.8752331555995008,2008,-1.6,-297_7
1,769.2478771596437,0.0,23094.99541435696,87.12781532597992,0.6413166666666668,26.0493065259908,0.7648846247812583,0.7821255132954953,-75.20021822185545,0.6625075220381471,2004,0.4,-301_2
0,784.1118461016581,498.2730332107087,15810.009458977634,3545.5481160541035,0.8662500000000001,25.9896163382777,0.8145579578329102,1.2394162459782434,-74.42766707751265,1.1700556575656769,2006,-0.9,-298_4
0,323.97074440332096,0.0,17415.142466519137,0.0246142836138017,0.5859500000000001,26.22265154989452,1.0747760347090844,0.927271798669452,-74.39173446614788,1.9426068019084648,2014,-0.3,-298_7
0,765.3227072617249,498.0412884490602,46396.73712709094,1487.125878252014,0.7949833333333334,27.221178486868496,1.2800628805332526,1.7408761479834312,-72.280693548467,2.7645652868778274,2014,-0.3,-290_11
0,2078.9448668417945,1575.2958055552615,7611.774861217656,179.26753091460037,0.5525666666666668,27.49844365444665,1.4011495262613525,1.4683536429531412,-73.81681268431139,2.153710893676553,2007,0.7,-296_8
1,75.15211523665488,498.1247961103723,5399.468732955799,604.054507062746,0.7150833333333333,26.372949971483763,1.0470640930568478,1.3971415857442555,-73.14307622122175,2.319899221238664,2018,-0.8,-293_9
1,284.90986738063884,0.0,12133.737877294168,3895.9666485654775,0.71635,26.4348839916575,0.979657008523064,0.7074063596453705,-75.15081088122888,1.3542102908101787,2006,-0.9,-301_5
0,1285.1224532775489,0.0,19508.25837745876,1017.0692934475752,0.75405,26.26820923682669,1.019611062153283,1.233365565388347,-74.44114180677445,1.6416711817284255,2018,-0.8,-298_6
1,215.8453147268505,498.2678590627736,37785.78816263224,1921.232116007409,0.7642,26.044426320970103,0.8908458860369349,1.0670353630885758,-74.62529644001896,1.2284461510334457,2018,-0.8,-299_4
1,8763.933050454787,1575.46714302457,29066.468136277,5049.283209277878,0.5248833333333334,26.02905391419193,1.01870610859953,1.8399303380348335,-74.01444204681768,1.7809100507669515,2008,-1.6,-297_7
1,9800.352534501628,2491.0203575794,24286.49655398251,1707.382883085667,0.7295333333333334,27.05056392764408,1.2684132795435064,1.6277607818309432,-73.93808524766752,1.798876356449342,2007,0.7,-296_7
0,220.47975479193136,0.0,61411.39545901598,2855.977974961715,0.7279166666666668,25.991505214637925,0.8573502557076078,0.9174134727274684,-74.903774178096,0.9140358015916132,2004,0.4,-300_3
0,782.0306247087343,1408.8965540450442,1422.4026144684449,3406.373384632657,0.8480000000000001,27.204169945929323,1.31892236769881,1.4511161725129007,-73.47994445276656,2.34684867976225,2007,0.7,-294_9
1,84.97810395256319,3341.1308901328607,29505.882253527998,1681.799573408267,0.6141166666666668,26.595207956004455,1.0708433712388186,1.378080927892477,-72.11450522090489,2.6388011471010944,2014,-0.3,-289_10
0,215.3904481545101,0.0,52066.62461057673,2895.915410215029,0.6698500000000001,26.625087517710483,0.931801339661014,0.7582109818055233,-74.84987526104884,1.1116651640979078,2022,-0.8,-300_4
1,1747.7543786607168,0.0,14536.91645969434,1237.6048207213855,0.5964666666666667,25.98707731056237,1.1082052082652445,1.036809292765714,-74.55792279370999,2.050404636002808,2004,0.4,-299_8
0,6.694350521743332,1795.800726695476,32233.04766773948,8952.05626358362,0.8748666666666667,25.513723355247865,0.7302725784784924,1.3927527099286998,-71.93484216408099,2.643292723521692,2011,-1.3,-288_10
1,279.3229212326163,0.0,28432.562687602185,176.64709934188764,0.6063500000000001,26.50826639174437,1.183591133992403,1.1695831889963546,-74.23452929142697,1.8168426621317324,2014,-0.3,-297_7
1,3944.053363404887,2054.3484330500023,13697.774963024482,2969.3898861172847,0.5631,26.31552004596853,0.9520342614728508,1.3304227904941903,-74.167155645118,1.385651325754362,2018,-0.8,-297_5
1,636.7102552284579,0.0,33975.28994376703,1169.545951178423,0.67715,26.23013501882673,1.0000216066586878,1.2192732323755775,-74.39173446614788,1.5203986183722902,2018,-0.8,-298_6
1,4824.123920464962,0.0,17037.7239775334,3541.7234993332345,0.6922833333333334,26.892298528293907,1.081271068135382,1.1624605914284396,-73.76291376726421,1.93362364906727,2016,2.6,-296_7
0,1624.5008021319695,498.3131388745434,43864.6740003851,7501.752105166332,0.8602166666666666,25.996221826845957,0.8071208004208965,0.9239823582442388,-74.5489396408688,0.5322518058408165,2004,0.4,-299_2
0,2236.287789953516,1409.4216455695578,47891.31278424754,8818.62846206185,0.7766333333333333,26.041160478781705,0.8226850162622013,0.8567539918180612,-74.84089210820764,0.6939485569823304,2004,0.4,-300_2
1,1286.9542688414278,0.0,34183.06730476219,83.55156124372732,0.7037333333333333,26.82259602519838,1.067361232631327,0.8125544408086073,-74.57588909939238,1.5024323126898995,2007,0.7,-299_6
1,3864.3844028872695,4285.856999335138,18738.39850856963,1977.9101048659409,0.5281833333333333,26.1948156563368,0.9671630053461184,1.481538058489816,-73.9919841647147,1.6686206402520112,2021,-0.9,-296_6
1,3172.516321050556,0.0,17186.482464396126,1664.8607892542325,0.6311333333333333,26.23399003448128,0.9239892072072856,1.0948861356602977,-73.74494746158182,1.947098378329063,2020,0.6,-295_7
1,5472.433958338304,2682.942784402045,12839.931394481364,653.8293416576133,0.633,25.390274231359456,0.7455278813679992,1.7736230517603786,-73.70003169737585,1.753960592243366,2009,-0.8,-295_7
1,370.237315484269,0.0,31017.89490704496,274.3271040062289,0.7311833333333333,26.196421681763525,0.953116205434258,1.0628901740945085,-74.59834698149537,1.5383649240546806,2008,-1.6,-299_6
1,3864.3844028872695,4285.856999335138,18738.39850856963,1977.9101048659409,0.4437333333333333,27.05884564420586,1.0642685264706082,1.1740180278454195,-73.9919841647147,1.6686206402520112,2016,2.6,-296_6
1,4765.045700263716,3592.5571150644214,36410.60948764742,2075.899143355615,0.5196666666666667,26.17910833368535,0.9546608248557976,1.2599201575808603,-74.11325672807082,1.843792120655318,2013,-0.3,-297_7
0,1090.0520211322953,498.0928157733255,4881.513296373009,1985.8374703819177,0.8523166666666666,25.790226160364625,1.073811619914812,1.1568727808188628,-73.97850943545289,2.4995622780625686,2004,0.4,-296_9
1,6695.8820051749335,2054.1430961291376,33245.83810084091,4082.997383320297,0.4687833333333333,26.416294543396305,1.1411093745169858,1.8040754278791613,-74.04139150534127,1.8078595092905367,2004,0.4,-297_7
0,157.53089830901482,498.3114770151296,48907.688073965735,4646.9311920645005,0.7596166666666667,26.066150720398586,0.816384243398281,0.9367598805754386,-74.49504072382162,0.572675993626195,2004,0.4,-298_2
1,73.6062550065434,0.0,20981.24821361505,328.7156577905534,0.7589333333333333,26.325600534869807,1.1255117652380322,1.388095154506764,-74.30190293773593,1.8033679328699397,2018,-0.8,-298_7
1,84.97810395256319,3341.1308901328607,29505.882253527998,1681.799573408267,0.5868833333333333,26.50291202587169,0.9331957755631092,1.1967410007054615,-72.11450522090489,2.6388011471010944,2013,-0.3,-289_10
1,1872.598671144209,1494.469570407842,6372.033947693201,1469.3491432433636,0.5829666666666667,26.44143587020625,0.9910118127069985,1.087652651644066,-73.84825371925557,2.126761435152967,2003,0.9,-296_8
0,1285.1224532775489,0.0,19508.25837745876,1017.0692934475752,0.7574500000000001,25.553681971681385,0.7730900322338335,1.1707089301504066,-74.44114180677445,1.6416711817284255,2002,-0.1,-298_6
0,574.7296365609832,0.0,5524.66128231028,631.4822343911953,0.8053333333333333,25.546820126273246,0.8743277218355981,1.017711715622456,-74.42317550109206,2.396256020388824,2002,-0.1,-298_9
1,1286.9542688414278,0.0,34183.06730476219,83.55156124372732,0.7147333333333333,26.55640531220968,1.0960860470314684,1.071020118950252,-74.57588909939238,1.5024323126898995,2004,0.4,-299_6
0,371.26858183241455,0.0,21568.00665549732,303.12137675348544,0.7804833333333333,26.45513379374836,1.0219853404409824,1.3876885329826705,-72.41544084108493,2.468121243118385,2018,-0.8,-290_9
0,9811.606313483802,4456.040422841786,20146.832078940908,3635.4482095653434,0.8421833333333334,26.789189613994665,1.2484705914677805,1.6447784934076417,-73.72698115589944,1.825825814972928,2022,-0.8,-295_7
1,280.5060288496375,498.187417670298,30716.985389563804,2218.2848809936145,0.5712333333333334,26.05122599052396,1.004865243946506,0.9248951079793084,-74.23452929142697,1.9201489198054773,2003,0.9,-297_7
0,301.9016318509605,0.0,3942.442974589109,498.384795536604,0.6671833333333334,25.79782462610808,0.8605104259169863,1.1870820584874104,-74.5489396408688,1.7943847800287442,2006,-0.9,-299_7
1,2252.6194088244665,704.5487696036379,31644.39388596336,215.7058341749641,0.4288166666666667,26.17668741877065,1.1796813733933662,1.539183202407493,-74.21656298574457,1.893199461281892,2008,-1.6,-297_7
0,332.9548237643488,0.0,5263.208233646741,253.2624536817241,0.6717666666666667,26.389541395850017,1.0499238056756688,1.3643747902876993,-72.6579859677972,2.261508727770896,2004,0.4,-291_9
1,911.0588330314564,1114.0005329891003,35239.68136478966,1354.7012407895727,0.5606833333333333,26.58745677242877,1.245407312818633,1.1428449978071324,-74.1761387979592,1.8572668499171108,2014,-0.3,-297_7
0,234.96229559249025,498.1586406457285,4134.047963989463,3097.396146340985,0.8721,26.31237687117249,1.1299643695714268,1.3602289056898351,-73.00832892860382,2.1132867058911744,2007,0.7,-293_8
0,799.8567009802915,498.1572291957631,4916.514781161241,3989.051852274256,0.83355,24.72469880689556,0.5189784679629051,0.8685190103632606,-73.0218036578656,2.12226985873237,2015,0.7,-293_8
0,374.0217256330321,996.3102240266333,4820.367978002398,1322.011651677255,0.8470500000000001,26.06146169248393,0.9799169159687556,1.397828452730641,-73.36316346583102,2.1357445879941626,2018,-0.8,-294_8
0,1987.6311248653096,0.0,19658.076751666955,243.60865317855567,0.6134666666666667,24.26064718541369,1.078269263210846,0.6238421222102615,-74.7286026976927,2.4097307496506164,2004,0.4,-299_9
1,265.5826343456879,0.0,13765.635147587938,61.77070537794085,0.6042666666666667,26.24881835567362,0.7182069039441519,0.7363341273780754,-74.19859668006218,1.3452271379689835,2010,1.5,-297_5
0,89.57275184096217,1575.018650683223,34646.825525192544,1352.831576164914,0.6442333333333333,26.448272917152224,1.027718372450639,1.4512054883920922,-72.22230305499923,2.64778429994229,2018,-0.8,-289_10
1,233.76848318712763,0.0,31882.722444733816,975.820684080353,0.6401833333333333,26.201534104762743,1.1867922015858772,1.3119577535559477,-74.28393663205354,2.0189636010586245,2004,0.4,-298_8
1,19.59580138356863,0.0,16428.363075858135,1083.7272689405515,0.5115833333333333,26.094427990374182,0.9635338456006856,1.0653632131955553,-74.60283855791596,1.6865869459344016,2008,-1.6,-299_6
1,781.768938679586,0.0,32621.246326939006,2343.671350802351,0.7444333333333334,25.84125774738061,0.8613701341478839,0.9442492848079872,-74.38724288972728,1.3946344785955571,2021,-0.9,-298_5
1,1287.0750307112696,0.0,32838.52774318083,2937.3971459421405,0.7681333333333333,26.26910151268237,0.8825109476162828,0.9529195397557686,-74.67470378064553,1.430567089960338,2018,-0.8,-299_5
0,416.800319383992,996.4599214218302,6529.03625823505,3994.585399439293,0.7712666666666668,26.206852451105703,0.7697573500175084,0.958724774770313,-73.91113578914393,1.592263841101852,2010,1.5,-296_6
1,84.97810395256319,3341.1308901328607,29505.882253527998,1681.799573408267,0.6606333333333333,26.252473403073225,1.0967812275755455,1.5746090712139835,-72.11450522090489,2.6388011471010944,2023,-0.5,-289_10
0,434.87408310304505,498.0611000419527,37628.73381812524,505.94732926927713,0.5908333333333333,26.12482106915189,0.9595703890944236,1.6211043683062445,-72.24476093710221,2.66575060562468,2008,-1.6,-289_10
0,370.237315484269,0.0,31017.89490704496,274.3271040062289,0.8536833333333335,25.74482576738427,0.7222331168128031,0.9797418464134836,-74.59834698149537,1.5383649240546806,2002,-0.1,-299_6
1,92.77717880554208,0.0,43617.302832092784,5359.36870001996,0.6742833333333333,25.578043276654512,0.6050152436345549,0.6883828042998449,-75.11038669344349,0.927510530853406,2021,-0.9,-301_3
1,926.316380846156,0.0,10662.461449299304,977.8133591510416,0.6106,25.72331855301508,0.7728190062070714,1.0374839381694247,-74.58936382865417,1.7449774394021706,2012,-0.7,-299_6
0,221.951801714576,0.0,21619.134258537044,1467.7348778907954,0.6814333333333333,27.062581861098465,1.4434453746109297,1.3944302998228768,-74.167155645118,2.0459130595822104,2022,-0.8,-297_8
0,216.58335147200364,0.0,33203.928499916976,1288.8343749073028,0.7398,25.792665624545293,0.7761523402320155,0.7916678923335625,-74.55343121728939,1.2643787623982266,2014,-0.3,-299_5
1,730.2565331792407,0.0,34301.23992177931,452.55271820054224,0.7201166666666667,25.54634835926379,0.7534671359967485,1.2967752094224605,-74.41419234825086,1.3946344785955571,2017,-0.2,-298_5
1,221.90794792130265,0.0,23325.899032001867,413.7259211136297,0.8193333333333335,26.789310613682066,1.0897449620430113,0.8014343443515953,-74.58038067581298,1.6057385703636446,2007,0.7,-299_6
0,1219.0152215002488,0.0,13511.31622777755,57.72340998161207,0.6678666666666667,27.222402060092293,1.2471623722285203,1.0151338679308342,-74.07732411670604,2.077354094526393,2016,2.6,-297_8
0,23.44955017087301,498.0602216348943,33193.74193334671,2572.8470158685795,0.82035,25.14849231420152,0.8258525357654963,1.3054575001448698,-71.99772423396935,2.670242182045278,2001,-0.7,-288_10
0,183.56014134401323,0.0,37982.96589372119,1596.1897351257337,0.7983,25.98122908371994,0.8575265210323012,1.2626121349278805,-74.5399564880276,1.4620081249045214,2009,-0.8,-299_5
0,226.92696431986897,0.0,23936.0271257318,4119.601201740423,0.8674666666666666,26.25487640989297,0.8229585559954112,0.7722132078664199,-74.27495347921234,0.6849654041411352,2007,0.7,-298_2
0,5002.952977954496,498.177020495727,172.00452034944126,4061.584226106253,0.8642166666666666,25.782693663830003,0.962495135286348,1.453903247365354,-73.45748657066358,1.992014142535039,2018,-0.8,-294_7
0,2814.4113271621777,498.2576517224798,4593.00030578787,607.0327956219079,0.8266333333333334,25.39479750375898,0.6687437164540335,1.3049667028016445,-74.09529042238843,1.3362439851277883,2017,-0.2,-297_5
1,348.2231942254376,0.0,35636.70995174593,274.5603648429017,0.5394833333333333,25.864942539574542,0.7709654589775196,0.8529116791346266,-74.39622604256847,1.5024323126898995,2013,-0.3,-298_6
0,813.0132976771753,498.2456096143748,13828.096722236382,3517.3025724135096,0.8454166666666666,25.909080393205727,0.7973912663658261,0.9992487245602628,-74.03240835250007,1.453024972063326,2003,0.9,-297_5
0,100.0967197753357,0.0,61790.33446902065,2799.9938744063884,0.8063833333333333,25.521121410822047,0.7041685215010213,0.8946356689637147,-74.903774178096,0.9095442251710156,2008,-1.6,-300_3
0,213.24066221021388,0.0,45838.65092868018,107.00170616738222,0.7025666666666668,25.76389739763664,0.7050428607995277,1.03193228205663,-74.67919535706612,1.2868366445012147,2011,-1.3,-299_5
1,148.60282745047195,1113.7619598123292,3176.7762792638223,2285.9267524644765,0.6726000000000001,27.06666398929809,1.2874842578051655,1.3638786533698777,-72.77027537831214,2.517528583744959,2007,0.7,-292_10
0,5323.971478683017,2989.3507865421216,24112.16488682428,1062.401329936086,0.6522166666666668,26.076357817710917,0.8404671809428829,1.0349588726208383,-74.07732411670604,1.6326880288872303,2003,0.9,-297_6
0,4081.077768317999,498.2111280621901,12118.44012305948,1487.5921579900073,0.5056833333333334,26.811503521206475,1.0133010396042008,1.0823279547425324,-73.80333795504959,1.7449774394021706,2016,2.6,-296_6
1,920.9552659932856,1113.6765197421555,37979.178778629575,220.67130200967568,0.4966666666666667,26.965755458398174,0.95544244719912,1.0465481735158917,-72.12348837374608,2.715157946251254,2010,1.5,-289_10
1,88.94606750322227,3591.4597223830865,40520.55703376087,770.6482006147668,0.5125666666666667,26.548818838907664,0.9354615863970964,1.2908145396813735,-72.0920473388019,2.7421074047748397,2013,-0.3,-289_10
1,84.97810395256319,3341.1308901328607,29505.882253527998,1681.799573408267,0.6461333333333333,25.626253932204804,0.7684082560711013,1.4677909880308018,-72.11450522090489,2.6388011471010944,2011,-1.3,-289_10
0,1405.2661449341786,0.0,28065.76107456393,491.2299027780829,0.5967166666666667,25.80259443270592,1.0060620017544737,1.540753863578907,-74.18063037437979,1.983030989693844,2012,-0.7,-297_7
0,198.88445034879908,0.0,9907.758885050178,276.2553952468164,0.7887333333333333,24.6754951361321,0.7841681852981922,1.0330963665724706,-74.53546491160701,1.983030989693844,2001,-0.7,-299_7
0,201.48683941785904,0.0,183.6525712407552,1071.5209276036828,0.8677333333333335,25.141070063542717,0.6248187849652022,1.5315480900899037,-72.92298897661246,2.014472024638027,2009,-0.8,-292_8
1,1405.2661449341786,0.0,28065.76107456393,491.2299027780829,0.5601,26.507473028469175,1.2371028964857729,1.0930685031325107,-74.18063037437979,1.983030989693844,2014,-0.3,-297_7
0,287.4084942015322,498.24705217391903,39435.73345737156,768.0725550885568,0.6615666666666667,27.074545189251523,1.2146510481478827,1.028373544141254,-74.58487225223358,1.4395502428015332,2022,-0.8,-299_5
0,6407.636676401453,0.0,29752.13150364374,228.4523705540979,0.6909666666666667,26.36806959175664,1.2709477746316988,0.8692254486534526,-74.64775432212194,2.194135081461931,2007,0.7,-299_8
1,259.0824730977294,498.1406365174397,2870.14418585568,2534.054121209272,0.8277,26.55401383059205,1.1427048811983498,1.5340513068310022,-73.93808524766752,2.2255761164061147,2008,-1.6,-296_8
1,2293.770382944771,0.0,30629.063530073425,56.48067107875031,0.5096666666666667,27.389331952547707,1.3524085638304522,1.0457771297899192,-74.44563338319504,2.162694046517748,2007,0.7,-298_8
0,8343.698737293333,3986.238201613145,5210.780610606381,7469.298713714098,0.8121833333333334,26.071577714909324,0.850967240187658,1.1580396514794054,-74.21207140932397,1.08920728199492,2018,-0.8,-297_4
0,215.6241907063216,0.0,37955.6007772828,2492.9657182173946,0.8028666666666667,26.27082517301181,1.102105576380888,1.1868589539540118,-74.51749860592462,1.3587018672307762,2004,0.4,-299_5
0,6528.468241890139,704.5540477848382,24630.13080103576,2048.4028174446803,0.8133,26.40249594103909,0.8941897510184486,0.9324821181438568,-73.72248957947883,1.866250002758306,2010,1.5,-295_7
0,1195.7424187523554,0.0,1757.8364675332134,1244.097699718109,0.5636,26.515349283761797,1.1213022539736075,1.0811625452690046,-74.58936382865417,1.9246404962260748,2004,0.4,-299_7
0,2057.296297929407,0.0,7190.573391616812,508.8156697538818,0.6755166666666668,26.29091605267911,0.9775073551524888,1.0718067611321178,-74.58038067581298,1.7943847800287442,2008,-1.6,-299_7
0,461.5405709043511,498.12402760256407,7047.425811762447,6211.728627784542,0.8788666666666667,27.280263472165014,1.4447901643590275,1.193621449996078,-74.05037465818246,2.324390797659262,2007,0.7,-297_9
1,159.71066779006574,0.0,38083.75405293853,1678.9978140580488,0.7241333333333333,25.4783589766933,0.572821527238101,1.0350318608170526,-74.58487225223358,0.8197126967590634,2017,-0.2,-299_3
0,192.0659348160044,0.0,32943.0309220484,1186.2988177629504,0.7096833333333333,26.138197098608146,0.8461983574344333,0.9891479092583166,-74.3288523962595,0.617591757832171,2004,0.4,-298_2
1,403.8299737339894,0.0,24061.92519345968,640.1788266491172,0.6823,25.626253932204804,0.7684082560711013,1.4677909880308018,-72.12797995016669,2.584902230053923,2011,-1.3,-289_10
1,349.2977926628317,0.0,11907.140213417324,468.125104272358,0.7649333333333334,27.040655074727567,1.2006307571920751,1.2652587641464796,-72.52323867517927,2.3423571033416524,2007,0.7,-291_9
0,397.6276281092527,704.3917810778318,25214.06063997223,465.5972081343992,0.61915,26.96212497994537,0.9891449841865622,1.1139463965739451,-72.19086202005505,2.5669359243715326,2016,2.6,-289_10
1,571.160404510493,1992.8674065275893,35069.76119580895,1463.6614021617206,0.7015166666666667,25.71945212638144,0.7953773711124974,0.7845885724054575,-74.1536809158562,1.7000616751961946,2019,0.9,-297_6
0,719.352094789849,498.11388005154,6407.789140852432,3525.561853052287,0.8248500000000001,25.95921337112128,1.149159236485641,1.3167590454464102,-74.1626640686974,2.382781291127031,2008,-1.6,-297_9
1,289.8288841262131,0.0,32274.241581707447,1022.4318126224696,0.7629666666666667,26.82259602519838,1.067361232631327,0.8125544408086073,-74.63877116928074,1.475482854166314,2007,0.7,-299_5
1,1021.3276140782764,0.0,20697.887181261285,773.9014313059226,0.7709,26.753648745629164,1.2824753430617155,1.628118895005245,-73.68206539169346,1.978539413273246,2022,-0.8,-295_7
1,3742.144986126536,3793.6404226349655,3126.775620442834,3413.7070792757027,0.5199833333333334,25.83472521186667,0.9746213963360132,1.614431885252691,-73.81681268431139,2.2929497627150788,2011,-1.3,-296_9
1,5172.571731068795,498.1854887991018,16445.31574651876,4108.550317292494,0.83145,26.14970087104132,1.0359087578349613,1.625438350870643,-73.7718969201054,1.93362364906727,2018,-0.8,-296_7
1,3671.121514120992,498.184202880822,13651.252308232048,58.556741094051496,0.6516500000000001,27.1197219243125,1.3466330625871077,1.7526994485340268,-73.91113578914393,1.9426068019084648,2022,-0.8,-296_7
0,5017.7613047333625,0.0,21794.886747237077,8129.773729555397,0.7638166666666667,25.685138492808903,0.6371828133077613,0.7147944369042244,-74.30639451415652,0.7343727447677089,2014,-0.3,-298_2
0,367.8423465192018,0.0,30171.167725414296,193.03298290962272,0.6824666666666668,25.96146976101784,0.9248986401695736,1.2798343630944382,-74.37825973688608,2.077354094526393,2011,-1.3,-298_8
0,717.1972667147529,498.1763618438756,27736.348088140912,286.7534060397886,0.6980333333333333,27.062581861098465,1.4434453746109297,1.3944302998228768,-74.19410510364158,1.9965057189556368,2022,-0.8,-297_7
1,2.205319782660374,0.0,13580.3193234454,816.627222348835,0.5750666666666667,25.06462323470845,1.0847021451499186,0.8768471529780723,-74.58038067581298,2.391764443968226,2004,0.4,-299_9
1,280.77670294006657,498.1316655764819,6000.097628251246,825.4681265852904,0.7819,26.772091620309027,1.2015339749955891,1.3941425293764165,-73.45748657066358,2.279475033453286,2014,-0.3,-294_9
0,263.6787738639232,0.0,6341.467430095981,735.169875523292,0.7075666666666667,26.085522262877987,0.9481601964963096,1.7122610074047775,-73.65511593316987,2.2525255749297,2011,-1.3,-295_9
1,3023.2224652868467,4982.111280621902,12461.61327183055,98.11258698473512,0.5799000000000001,26.40714063016168,0.803377455114506,0.7688510286620159,-73.67757381527285,1.7449774394021706,2024,1.9,-295_6
1,297.3157362094949,0.0,14721.74788857816,165.58600826721167,0.6167166666666667,26.445249521018184,0.7308026545498784,0.6105464104825051,-74.82741737894584,1.5293817712134854,2010,1.5,-300_6
0,215.235447730377,0.0,38178.7163410065,1934.9367803088896,0.7636166666666667,26.139171307012475,0.7223709646441149,0.5823227754136387,-74.58936382865417,1.2913282209218122,2010,1.5,-299_5
0,152.39584947092115,498.3118532856709,16262.231859998448,2653.8041604543373,0.8424166666666666,25.74602245188225,0.6299611876656948,0.7524765866601114,-74.1581724922768,0.5636928407849998,2014,-0.3,-297_2
0,270.85997436111404,498.172362867512,3507.812648797499,6494.810228805795,0.7584000000000001,26.58391682028588,1.234275877982977,1.5408286227689534,-73.53384336981374,2.023455177479222,2022,-0.8,-295_8
0,2040.1211797560136,0.0,11602.175198389312,942.7532702841876,0.6446166666666667,26.656370386757487,1.171843000558744,0.999327214085442,-74.43665023035385,1.7225195572991825,2007,0.7,-298_6
1,191.21884885575952,0.0,40055.18537486702,1670.0273622489826,0.7537833333333334,26.06878206723792,0.9161174037057296,1.073930184451272,-74.60733013433656,1.2958197973424097,2018,-0.8,-299_5
0,1153.1679656169213,0.0,17701.427893897915,702.6201089754475,0.7556333333333334,23.39731933751966,0.9689064751452792,0.4375297318278077,-74.9127573309372,2.34684867976225,2006,-0.9,-300_9
0,888.0246493812965,996.134529067234,18295.31578651803,1320.8741075800058,0.77785,27.146843222575683,1.2370180153175625,1.553200183297074,-72.50078079307629,2.634309570680497,2022,-0.8,-291_10
0,8431.423976196973,498.1912126633708,18357.5676766414,3067.682904495118,0.8596833333333335,26.45293347543776,1.136680972583903,1.450020686712536,-73.82130426073198,1.893199461281892,2014,-0.3,-296_7
1,249.96686404586197,704.5469732388325,8782.385579462612,489.9764535726946,0.6433666666666668,26.30420234363345,1.1176343917675098,1.195558311466895,-74.47258284171863,1.9021826141230869,2004,0.4,-298_7
1,147.3187345364256,498.1193851628343,14456.446106710451,888.1931926179761,0.6996666666666668,27.119884145388085,1.2422036417637692,1.3053392372008168,-72.50078079307629,2.351340256182848,2007,0.7,-291_9
0,308.63171326392126,0.0,1756.3298657118044,311.08113470618133,0.6025666666666667,26.95993806412065,1.015115880407717,0.9696143310262988,-73.16104252690413,2.351340256182848,2016,2.6,-293_9
1,769.2478771596437,0.0,23094.99541435696,87.12781532597992,0.6383666666666667,26.28083841521135,0.7377022434718487,0.584111369524082,-75.20021822185545,0.6625075220381471,2007,0.7,-301_2
0,3829.4319080961113,2989.87986798801,40161.19340592437,9822.99530958261,0.7304333333333334,25.97076997810001,0.7962388469055214,0.8801054993477836,-74.62529644001896,0.5277602294202189,2004,0.4,-299_2
1,1778.5650552770633,0.0,26242.92691338667,605.3052148643253,0.7337666666666667,26.169365493270902,1.082848518892368,1.4392452101806192,-74.31088609057711,1.659637487410816,2008,-1.6,-298_6
0,741.1854328268616,704.6145222744136,16452.85456258221,269.8767530401244,0.6913333333333334,26.16888672393594,0.9498669675273472,1.469140550141885,-74.02791677607946,1.524890194792888,2018,-0.8,-297_6
1,568.3221215789472,498.3160706318832,20138.820752207102,1925.482097116333,0.5674666666666667,25.45616749393838,0.5491130944645871,1.0823329854403247,-74.1626640686974,0.4514034302700596,2017,-0.2,-297_1
1,214.7890935234177,0.0,40521.79364102987,2866.4105428441862,0.6974666666666667,25.916614651033,0.8662726348178835,0.8361518501670079,-74.52648175876581,1.3811597493337644,2014,-0.3,-299_5
1,1666.9321576057423,0.0,33043.645265503765,2979.265219708699,0.5633,27.253547395392676,1.3140266530119014,1.3925855350774674,-74.31986924341831,1.475482854166314,2022,-0.8,-298_5
0,301.91788595337687,0.0,4650.306038584668,508.4440683741066,0.6086166666666667,27.09189098688256,1.2962644314632283,1.538718382991859,-73.2149414439513,2.315407644818067,2022,-0.8,-293_9
1,3835.057566568898,2490.793203228642,5263.832241735933,514.2209869934999,0.57015,25.030631771126707,0.8113372927776411,1.2620263875546878,-73.87969475419975,2.1132867058911744,2001,-0.7,-296_8
0,110.04365878807934,0.0,52657.62597817458,362.1175943030919,0.6940333333333334,26.23859473004387,0.6678634025533801,0.4432655002332373,-75.02953831787273,0.9005610723298203,2016,2.6,-301_3
0,214.8346632289675,0.0,21644.168194784605,919.2559394212004,0.7706333333333334,26.306682136592315,1.0780027117344302,1.1967163789760054,-74.25698717352995,2.117778282311772,2018,-0.8,-298_8
0,393.3694672415912,1408.8121769774707,15248.802405558734,1410.7756136566686,0.8505,27.17675719151299,1.2036774960106955,1.2814451994534013,-72.08306418596071,2.5130370073243613,2007,0.7,-289_10
1,892.2489463816715,0.0,22393.66846181033,733.4457825848297,0.6294000000000001,26.469918669305912,1.100919356048345,1.0650956725514569,-74.63877116928074,1.6461627581490232,2004,0.4,-299_6
1,198.88445034879908,0.0,9907.758885050178,276.2553952468164,0.756,25.74574970493427,0.8520036222556496,1.2194072835861696,-74.53546491160701,1.983030989693844,2011,-1.3,-299_7
0,795.276685537237,704.4709451070357,402.991593219026,7096.511758496624,0.8477833333333334,27.162390553298167,1.2953281556030458,1.3924466458913318,-73.19697513826891,2.2525255749297,2007,0.7,-293_9
1,3739.5962972985976,2490.940224719373,25608.603739342994,1193.2084359098308,0.5670333333333333,26.298309022495403,1.153680757830616,1.7334045371955502,-74.04588308176186,1.91565734338488,2004,0.4,-297_7
0,227.2364663404205,0.0,29936.887830015105,526.3442005957774,0.8620666666666666,25.546396003426253,0.5997107411904646,0.8789686110291869,-75.14631930480827,0.7029317098235256,2006,-0.9,-301_2
1,3259.213141767628,498.189315170448,20637.45532433701,4300.981909363616,0.5588833333333333,25.733643454548314,0.7712114449717209,1.5140176208279292,-73.9740178590323,1.9066741905436844,2005,0.6,-296_7
1,5002.952977954496,498.177020495727,172.00452034944126,4061.584226106253,0.7518666666666667,26.58391682028588,1.234275877982977,1.5408286227689534,-73.45748657066358,1.992014142535039,2022,-0.8,-294_7
0,274.5636733973155,0.0,30522.22666615233,2683.909596126097,0.8331000000000001,25.69970359636221,0.6789989006169351,1.037638622350704,-74.49504072382162,0.8062379674972706,2006,-0.9,-298_3
0,708.7924526507165,0.0,11579.128341353724,513.93847365217,0.8658333333333335,26.254353209323316,1.08897071791973,1.5149812521197816,-73.61918332180508,2.1716771993589434,2004,0.4,-295_8
1,3666.566033697704,0.0,20579.71154794437,4461.286827023228,0.8029166666666667,26.23399003448128,0.9239892072072856,1.0948861356602977,-73.66859066243167,1.9426068019084648,2020,0.6,-295_7
1,3864.3844028872695,4285.856999335138,18738.39850856963,1977.9101048659409,0.5251666666666667,25.937766801157352,0.8658889005699392,1.7334120736741516,-73.9919841647147,1.6686206402520112,2006,-0.9,-296_6
1,51.74337268567957,704.400165921332,54.08007789418008,1741.847839259368,0.77225,27.06666398929809,1.2874842578051655,1.3638786533698777,-72.82417429535931,2.535494889427349,2007,0.7,-292_10
0,282.0347920609708,704.7133725849113,47929.03971292734,1858.3132269522207,0.7419833333333333,25.889095848569863,0.7123781457806143,0.8572412361139784,-74.78250161473987,0.6580159456175495,2018,-0.8,-300_2
1,281.17541701979434,498.2863759927618,52429.67971087121,2042.424368900871,0.7864,25.56966251745285,0.7320299170512551,0.9063411816526056,-74.926232060199,1.0038673300035654,2008,-1.6,-300_4
1,235.45697992279,498.2283612963036,8044.1486077773725,3208.594394587206,0.5865833333333333,26.775890419096243,1.1924714231915516,1.617987021853467,-73.91562736556453,1.6057385703636446,2022,-0.8,-296_6
0,1347.372361502823,498.2330968030928,29055.32057053941,599.6493015695382,0.7410333333333333,26.193185632825816,0.8838819437277788,0.7872324717744106,-74.62080486359835,1.5653143825782665,2014,-0.3,-299_6
1,779.7246668760522,498.14868199665045,12629.923116934817,484.9819612595693,0.7622833333333333,25.8291020394837,0.895009599402545,1.6825478742201616,-73.6057085925433,2.1761687757795407,2011,-1.3,-295_8
0,284.3376690395388,0.0,25542.06940399696,549.6790879392271,0.6638166666666667,25.987495858817,0.7253487651715144,0.6950221450328452,-75.20470979827604,1.0936988584155174,2006,-0.9,-301_4
0,228.4843601563969,498.3187672062934,16798.251600614993,3883.9822850523874,0.77825,25.411241181154367,0.5374308487607165,1.0823381299646238,-74.08630726954723,0.3615719018581074,2017,-0.2,-297_1
0,68.94800038977104,0.0,4235.964349187477,590.6418861973204,0.8417166666666667,26.32906202447151,0.906320255712794,1.2340995702517354,-73.46197814708417,2.3019329155562738,2013,-0.3,-294_9
0,903.7117171917718,0.0,23042.19044614042,502.3282939796577,0.8090833333333334,24.800333719551475,0.7062578860906634,0.8034627084696605,-74.67021220422492,1.5877722646812542,2001,-0.7,-299_6
1,91.56796645142646,0.0,19711.558098314843,309.7550255866228,0.5970333333333333,26.296940947869587,1.1443477242173454,1.158820844142252,-74.40520919540967,2.257017151350298,2004,0.4,-298_9
1,2205.3365024244763,0.0,31736.78554777146,1079.6381750285925,0.6472666666666668,26.900503536173005,1.0427508166043489,0.7346052164272198,-74.3602934312037,1.556331229737071,2016,2.6,-298_6
1,2282.25259247536,498.2356683839486,31832.56257636098,477.0318926678022,0.7103166666666667,26.84684289930607,1.017556819724987,0.7468104619217399,-74.38724288972728,1.5428565004752783,2016,2.6,-298_6
1,805.9186930274857,0.0,1997.61029697914,1691.5000779540526,0.7583833333333333,25.648427752208192,0.962521736122132,1.057267984621171,-74.41868392467147,2.5220201601655567,2006,-0.9,-298_10
1,508.4583398390355,498.2829736956703,27493.36541456884,893.0293483745936,0.8170833333333334,26.3724389026425,0.8951986016688175,0.7883031034690603,-74.57139752297178,1.0487830942095413,2007,0.7,-299_4
0,26.33518774564197,498.21170826266217,17908.378295083134,729.9039512788595,0.7727666666666667,26.169365493270902,1.082848518892368,1.4392452101806192,-74.3468187019419,1.740485862981573,2008,-1.6,-298_6
0,1499.866754842865,0.0,12207.91328242373,9614.21779454907,0.8420500000000001,26.83948246457305,1.3224171951954613,1.122221267359264,-74.06834096386486,2.378289714706433,2014,-0.3,-297_9
1,750.1791578639588,2053.864992215895,763.5441316145076,2458.041980533218,0.6178,25.83472521186667,0.9746213963360132,1.614431885252691,-73.84376214283498,2.257017151350298,2011,-1.3,-296_9
0,411.2062888801059,996.1257450743856,35268.56254192477,1248.0038042791048,0.7115166666666667,26.25593994329114,0.9444012398603672,1.4034531425480556,-72.21781147857864,2.656767452783485,2021,-0.9,-289_10
1,1229.5550797332426,2054.207621718165,14506.765732495238,347.5568551667501,0.4649,25.8678604575224,0.8725483197527089,1.838181941762204,-73.92011894198512,1.6865869459344016,2011,-1.3,-296_6
0,973.0758377869076,0.0,25696.295338722943,4200.003232633487,0.8327333333333334,25.61238790732807,0.5686254439431929,0.6589646308725586,-74.50851545308342,0.9140358015916132,2013,-0.3,-299_3
0,1751.518579459984,704.5324247328863,17108.344822759234,3458.4663986129344,0.7738333333333334,25.894615121430547,1.0589910242852745,1.5346532807608628,-73.64613278032867,1.9740478368526488,2004,0.4,-295_7
0,935.116388316952,1992.364612715253,2297.671398519061,3406.045708345913,0.6943666666666667,24.497140032162804,1.0010635087927655,1.249585160794276,-73.89316948346155,2.508545430903764,2004,0.4,-296_10
1,892.2489463816715,0.0,22393.66846181033,733.4457825848297,0.7236666666666667,25.66819445673042,0.732723194082204,0.96960527596619,-74.63877116928074,1.6461627581490232,2002,-0.1,-299_6
0,128.32247444257214,0.0,8781.197293598005,660.4393692516483,0.6162833333333333,26.6596727954194,0.9728684033509296,0.9460723215700212,-73.0442615399686,2.257017151350298,2016,2.6,-293_9
0,600.5641729942984,2490.439061440773,16754.91301061308,2743.977562068111,0.8018000000000001,26.357309070050174,1.0225826673092389,1.3029087681105531,-72.04713157459592,2.5265117365861545,2004,0.4,-289_10
0,141.34738542203587,0.0,9477.55920265677,364.55085761337233,0.6716666666666667,25.84482835749145,1.1733227423923227,0.8290434391376827,-74.87233314315182,1.9201489198054773,2004,0.4,-300_7
1,2989.632887306737,1575.1130415782864,3032.692165845954,277.7183886909571,0.5582666666666667,26.30184014503897,1.081629493475124,1.3910997477428484,-72.71637646126497,2.4905791252213736,2004,0.4,-291_9
0,752.1397598404718,996.3514063823064,28305.64303479908,625.8105849221132,0.8247500000000001,27.062581861098465,1.4434453746109297,1.3944302998228768,-74.20757983290338,2.000997295376234,2022,-0.8,-297_8
0,1220.1221036732306,0.0,13499.062260139444,7639.104867034103,0.84365,25.89672009653151,0.7466599590201453,0.8081748859913974,-74.44563338319504,1.0622578234713342,2014,-0.3,-298_4
0,222.91776588922664,498.2956890742684,37566.84531446759,1076.7477689387215,0.80115,26.239596234704607,0.9292477058584768,1.0185197655413736,-74.60733013433656,0.869120037385637,2004,0.4,-299_3
0,1507.1225160648446,2540.428882344476,27255.13621827026,1512.4074539289957,0.6769666666666667,25.561640400454397,0.7579351391222705,1.5959634401500766,-74.08181569312664,1.682095369513804,2017,-0.2,-297_6
1,210.85482864483063,0.0,20978.247317419016,780.599391101646,0.6039333333333333,25.67086359972353,0.9208500179757452,1.3174536913740358,-74.3558018547831,1.9515899547496605,2011,-1.3,-298_7
0,770.188229822541,0.0,23524.58133370031,322.9783079264063,0.7427666666666667,25.91477833526659,1.0322700751616884,1.5316641571862817,-74.1536809158562,2.014472024638027,2011,-1.3,-297_8
0,724.0925237662368,704.5921027445596,34915.73014399622,254.0967528338023,0.8329833333333334,24.832501684551172,0.8024046031566935,1.2606257179893572,-74.17164722153859,1.659637487410816,2001,-0.7,-297_6
0,3097.768576942347,0.0,19895.017714080823,556.7095970841785,0.6361,26.04628468575504,0.7754657036865784,0.908457495338132,-74.69716166274851,1.753960592243366,2002,-0.1,-299_7
1,571.160404510493,1992.8674065275893,35069.76119580895,1463.6614021617206,0.5347000000000001,25.713353003127335,0.8393691601841021,1.381979718411095,-74.1536809158562,1.7000616751961946,2002,-0.1,-297_6
0,284.3681611945731,0.0,26646.05634567094,808.1785418480462,0.769,26.61257433381013,0.9130841182298048,0.5250309152329949,-75.19572664543485,1.08920728199492,2007,0.7,-301_4
1,6990.447024120182,0.0,23844.54835017206,3727.0405647361767,0.5285500000000001,26.15120812375551,1.0505570749350115,1.6635039805049552,-73.95605155334991,1.8617584263377085,2018,-0.8,-296_7
1,1507.1225160648446,2540.428882344476,27255.13621827026,1512.4074539289957,0.5908666666666668,26.59840033609805,1.191186936865593,1.6195808658369744,-74.08181569312664,1.682095369513804,2004,0.4,-297_6
0,865.6445959453189,498.1924672001776,15901.64689305713,1365.4658470189472,0.8075166666666668,26.08378799636733,1.044802424761426,1.2491515651063492,-74.36478500762429,1.8842163084406964,2018,-0.8,-298_7
0,1227.785409854736,0.0,12019.569570236412,509.2541155243326,0.8654333333333334,26.853219099821217,1.09275303530008,0.8811958084734889,-74.05935781102366,2.086337247367589,2010,1.5,-297_8
0,300.0339430760848,0.0,12066.904732316989,1730.3681521591514,0.6728333333333333,26.68057109673572,0.9821951494554,0.8953418515481703,-74.75555215621628,1.6641290638314137,2018,-0.8,-300_6
1,2715.071407380008,0.0,39809.20959154964,1903.0198230130336,0.7607833333333334,26.11275612327671,1.0405168669372973,1.4289985768344808,-74.13122303375322,1.798876356449342,2021,-0.9,-297_7
0,5780.730083215824,498.2718572727141,13511.585283841678,8667.071255570196,0.8017000000000001,26.92563463163208,0.9308918375770272,0.7423695818570973,-74.38275131330668,1.1835303868274696,2016,2.6,-298_4
1,2252.6194088244665,704.5487696036379,31644.39388596336,215.7058341749641,0.5128166666666667,26.05122599052396,1.004865243946506,0.9248951079793084,-74.21656298574457,1.893199461281892,2003,0.9,-297_7
0,447.0261729276728,704.6842821434292,22317.97484293336,2367.7353982536283,0.8121666666666667,25.86044072728862,0.6472737463153212,0.5598699124844913,-75.31699920879099,0.99488417716237,2006,-0.9,-302_3
0,154.45278902152512,0.0,23633.432118191988,937.28383450495,0.7558166666666667,26.31697546162485,0.9838201683615572,1.2006171860601786,-72.42891557034672,2.2704918806120906,2014,-0.3,-290_9
1,819.51193901274,0.0,9706.176811474908,869.9622960231756,0.7696333333333334,26.35177939196569,0.8649819777064632,1.054979319361278,-73.96054312977051,1.4620081249045214,2020,0.6,-296_5
0,191.22051586632003,0.0,39660.49996252262,1703.637016724335,0.6677166666666667,26.816989518188564,1.163837877953792,1.0346516122678224,-74.60283855791596,1.2958197973424097,2022,-0.8,-299_5
0,807.0581952644662,498.3095015901262,43739.31697544376,3716.23979316483,0.7843666666666668,25.51492905741287,0.6079216043454675,1.0330963581586043,-74.47707441813924,0.617591757832171,2011,-1.3,-298_2
1,750.1791578639588,2053.864992215895,763.5441316145076,2458.041980533218,0.6604166666666668,26.11785886440288,1.0694265967645242,1.4408782067141468,-73.84376214283498,2.257017151350298,2018,-0.8,-296_9
1,96.73805596358976,0.0,23265.65814912842,394.13742097915895,0.7132333333333334,26.39825877874739,1.0086256436621122,1.4164630906503213,-72.13247152658728,2.575919077212728,2018,-0.8,-289_10
0,329.50002781889833,0.0,5601.436330416191,1077.2882203075494,0.7955166666666668,26.62176321804128,1.1454984790276548,1.3290985510097866,-72.90053109450947,2.3693065618652382,2014,-0.3,-292_9
0,9300.238101831905,704.5505437866045,22106.82410711515,5900.4659268101805,0.7469833333333333,26.2290094752554,1.1157108522614214,1.664152659641809,-73.75393061442301,1.8842163084406964,2004,0.4,-296_7
1,6990.447024120182,0.0,23844.54835017206,3727.0405647361767,0.6016666666666667,25.733643454548314,0.7712114449717209,1.5140176208279292,-73.95605155334991,1.8617584263377085,2005,0.6,-296_7
0,770.0222513981034,1494.9439788834898,8819.870895474545,7251.988009689028,0.6589333333333334,26.13620483748275,0.8560843575059346,1.0300756367700223,-74.06834096386486,0.491827618055438,2004,0.4,-297_1
0,145.67514067501102,0.0,45163.20856688347,394.8360330208156,0.7487166666666667,25.9752424798574,0.8412093021069927,0.8643399580568558,-75.13733615196708,0.8556453081238443,2004,0.4,-301_3
1,3906.953330968023,704.68381650922,18653.357839575387,6986.891087420701,0.6605333333333333,26.6490638021927,1.0447693276067338,0.9867156213161892,-74.48156599455983,0.9993757535829676,2022,-0.8,-298_3
1,0.1293849668910441,0.0,210.6138131534069,6342.291177254097,0.65275,26.39107616281001,1.0552757244718542,1.4898100887017425,-73.52486021697254,2.391764443968226,2018,-0.8,-295_9
0,447.821023004441,498.1271016266832,309.10190720935026,685.6961686651172,0.6693,25.99536899306878,1.0060703501639834,1.359378095755658,-74.1851219508004,2.3064244919768715,2011,-1.3,-297_9
0,212.2714892375675,0.0,21325.559651639454,48.6548000522201,0.6073500000000001,26.08131802202587,1.1482047939679665,1.4213895531853555,-74.3378355491007,1.93362364906727,2008,-1.6,-298_7
0,215.47245887289063,0.0,37285.039339415925,5.17409246829025,0.7997166666666667,25.86423892637748,0.9523675336066334,1.1954874113380758,-74.54444806444819,1.327260832286593,2008,-1.6,-299_5
1,2205.3365024244763,0.0,31736.78554777146,1079.6381750285925,0.7139333333333333,26.21859591533388,0.9767782712383254,0.9100231550534096,-74.3602934312037,1.556331229737071,2014,-0.3,-298_6
1,220.51242527004732,0.0,58384.902483553495,301.0315832074548,0.6926666666666668,25.93971243178117,0.7379097537128444,0.8885124910862018,-74.83190895536644,0.9230189544328083,2018,-0.8,-300_3
0,270.84709508014646,0.0,15008.25672386853,3953.244028741793,0.72675,25.913021379803865,0.7107003523676512,1.0044969833666142,-74.09079884596784,0.3975045132228882,2018,-0.8,-297_1
0,1242.1764498290256,704.5173436474081,1166.1401182461584,468.2053761602736,0.83825,26.691039026693037,1.1887368216062064,1.410082035855449,-73.85274529567616,2.0459130595822104,2014,-0.3,-296_8
1,588.3719597789105,0.0,27749.34474462734,1891.869869184108,0.7928333333333334,25.19190805567433,0.5373356683381426,0.9850395190609936,-74.5309733351864,0.9140358015916132,2012,-0.7,-299_3
1,218.79581423311703,0.0,38662.962691493805,500.711456854029,0.7306333333333334,26.06878206723792,0.9161174037057296,1.073930184451272,-74.55792279370999,1.3317524087071906,2018,-0.8,-299_5
1,1193.241032993522,498.1809723885488,27838.42817138528,1027.6431438032132,0.5879333333333333,26.13764460635213,1.1669434971128707,1.4897252033875197,-74.144697763015,1.9650646840114532,2004,0.4,-297_7
1,301.5855993685332,498.128638631629,16226.985496292613,179.1446354224661,0.6849500000000001,27.226583192877115,1.3662995256172128,1.0658141687575091,-74.43215865393326,2.2974413391356765,2007,0.7,-298_9
1,2793.55173631986,2113.9374990760725,16857.99840754123,591.281090008824,0.4277166666666667,26.489751994673213,1.098259658262522,1.3177823419893484,-74.24800402068875,1.3137861030248,2004,0.4,-297_5
0,909.469065920794,1114.265453112498,8534.472468929944,2617.8700664243324,0.2822833333333334,26.247146602685348,0.6667732176284749,0.4628488063051724,-75.20470979827604,0.491827618055438,2007,0.7,-301_1
1,5398.243970519698,4285.682446384706,36626.12670547446,4231.327250636129,0.58265,26.18265154238429,1.067286670242712,1.6128349349300972,-74.09978199880904,1.825825814972928,2018,-0.8,-297_7
1,120.87225829345624,498.1949449010899,27542.29650300139,618.4680068972671,0.7007,27.055033026166427,1.3948129181566948,1.24490205284223,-74.24800402068875,1.866250002758306,2007,0.7,-297_7
0,238.02182570973795,704.4559292461098,3266.027230287034,1602.200410108975,0.8518333333333334,26.385268532820877,1.0758863009353192,1.1400116305740071,-73.9695262826117,2.315407644818067,2021,-0.9,-296_9
1,61.04143030740015,498.0548727299032,35728.05512157314,1937.286623550476,0.6076666666666667,26.548818838907664,0.9354615863970964,1.2908145396813735,-72.10552206806369,2.6971916405688634,2013,-0.3,-289_10
1,8761.582975102217,1494.8048001745915,6295.998785653126,4719.535115718545,0.5269666666666667,25.38657926001798,0.6065825486564581,0.6700255847892853,-74.1626640686974,1.2239545746128482,2019,0.9,-297_4
0,2784.912598177925,0.0,17626.554355683944,6614.311434366771,0.8622166666666666,26.129301084321185,0.9309165718121284,1.292924579445231,-74.31088609057711,1.282345068080617,2008,-1.6,-298_5
0,283.224263880594,0.0,54729.994476062086,3848.314491644732,0.7237,26.625087517710483,0.931801339661014,0.7582109818055233,-74.82741737894584,1.1026820112567126,2022,-0.8,-300_4
0,412.5269177331838,1575.018650683223,31904.577690897568,2529.847991539052,0.6563833333333333,25.54073232439299,0.7275906210699415,1.499837968267965,-72.16391256153146,2.64778429994229,2012,-0.7,-289_10
1,59.376044136408936,996.0862161479798,42063.63407365087,589.9283595351375,0.6424500000000001,26.84077993066757,1.0099235843663996,1.36827878248028,-72.03365684533414,2.7555821340366324,2013,-0.3,-289_11
0,3.482643939406638,498.2840084981656,45013.47304094059,2814.5996571922656,0.5300666666666667,26.026048613546838,0.7737062989080711,0.9536944858455736,-74.7286026976927,1.0353083649477486,2018,-0.8,-299_4
1,528.8445750690759,0.0,20365.9092494234,2393.254392783517,0.8167166666666668,25.859859032345295,0.782951450882825,1.1979419924365724,-74.3288523962595,1.7270111337197802,2005,0.6,-298_6
0,236.8329561135381,498.1331868837892,3737.078112094774,204.37053360674025,0.7866000000000001,26.980981051732613,1.3108189436637805,1.1853379036842375,-73.97850943545289,2.2704918806120906,2014,-0.3,-296_9
0,1144.593520276526,0.0,5468.356482356777,383.0487784807311,0.6820666666666667,26.794416121578426,1.0208992513353383,1.1510240973883492,-73.68206539169346,2.185151928620736,2020,0.6,-295_8
0,392.9754285009338,0.0,10374.78542051614,950.5040874508323,0.8082833333333334,27.133952577017737,1.4079064654030298,1.2585829872239742,-74.11325672807082,2.1357445879941626,2007,0.7,-297_8
1,209.1851544286888,0.0,33421.96108387421,272.936400554472,0.62695,25.836583575430893,0.7466695950653016,0.986055379793334,-74.7241111212721,1.3901429021749596,2006,-0.9,-299_5
1,554.875685207616,498.0575550325484,34657.44645188,1182.1881200156763,0.5016833333333334,26.854929050440376,0.9300382480431816,1.1477021526151467,-72.12797995016669,2.6837169113070707,2016,2.6,-289_10
1,393.0292601189567,498.136182434081,8493.524909724052,369.34498935624015,0.7428,25.935650431822975,0.8096016452303201,0.7454319480376475,-73.44850341782238,2.2525255749297,2019,0.9,-294_9
0,20.89596065967543,0.0,397.5732166256376,272.7465177995732,0.7633833333333333,26.565932103590228,1.0925775688164638,1.3969350858669296,-73.08468572775398,2.4007475968094214,2018,-0.8,-293_9
0,135.29568881871555,498.2954068622347,40127.92737891935,1881.579939758407,0.6922333333333334,25.683901832852086,0.6017810346795733,0.6339677372446623,-75.20920137469665,0.8736116138062346,2021,-0.9,-301_3
0,1227.4966535066549,498.2251310903536,20247.865962302192,657.5704977414156,0.7904333333333333,26.438921874257005,0.9375351095118486,0.7920736868166909,-74.44563338319504,1.6326880288872303,2020,0.6,-298_6
1,6189.038913633497,5999.331948486015,21656.970722850318,5082.949530786074,0.5002166666666668,26.09116898007335,0.9907637808071944,1.744783208190011,-74.00096731755589,1.6955700987755968,2008,-1.6,-297_6
1,8535.276106215584,996.4764171820626,27662.67634799214,951.8810456758592,0.6190166666666668,26.154787909258232,0.8959128725523268,1.4761128387066116,-74.19410510364158,1.5203986183722902,2006,-0.9,-297_6
1,280.4767292566362,0.0,25577.722847353973,54.3382794942375,0.6407,26.22340285603474,0.9778628507344528,0.99688512412627,-74.26147874995054,1.7898932036081467,2013,-0.3,-298_7
1,2884.345062099495,0.0,19790.443112443125,2780.495638968558,0.41845,26.15239499903197,0.9364848134098898,1.3593164613692732,-73.97850943545289,1.9201489198054773,2013,-0.3,-296_7
1,1276.594755933785,0.0,12848.705323558264,305.61633043274867,0.6832666666666667,27.10634302875661,1.335429796096714,1.522167091784793,-73.73596430874062,2.0548962124234054,2007,0.7,-295_8
1,3793.2214909164304,2490.6162954678507,2190.730733786441,2623.1677674851258,0.7259666666666668,27.074071744644414,1.3932754241071856,1.4535219494412075,-73.798846378629,2.32888237407986,2007,0.7,-296_9
1,1129.951683504324,2053.476838194188,44370.449440098935,2140.5688824441686,0.5297000000000001,27.28376029305372,1.0476302280023368,1.2680699363604009,-72.16840413795207,2.7645652868778274,2016,2.6,-289_11
0,202.5291184411157,1113.9023464828504,695.5630423993007,1361.8015157700772,0.8571000000000001,26.525268035513648,1.0010851219490358,1.181049247941523,-72.17289571437266,2.153710893676553,2022,-0.8,-289_8
1,308.46454765365166,0.0,4762.812197011515,620.3335623954847,0.7085833333333333,27.100631725733194,1.1923968545779409,1.3142875918418964,-72.74332591978856,2.2076098107237243,2007,0.7,-291_8
1,280.9631111492405,0.0,38253.48694248978,434.1454870049107,0.7191166666666667,25.657921578563048,0.6832379654615933,0.8608040005000559,-75.12386142270529,0.99488417716237,2006,-0.9,-301_3
1,3266.9345998806584,2227.8549801322347,7579.664974788683,54.95794001551724,0.5029166666666667,27.465154313235477,1.398437593856076,1.533669313870371,-73.92910209482632,2.0818456709469912,2022,-0.8,-296_8
1,460.7377379007275,498.0750759172757,26172.29489536045,535.6645053101422,0.5658500000000001,26.60641998297621,1.1167287343963506,1.4567568930098964,-72.39747453540254,2.5938853828951185,2004,0.4,-290_10
0,810.1368887563949,498.17901212817065,8854.916805400491,1716.3946852614908,0.6566666666666667,27.019101626450777,1.1106712546695294,1.1543222602557583,-73.83477898999378,1.978539413273246,2016,2.6,-296_7
0,548.8070533150901,2113.75508574196,36374.90580225418,346.5927206738738,0.6916833333333333,26.424438954278628,1.0964488599028372,1.4727636360697856,-74.167155645118,1.7000616751961946,2018,-0.8,-297_6
1,324.6110956981656,0.0,5659.018606823782,583.3873202899749,0.7304166666666667,26.784972492292297,1.171623191176142,1.3345148307099792,-72.76578380189154,2.2345592692473097,2007,0.7,-292_8
0,221.1320034882544,0.0,24552.22835262661,192.60808494099973,0.7440333333333333,26.253738799311463,0.8589036812602734,0.6812601050414558,-75.34394866731456,0.9589515657975892,2004,0.4,-302_3
1,401.4047184046936,0.0,9800.634941201992,1496.3678774018765,0.6895166666666668,26.30420234363345,1.1176343917675098,1.195558311466895,-74.51749860592462,1.91565734338488,2004,0.4,-299_7
0,344.8644246736719,498.0911531788133,2240.0265299337207,948.6805677254752,0.7928000000000001,26.347037240239278,1.0816627696276715,1.3860647255272107,-72.87358163598589,2.508545430903764,2004,0.4,-292_10
0,172.2336761036096,0.0,30827.24140653657,189.47142912021712,0.6837000000000001,26.138197098608146,0.8461983574344333,0.9891479092583166,-74.29291978489474,0.5906422993085854,2004,0.4,-298_2
1,234.4873121287438,0.0,35132.6002873719,1867.0035828199036,0.6814166666666668,26.17527716417408,0.9774343051775456,1.210317536680467,-74.43215865393326,1.3901429021749596,2018,-0.8,-298_5
1,3931.3815739235833,996.4912192287496,22883.451992616072,2284.603945931796,0.6345666666666667,27.304758391646487,1.3028851736793363,1.47750318666792,-74.21656298574457,1.453024972063326,2022,-0.8,-297_5
1,169.22259994604238,0.0,14481.57467625352,1792.7430575384658,0.6471166666666667,25.302138823603457,0.6831253049805198,1.4742442267524791,-73.5967254397021,2.1582024700971503,2017,-0.2,-295_8
0,1153.1679656169213,0.0,17701.427893897915,702.6201089754475,0.7020000000000001,24.217607118408356,1.277865221957866,0.4454438337260502,-74.9127573309372,2.34684867976225,2007,0.7,-300_9
1,730.2565331792407,0.0,34301.23992177931,452.55271820054224,0.7359833333333333,26.011631107086203,0.8838221833072889,0.8943919286686075,-74.41419234825086,1.3946344785955571,2014,-0.3,-298_5
0,302.5134234273924,498.15511201331657,6579.053267051527,2361.10441264199,0.8594833333333335,24.85959398657377,0.6429629021036102,1.5881990572192013,-73.00832892860382,2.1357445879941626,2009,-0.8,-293_8
0,44.630723216112656,0.0,52629.481298249215,3192.0406640286947,0.8278000000000001,26.439822933970504,0.8647992445322737,0.7316096870220132,-74.79148476758107,0.9814094479005772,2007,0.7,-300_3
0,280.84825038830115,0.0,51753.63141677104,4240.988084796882,0.7692,25.47922670996257,0.6427678885314672,0.9559035897046309,-74.94419836588138,0.99488417716237,2011,-1.3,-300_3
1,616.8700814046409,0.0,30471.06905946768,53.942880483807045,0.7564000000000001,25.80928189159971,0.8369114061172116,1.3892524191877011,-74.40970077183027,1.5473480768958758,2009,-0.8,-298_6
1,2560.5754768364745,0.0,8287.755391389217,413.6572916859032,0.75995,25.97052000321827,0.8039728945459824,1.0550140792952494,-74.58936382865417,1.7898932036081467,2012,-0.7,-299_7
0,765.3227072617249,498.0412884490602,46396.73712709075,1487.125878252014,0.8446166666666667,26.950136708309916,1.1079544048807033,1.3360598046591086,-72.280693548467,2.7645652868778274,2003,0.9,-290_11
0,1178.144670165755,996.2768503282608,1109.957707830658,3398.2433732240293,0.7763166666666668,26.815274181600387,1.2271755612840272,1.3767060485056897,-73.14756779764234,2.2390508456679075,2007,0.7,-293_8
1,783.0704562489489,0.0,38651.919806695645,1756.0245834961484,0.6062666666666667,26.78462890780287,1.1165938452771738,0.9061865306553704,-74.46359968887744,1.4575165484839236,2007,0.7,-298_5
0,323.97074440332096,0.0,17415.142466519137,0.0246142836138017,0.6857166666666668,25.65743798364815,0.7815386728435078,1.0887027536068778,-74.39173446614788,1.9426068019084648,2005,0.6,-298_7
0,6.1943160878112185,0.0,28823.66494813731,1808.5953918376213,0.7936333333333333,26.421130012349124,1.0754025786850785,1.4445381909698758,-72.24925251352282,2.562444347950936,2004,0.4,-289_10
1,316.3632283385218,0.0,19460.08000197936,3534.9561943433528,0.7244833333333334,26.28501108851242,0.7036605465786967,0.5299033545417342,-75.19572664543485,0.6220833342527686,2007,0.7,-301_2
0,6089.846733597493,498.1854887991018,15151.515024595365,4800.769449324689,0.8247,25.790190705408293,0.9107856397127944,1.8379447724118083,-73.79435480220839,1.93362364906727,2011,-1.3,-296_7
1,2953.234445018976,0.0,15479.096678323664,2024.40282257648,0.6431,27.019101626450777,1.1106712546695294,1.1543222602557583,-73.76291376726421,1.9515899547496605,2016,2.6,-296_7
1,214.7890935234177,0.0,40521.79364102987,2866.4105428441862,0.73275,25.519217779156577,0.7604239806430478,1.2401944127065734,-74.52648175876581,1.3811597493337644,2017,-0.2,-299_5
1,9800.352534501628,2491.0203575794,24286.49655398251,1707.382883085667,0.7178,26.5375087632562,1.1193012436677758,1.5050503388217598,-73.93808524766752,1.798876356449342,2014,-0.3,-296_7
1,705.6984846576735,0.0,25768.96680274077,7.613345937513445,0.62765,26.52709320676797,0.990845446326698,0.7438589477971767,-74.69267008632792,1.5024323126898995,2007,0.7,-299_6
0,59.95950908724085,498.1217063881075,3448.1102362017373,1886.351786737801,0.76175,26.283320097686957,1.0666743831223873,1.413962292384116,-73.17002567974532,2.337865526921054,2004,0.4,-293_9
0,183.56014134401323,0.0,37982.96589372119,1596.1897351257337,0.8747833333333335,24.77158191068571,0.724328555664116,0.959478311879586,-74.5399564880276,1.4620081249045214,2001,-0.7,-299_5
0,200.44626378764875,0.0,3099.393386094824,6346.010194501644,0.8627166666666667,26.31237687117249,1.1299643695714268,1.3602289056898351,-73.0487531163892,2.1132867058911744,2007,0.7,-293_8
1,1721.6218275551091,498.2576517224798,14903.786276341618,621.8663214114372,0.5721833333333334,25.53279571064428,0.6840982536981639,1.3245261346800437,-74.21656298574457,1.3362439851277883,2017,-0.2,-297_5
1,211.33812301591507,0.0,4783.452441480103,5924.481185513694,0.6943666666666667,26.405923678724832,1.1395605908095188,1.5268769755529492,-73.06222784565098,2.1402361644147603,2022,-0.8,-293_8
1,2681.674658516397,4700.059053817835,34771.4632608193,4739.403135944344,0.5581166666666667,24.601611532581444,0.7883917458748567,1.3889497874405936,-74.07283254028545,1.7898932036081467,2001,-0.7,-297_7
1,279.79786443466134,498.2902643038493,53636.932540006346,279.2804714173058,0.7848333333333334,26.23859473004387,0.6678634025533801,0.4432655002332373,-74.97114782440497,0.949968412956394,2016,2.6,-300_3
0,230.66270149865463,0.0,249.29774618623347,837.730393350826,0.7319666666666668,26.23525537777971,1.0809394960048635,1.2532809432925864,-74.05037465818246,2.2076098107237243,2018,-0.8,-297_8
0,208.1813344225276,0.0,30753.822393771035,1315.357840877931,0.7791333333333333,24.909746284455597,0.6563812616272305,0.7769807434108736,-74.75106057979569,1.4036176314367523,2001,-0.7,-300_5
1,101.52703628269494,2054.1256389580944,36518.94193425659,2254.612374358904,0.6394666666666667,27.180890432847093,1.440395329995824,1.542252107935016,-74.1626640686974,1.8393005442347203,2022,-0.8,-297_7
0,241.09866119643357,0.0,2861.2431648305087,1033.7232212728436,0.6694,26.23562123884136,0.954500299925158,1.4577414517458724,-73.92461051840573,2.2345592692473097,2006,-0.9,-296_8
0,1275.9647362267178,498.2893079075649,32696.366860736864,2659.590845239714,0.6630333333333334,26.26908827736776,0.978676160752318,1.0625867802432856,-74.60283855791596,0.9634431422181868,2004,0.4,-299_3
1,261.2175777799805,0.0,36290.63686466353,43.09100739516063,0.6349666666666667,25.75809799522483,0.7153498707463388,1.0290012000342068,-74.7196195448515,1.363193443651374,2011,-1.3,-299_5
1,343.1922860336125,0.0,31772.415737893916,1384.6361334282444,0.6181833333333333,26.55640531220968,1.0960860470314684,1.071020118950252,-74.62529644001896,1.5024323126898995,2004,0.4,-299_6
0,1427.8482635057926,498.2571970127476,4784.882119454509,1988.545763515592,0.8554833333333335,25.79885166400652,0.8830132025137231,1.2973631420939162,-74.08181569312664,1.3407355615483858,2008,-1.6,-297_5
1,3739.5962972985976,2490.940224719373,25608.603739342994,1193.2084359098308,0.63565,26.15120812375551,1.0505570749350115,1.6635039805049552,-74.04588308176186,1.91565734338488,2018,-0.8,-297_7
1,3.2307531082412484,0.0,5886.758739339659,1600.7624351095528,0.7494000000000001,25.55532404894228,0.8412980545894794,0.9094972607803492,-74.86784156673123,1.7225195572991825,2011,-1.3,-300_6
1,1899.2838166034207,3985.839685687321,15478.01617729203,234.597300818169,0.6102000000000001,25.776182808902888,0.8237103485653274,1.723266066245072,-74.00995047039709,1.592263841101852,2011,-1.3,-297_6
0,811.4890252948987,0.0,31867.085704410056,1564.3572607034864,0.85465,25.47691921853317,0.5852076526031031,0.90407880520199,-75.0969119641817,0.6894569805617328,2011,-1.3,-301_2
0,210.85482864483063,0.0,20978.247317419016,780.599391101646,0.6017166666666667,26.72664811133853,1.2866675933149836,1.2996599680676313,-74.3558018547831,1.9515899547496605,2022,-0.8,-298_7
0,76.25779353735216,0.0,14378.885094254509,167.87088969948033,0.5691833333333334,26.835318503743625,1.1718284231705156,1.455582674110081,-72.49628921665568,2.4097307496506164,2022,-0.8,-290_9
1,1719.0105214740704,0.0,37200.8694140673,1934.978455940569,0.6453,27.30018178624374,1.3379429328453494,1.5162431128421507,-74.23452929142697,1.5967554175224494,2022,-0.8,-297_6
0,147.46834068332345,0.0,42389.28272759923,190.75381892700707,0.7051166666666667,25.232838679544614,0.5105107615032346,0.9097421166437106,-74.63877116928074,0.8376790024414539,2012,-0.7,-299_3
0,212.3503150158361,0.0,9529.708984020785,1840.9187719049755,0.8611666666666666,26.31237687117249,1.1299643695714268,1.3602289056898351,-72.96790474081844,2.1492193172559557,2007,0.7,-292_8
0,3007.3181651664195,1796.4998434455815,14763.470657794212,2824.157414177864,0.7368666666666668,24.69763464681074,0.6654172018459753,1.0800080192586778,-74.22554613858577,1.318277679445398,2001,-0.7,-297_5
0,2907.4566109147872,2490.7031825871986,2216.5149493852778,5205.500861708853,0.8405166666666667,26.18349014537131,0.8684926973995747,1.1567150739582386,-73.2329077496337,2.2255761164061147,2013,-0.3,-293_8
0,36.52993344116588,498.1058967478703,455.3305544982599,911.3907079766484,0.7815666666666667,27.051608056968405,1.425652745983968,1.0926000994508318,-74.32436081983892,2.427697055333007,2007,0.7,-298_9
1,2224.5024334814125,498.187417670298,22964.244637984684,6475.337070930246,0.8656333333333335,25.966486819658428,0.8777448393006861,1.275961079554632,-73.68206539169346,1.9201489198054773,2013,-0.3,-295_7
1,221.82585472639147,0.0,8997.020480641288,1139.577902081977,0.7147,26.39627199471181,1.180336026881493,1.2558824611988648,-74.1581724922768,2.198626657882529,2004,0.4,-297_8
1,263.96940888719377,0.0,24955.216119723096,444.38893582273823,0.5641166666666667,25.574731224106984,0.8815599134124873,1.3648783737522805,-74.38724288972728,2.023455177479222,2009,-0.8,-298_8
1,75.04339763639844,0.0,17699.20806170632,2038.874873233572,0.7892166666666668,25.9938736710497,0.8308384039642891,1.2214923383049874,-72.19984517289625,2.472612819538983,2021,-0.9,-289_9
0,4536.591847211501,704.5997977575639,29527.804883769277,1569.0741391527902,0.8497333333333335,26.38224215993381,1.0101268080134354,1.5077862868507268,-74.1357146101738,1.61472172320484,2018,-0.8,-297_6
1,125.66712124375375,0.0,29612.226372433222,1729.209760991058,0.7616166666666667,25.96794205097683,0.7888364844645924,1.026475935711957,-74.5219901823452,0.8646284609650394,2018,-0.8,-299_3
0,4811.89582327566,498.2531359660469,6069.164451345638,7912.950931600742,0.8343166666666666,26.04233603094156,0.9032926803680986,1.3479443910567823,-74.00096731755589,1.3811597493337644,2018,-0.8,-297_5
0,342.6536060422456,0.0,1985.6960487901692,237.1427044997272,0.6250166666666668,26.07376741907416,1.0446899722487129,1.3396618925888444,-72.78375010757394,2.4232054789124096,2004,0.4,-292_9
0,198.95263706717608,0.0,21013.652843252632,1137.480946303647,0.764,26.31733373576668,1.025423391142524,1.3323487541053505,-72.46933975813211,2.2390508456679075,2004,0.4,-290_8
1,3626.142798836724,2818.2127315020066,26532.87100634209,2535.9743503140144,0.5358166666666667,26.93741599339785,1.1127475023074975,1.2385377862433458,-74.01444204681768,1.8707415791789035,2016,2.6,-297_7
1,32.66773957065288,0.0,42947.22364936489,610.0220444565539,0.7596166666666667,26.032855714518178,0.8810898246649327,0.8702962058696478,-75.05648777639632,1.008358906424163,2004,0.4,-301_4
1,4089.828907319319,7734.483096214317,21756.28158926672,124.49254513144687,0.56345,26.6096072274114,0.8765861184027005,1.062014701897043,-74.03689992892066,1.659637487410816,2010,1.5,-297_6
0,97.01730961456865,498.0628725371929,32081.835237573207,2225.5253183253726,0.7099166666666668,25.89805459388032,0.8098931911003292,1.6418836617165395,-72.36603350045836,2.656767452783485,2012,-0.7,-290_10
0,6539.622034954626,1114.1457980780613,2268.7962724219938,1095.6067362972587,0.7271333333333333,26.01435745906298,0.8901362225821726,1.2441783611000756,-74.10427357522963,1.3003113737630074,2018,-0.8,-297_5
0,241.09866119643357,0.0,2861.2431648305087,1033.7232212728436,0.7319833333333333,26.599520065719787,1.0898492008229046,1.3886847166526106,-73.92461051840573,2.2345592692473097,2018,-0.8,-296_8
0,571.160404510493,1992.8674065275893,35069.76119580895,1463.6614021617206,0.6756166666666668,26.424438954278628,1.0964488599028372,1.4727636360697856,-74.1536809158562,1.7000616751961946,2018,-0.8,-297_6
0,183.56014134401323,0.0,37982.96589372119,1596.1897351257337,0.7603000000000001,27.3591914378614,1.352150277832071,1.152857721157846,-74.5399564880276,1.4620081249045214,2022,-0.8,-299_5
1,2999.5845595661817,1992.7342396817492,14973.021063064723,1996.218125582717,0.5235833333333333,27.049697175083168,1.1170468658424135,1.2329934787713166,-73.94257682408812,1.947098378329063,2016,2.6,-296_7
1,1690.2693242011671,0.0,20925.59188557967,102.7899862671619,0.67805,25.680473184219352,0.9336529357558452,1.0596036977472274,-74.49504072382162,2.2749834570326883,2018,-0.8,-298_9
0,43.6289292920239,498.044033570326,47979.609285267936,2200.4554271536754,0.82725,25.487835428889355,0.5395822333274997,0.7965059133987592,-71.83153590640724,2.7510905576160347,2015,0.7,-288_11
0,5877.838341120833,1575.5643830069275,26581.40401867679,798.3964547711494,0.6912833333333334,26.2610092135252,0.9672054663733402,1.4334632215840306,-74.144697763015,1.5293817712134854,2018,-0.8,-297_6
1,1010.7405242587936,498.2489494469607,25863.381523606065,429.71343558778153,0.6608333333333334,26.6595162755944,1.0526820803912709,1.0608346450776829,-74.27944505563293,1.4215839371191428,2007,0.7,-298_5
1,29.09788296288247,0.0,10819.417297466773,2601.143893417413,0.6773166666666667,25.303738322455786,0.8783970880700706,0.8967230246373786,-74.88131629599302,1.7674353215051586,2011,-1.3,-300_7
1,278.1690534343995,0.0,22084.62712646887,3728.448070108985,0.7892,26.366343668797583,0.9170923642780698,0.8183108226839749,-74.5219901823452,1.039799941368346,2007,0.7,-299_4
1,784.3806054232709,0.0,15166.097205122289,208.7194680699662,0.5771166666666667,27.14379345586582,1.1964539659012188,0.5268425911859426,-74.7330942741133,2.009980448217429,2016,2.6,-299_8
1,4896.057058528244,498.2320618948564,32198.21899890976,2927.496256558978,0.6018333333333333,25.99571435452731,0.862423222438983,1.6593188519002873,-74.17164722153859,1.5742975354194615,2009,-0.8,-297_6
0,1282.6767973891583,498.1501091538574,11423.076330942318,763.2970805918732,0.8109166666666667,25.727182683637068,0.7838310541148835,0.7766250373430627,-73.48443602918717,2.1671856229383457,2019,0.9,-294_8
1,1054.1204958679891,498.2218538211667,31038.95445864531,356.135654721286,0.6104,26.350506378843814,1.0854293617066004,1.371708528127369,-74.25698717352995,1.659637487410816,2018,-0.8,-298_6
0,277.70994944849923,0.0,2861.9467758911333,5261.337945635303,0.7896000000000001,26.596664828473934,1.1101832108719412,1.500337532982919,-73.55630125191672,2.4007475968094214,2004,0.4,-295_9
1,274.4278982006235,0.0,23238.90192772519,16.590099154610446,0.5495666666666668,26.32624032734026,1.190651100476562,1.3049819268832918,-74.21207140932397,2.072862518105796,2004,0.4,-297_8
1,911.0588330314564,1114.0005329891003,35239.68136478966,1354.7012407895727,0.5579833333333333,25.86279972299087,0.98004550194451,1.6751429589442717,-74.1761387979592,1.8572668499171108,2009,-0.8,-297_7
0,4015.8518294337086,0.0,15529.40238967014,7420.032292977516,0.8135,26.061098366740797,0.7937415308892787,0.854477458836021,-74.40071761898908,1.1925135396686648,2014,-0.3,-298_4
1,1558.93564841107,0.0,33943.881994192205,315.4105485869936,0.7014666666666667,26.419256622609453,1.0538169001507764,1.3539088567060056,-74.31537766699772,1.5608228061576688,2018,-0.8,-298_6
0,623.073835567368,498.1224905833905,16257.648028046528,1168.5535363251345,0.7608,24.64671532547419,0.8314165371072789,0.986168774404943,-74.5489396408688,2.3333739505004574,2001,-0.7,-299_9
0,155.29838172111332,0.0,10088.43061361487,53.69661577617125,0.6481833333333333,26.311029771968208,1.0357950495806507,1.3435265028973873,-72.54569655728226,2.3064244919768715,2004,0.4,-291_9
0,781.768938679586,0.0,32621.246326939006,2343.671350802351,0.6460833333333333,26.219748015233503,0.8581930507199204,0.7850832175166419,-74.38724288972728,1.3946344785955571,2020,0.6,-298_5
0,188.62158088867992,0.0,39120.04059062089,195.7202028733544,0.7370166666666668,26.414702997571908,1.0135601638703944,0.8908058937368514,-74.9082657545166,1.304802950183605,2004,0.4,-300_5
0,89.4445845510374,704.3559558206348,36042.3446492977,1293.7709612274273,0.8049666666666667,27.038029320985917,1.2328541808388669,1.6649545515877715,-72.34806719477596,2.6971916405688634,2022,-0.8,-290_10
1,1719.0105214740704,0.0,37200.8694140673,1934.978455940569,0.78985,26.944517171901737,1.1715612688709898,1.2374182054128395,-74.23452929142697,1.5967554175224494,2007,0.7,-297_6
1,396.31497426025527,498.0784953197638,29644.278903187325,1459.1032776974137,0.77405,25.637636576709667,0.7147799897331412,1.2960629471902163,-72.24476093710221,2.575919077212728,2017,-0.2,-289_10
0,725.9944300028287,0.0,42417.53246778154,1835.825999882616,0.7101500000000001,26.26024475346702,0.7806416905500809,0.7422424922739327,-74.40520919540967,0.572675993626195,2007,0.7,-298_2
0,205.48296040276315,0.0,24572.61747470261,652.580969547329,0.6884,25.870880114159377,0.7877913425726565,0.8464997193777614,-75.03852147071393,1.327260832286593,2006,-0.9,-301_5
1,281.2379319536553,0.0,25975.70863279883,235.9341266278763,0.6607000000000001,26.23430854284408,1.1831247018716902,1.379423307562682,-74.26147874995054,1.8617584263377085,2004,0.4,-298_7
0,1199.1403759841332,498.0977721542228,262.00639517051013,1233.3144270396874,0.7252500000000001,27.220918674097906,1.2883618192031825,1.3664102941816472,-72.61307020359122,2.472612819538983,2007,0.7,-291_9
0,2266.314939831938,2540.961020214596,16066.47880063789,9247.151134295498,0.8802666666666666,25.92277147255976,0.6555177404180039,0.8762735536136036,-74.56690594655119,0.0606362816780677,2018,-0.8,-299_0
1,76.25779353735216,0.0,14378.885094254509,167.87088969948033,0.6988666666666667,25.470272570003143,0.6677360421405427,1.4482172543961145,-72.49628921665568,2.4097307496506164,2009,-0.8,-290_9
1,70.54705545432148,0.0,29628.19925250977,32.42923809144032,0.6156833333333334,27.46103476027741,1.3346066650146546,1.425185799899566,-72.38399980614075,2.643292723521692,2007,0.7,-290_10
1,215.05747055144343,0.0,37367.80306319887,714.9427767052127,0.7243,25.498090135971893,0.6650116154753906,0.9182529225129028,-75.03852147071393,1.0847157055743222,2011,-1.3,-301_4
0,218.5023864852067,0.0,32807.578093950055,906.0517370900832,0.7265333333333334,25.718966095275448,0.7043920743732203,0.7441446669981694,-74.61631328717776,1.1026820112567126,2014,-0.3,-299_4
1,712.24384197607,0.0,45614.02831221878,7.990817548051611,0.7279333333333333,26.38112730993481,0.9954935363701466,1.0314125718747402,-74.68368693348673,1.2868366445012147,2004,0.4,-299_5
0,175.60767842615357,0.0,24823.36966933778,323.4968316730521,0.7504833333333334,25.82794205215856,0.6623406778208767,0.8531326253129183,-74.7286026976927,1.4799744305869118,2005,0.6,-299_5
1,1019.7414776044224,0.0,33331.2009430038,730.7893664571474,0.7218666666666668,26.1098997551664,0.8535735232986293,1.0667577843182958,-74.58038067581298,1.511415465531095,2006,-0.9,-299_6
0,8713.688424460688,10219.907452797705,14707.450011992389,8003.878761162044,0.8585666666666667,27.24025164505059,1.359652932461635,1.4901855614930153,-73.58325071044031,2.5265117365861545,2014,-0.3,-295_10
0,686.55962309612,0.0,16475.911336318124,1789.2942260514726,0.7621833333333333,25.709410910501447,0.8621216592139548,1.61526026586657,-73.54282652265493,2.189643505041334,2011,-1.3,-295_8
1,214.1671098423555,0.0,43335.21092127536,2126.912818437892,0.68445,26.095049112999103,0.9198722640354005,0.9274890338306406,-74.93072363661959,1.1296314697802985,2004,0.4,-300_4
0,98.95029799517673,704.4281146788506,18335.91297549443,4217.250641250586,0.8554833333333335,26.32005017964701,0.9313958070364482,1.2720276486177948,-72.24476093710221,2.427697055333007,2018,-0.8,-289_9
1,271.0193140606209,3151.003510788269,28127.62418203129,2401.6297497276,0.4636,26.59840033609805,1.191186936865593,1.6195808658369744,-74.08181569312664,1.6955700987755968,2004,0.4,-297_6
1,5519.800398546272,498.23047816748425,27876.03535815483,270.81285092591173,0.6004,26.13385952261291,0.9843030727969732,1.5821872575324836,-74.12673145733262,1.5877722646812542,2008,-1.6,-297_6
0,2936.9397509570563,4015.725854764615,4327.021143190624,5062.370018267063,0.77715,25.25049432499617,1.2924178918963964,1.3871302453292689,-73.87520317777916,2.517528583744959,2022,-0.8,-296_10
0,107.25526539795548,498.10911204273305,20248.82970086301,1800.906337872477,0.8142,26.2385759340454,0.945841748526059,1.2942673133476068,-72.2717103956258,2.4097307496506164,2018,-0.8,-290_9
0,1612.8299895672778,3029.855019221217,7524.792942696357,9507.367579922397,0.8513333333333334,26.576512632651717,0.840064129276294,0.821312827667639,-72.01119896323115,2.432188631753605,2020,0.6,-289_9
1,134.51706605066445,0.0,11115.579264667673,4.719371769908497,0.6837333333333333,26.34772826354441,0.9839703319872612,1.3195124265626934,-72.53222182802047,2.319899221238664,2018,-0.8,-291_9
1,105.60465428280284,0.0,13585.626818688856,314.24110796116804,0.77385,26.042204616281023,1.0377340505720425,1.1208189230612542,-74.1357146101738,2.517528583744959,2018,-0.8,-297_10
0,246.1019179333983,0.0,17422.23368880874,410.0198581512418,0.7995666666666668,25.450422611129227,0.8152034430138101,1.5964687399131872,-73.70452327379644,2.005488871796832,2006,-0.9,-295_8
1,4232.51665320637,996.4902784272408,17870.35445350165,624.587795722599,0.7633333333333333,26.008804251606875,0.8825488621142825,1.2827818390040742,-74.10427357522963,1.4575165484839236,2021,-0.9,-297_5
0,2546.193357343833,0.0,13934.624438102792,1186.3341992915052,0.7394333333333334,25.53576823560263,1.0429770230596267,0.8973257016298568,-74.88131629599302,1.830317391393525,2018,-0.8,-300_7
0,3818.633926558194,3522.9049625273747,27853.629621341493,6434.36605665743,0.70655,25.561640400454397,0.7579351391222705,1.5959634401500766,-74.05486623460305,1.7225195572991825,2017,-0.2,-297_6
1,251.1853253301092,1494.4040775088242,191.587618851353,1789.1673921337283,0.7510166666666668,25.83472521186667,0.9746213963360132,1.614431885252691,-73.84825371925557,2.261508727770896,2011,-1.3,-296_9
0,2937.9041956431383,0.0,28509.50536739767,694.7106368768982,0.6342,24.53974029306221,1.1160510304496043,0.6917341914223716,-74.68817850990732,2.310916068397469,2004,0.4,-299_9
1,194.45191667166432,498.1479448918765,10402.463510923442,1530.953452533057,0.8219000000000001,25.72693031372563,0.9517448735349864,1.3868594796080604,-73.0307868107068,2.1806603522001384,2018,-0.8,-293_8
1,2252.6194088244665,704.5487696036379,31644.39388596336,215.7058341749641,0.5576833333333333,26.58745677242877,1.245407312818633,1.1428449978071324,-74.21656298574457,1.893199461281892,2014,-0.3,-297_7
1,6446.122111549245,4016.687816550472,13584.939588168572,2487.6065522048607,0.5654333333333333,25.61695570674732,0.8215094321364544,1.6966377496800658,-73.76740534368481,1.762943745084561,2006,-0.9,-296_7
1,1003.0270669320196,1114.047975010502,30153.49328938691,208.3428993801746,0.5921000000000001,24.798206427154696,0.7744601578911796,1.3542189258208746,-74.10427357522963,1.6955700987755968,2001,-0.7,-297_6
0,271.9513932212493,704.58819976636,28918.908599562004,26.620189447105336,0.58685,26.217037573656683,0.8894077532311807,1.2035078303558349,-74.09978199880904,1.682095369513804,2013,-0.3,-297_6
0,1265.5303638370194,0.0,8132.525424770429,653.045343592115,0.7575166666666667,24.69935575696184,0.7799232703538173,1.3245231488804805,-73.71799800305824,2.1492193172559557,2001,-0.7,-295_8
0,296.57580242030235,1494.8772838430586,32917.15415357087,2838.9186597402195,0.7718,26.097788490905543,0.8133648790040192,0.6980846172577664,-75.25860871532322,0.9185273780122108,2004,0.4,-302_3
0,120.40049501632326,0.0,10372.6702974838,311.80860986572094,0.8330166666666666,26.901413600773253,1.431062831649473,1.5577020523598917,-73.72248957947883,2.544478042268545,2007,0.7,-295_10
0,811.4890252948987,0.0,31867.085704410056,1564.3572607034864,0.8455666666666667,26.172206712782383,0.7519370927512394,0.6455265062822253,-75.0969119641817,0.6894569805617328,2007,0.7,-301_2
0,730.2565331792407,0.0,34301.23992177931,452.55271820054224,0.7667,25.727878248661057,0.8223925413728543,1.270431740070006,-74.41419234825086,1.3946344785955571,2011,-1.3,-298_5
0,214.52091957730832,0.0,32882.33219536094,2151.3517769397185,0.8114166666666668,26.139827270380863,0.8215546107326737,0.8304489939812364,-75.09242038776111,1.0936988584155174,2018,-0.8,-301_4
1,659.7100893802897,704.4772441321295,1654.364520484003,1118.70671761631,0.6473833333333333,27.60188899369831,1.4274409200667506,1.3920511248653529,-73.85274529567616,2.2255761164061147,2007,0.7,-296_8
0,439.6306225546434,0.0,9655.26643051987,702.2994721071904,0.7279166666666668,26.019848399106134,0.9377085923195324,1.3517898954881984,-74.31088609057711,2.2974413391356765,2009,-0.8,-298_9
1,428.9170405611027,1992.194267635564,39057.78515889595,694.3733895460929,0.4494666666666667,26.770930827268277,1.1330583186860597,1.4313045232811834,-72.03814842175473,2.7286326755130466,2014,-0.3,-289_10
1,4790.304119560443,3592.951180784398,15167.558322634466,1011.284963341124,0.70315,26.428989449123605,0.7678146901994439,0.7987921819198838,-74.1851219508004,1.385651325754362,2010,1.5,-297_5
1,6436.091022401598,2490.996286629107,34862.02784035651,5228.028837672887,0.64495,25.24298938374244,0.6567999584589496,1.0868175504361928,-74.08630726954723,1.8348089678141228,2015,0.7,-297_7
1,4896.057058528244,498.2320618948564,32198.21899890976,2927.496256558978,0.5568833333333333,25.7810126145925,0.805038373822892,1.3651551381992704,-74.17164722153859,1.5742975354194615,2002,-0.1,-297_6
1,1245.2073660892822,0.0,30505.53815344987,405.4924050450293,0.62365,27.355481137902245,1.431931737729626,1.435677491485445,-74.25698717352995,1.6686206402520112,2022,-0.8,-298_6
0,3.1932959872010627,0.0,17571.097487376494,705.3389758551725,0.7376,26.047264426925324,0.617191034555431,0.350080544071466,-75.30352447952919,1.0622578234713342,2013,-0.3,-302_4
1,1682.4595531836096,498.0503865072288,41501.44379511398,635.3418627816563,0.5715666666666668,26.98200073044171,1.0146303818298823,1.0846979438412443,-72.21781147857864,2.719649522671852,2020,0.6,-289_10
0,96.46979146690124,0.0,35174.413850355915,7841.836924806268,0.7426,26.017673040240823,0.8242258001305132,0.7863339380293285,-75.21369295111724,0.927510530853406,2004,0.4,-301_3
1,2632.3012656859923,0.0,15767.689417105294,343.44117521222563,0.6655166666666668,27.022294555904352,1.095969407557453,0.717442720929248,-74.7420774269545,1.7359942865609754,2007,0.7,-299_6
0,311.7911917988536,498.1421107475255,16482.723691525975,1111.1287989891812,0.7856833333333333,25.755348630788944,1.01455950307254,1.4119591513039722,-72.96341316439783,2.2165929635649197,2004,0.4,-292_8
1,5323.971478683017,2989.3507865421216,24112.16488682428,1062.401329936086,0.6697833333333333,26.992066746324497,1.1853613216130592,1.332469696507984,-74.07732411670604,1.6326880288872303,2007,0.7,-297_6
0,82.31963968365866,498.11388005154,5818.629297541175,869.4184501610019,0.76725,27.124513910443,1.2441423897469897,1.3227474660437968,-72.59959547432943,2.382781291127031,2007,0.7,-291_9
0,2216.5851640911515,704.480371444088,5467.853875938273,2979.3876181915257,0.84585,27.01346574086017,1.2516328923419124,1.3660232955782794,-73.35418031298983,2.2121013871443216,2007,0.7,-294_8
1,280.4767292566362,0.0,25577.722847353973,54.3382794942375,0.6712,25.4115096045835,0.7924595511147429,1.4395029266544912,-74.26147874995054,1.7898932036081467,2017,-0.2,-298_7
1,704.0819230672098,498.17901212817065,26959.33013313636,204.9793498039063,0.5585,27.20662884370995,1.2844931821571808,0.9361781337924636,-74.1536809158562,1.978539413273246,2016,2.6,-297_7
0,32.60653291018807,498.279053969761,34612.14928260131,477.1652409049573,0.8117500000000001,25.85862526734917,0.7338550349118101,0.8479695400546655,-75.06097935281691,1.0981904348361151,2006,-0.9,-301_4
0,7188.70757347412,498.1886878984709,16183.798474776946,1428.5941431450103,0.8168166666666667,26.178949047123808,1.0191981583046268,1.5175113843620511,-73.88418633062035,1.911165766964282,2021,-0.9,-296_7
0,727.4651560122078,498.16420799270594,16511.483874034086,870.7005245872251,0.7664000000000001,25.87942422958628,0.9820317705453446,1.01982149241465,-74.61182171075716,2.077354094526393,2018,-0.8,-299_8
1,37.08736617791436,0.0,2520.618818405696,901.1802693629852,0.7271500000000001,26.30885319203537,1.040071411595971,1.623134860214065,-73.5877422868609,2.337865526921054,2008,-1.6,-295_9
1,411.2062888801059,996.1257450743856,35268.56254192477,1248.0038042791048,0.6041166666666667,25.772622862316386,0.8003884219789535,1.5995459952330833,-72.21781147857864,2.656767452783485,2011,-1.3,-289_10
1,3892.926898090239,1494.73974532358,19363.562687222904,1905.3079055091248,0.49395,26.614053760331046,1.1336294231228752,1.3819079675350252,-74.1761387979592,1.444041819222131,2004,0.4,-297_5
0,2858.3796566182,1494.4196982022822,2068.880422924785,7581.602574381209,0.8672833333333334,25.31127881481291,0.6615834925076598,1.31105070188799,-73.21044986753071,2.230067692826712,2017,-0.2,-293_8
0,198.6769164534076,0.0,9724.370606859884,2407.0086472978246,0.7624833333333333,26.572859921970576,0.9187819265264304,0.8670255136828825,-74.77801003831927,1.6461627581490232,2018,-0.8,-300_6
0,724.8621750575873,704.7133725849113,45680.41227402081,4527.208365179007,0.83635,25.889095848569863,0.7123781457806143,0.8572412361139784,-74.81843422610466,0.6580159456175495,2018,-0.8,-300_2
1,3864.3844028872695,4285.856999335138,18738.39850856963,1977.9101048659409,0.5357000000000001,24.814034221383565,0.7544389836021971,1.4482693339130035,-73.9919841647147,1.6686206402520112,2001,-0.7,-296_6
0,217.6943797904084,0.0,29806.03608914132,2857.288980495732,0.7659,26.132494035917148,0.7522739817614906,0.6241529915756597,-74.47258284171863,1.3003113737630074,2010,1.5,-298_5
1,1010.7405242587936,498.2489494469607,25863.381523606065,429.71343558778153,0.6560666666666667,26.30620816875836,0.970761392009749,1.2840050147598547,-74.27944505563293,1.4215839371191428,2018,-0.8,-298_5
0,209.5685502063497,0.0,29809.22740686363,138.94307187871718,0.7358333333333333,26.41101309014056,0.9342405492917456,0.6219589964717906,-75.01157201219034,1.237429303874641,2007,0.7,-301_4
1,1265.5303638370194,0.0,8132.525424770429,653.045343592115,0.6939000000000001,27.10634302875661,1.335429796096714,1.522167091784793,-73.71799800305824,2.1492193172559557,2007,0.7,-295_8
1,540.5141810463344,0.0,3929.335129610313,493.8200296457742,0.6826333333333333,26.803536461636327,1.35404984295414,1.042025037308324,-74.50851545308342,2.4411717845948,2007,0.7,-299_9
1,2195.461478901394,0.0,21021.33735963968,136.45231640296225,0.6273000000000001,26.296940947869587,1.1443477242173454,1.158820844142252,-74.42766707751265,2.2525255749297,2004,0.4,-298_9
0,2293.770382944771,0.0,30629.063530073425,56.48067107875031,0.6334000000000001,26.38557671709549,1.002699514223573,1.128646955678989,-74.44563338319504,2.162694046517748,2018,-0.8,-298_8
0,408.97783013966654,498.2422070389059,13213.952899623291,1654.6073660862835,0.7417,26.840270685580837,0.9789666737237972,0.9945758789040694,-73.99647574113528,1.4844660070075093,2016,2.6,-296_5
1,1129.951683504324,2053.476838194188,44370.449440098935,2140.5688824441686,0.4533666666666667,27.133499656673337,1.1628392439770991,1.1785431818117738,-72.16840413795207,2.7645652868778274,2019,0.9,-289_11
0,4654.583314376384,0.0,31991.521206056783,1830.8992966266028,0.7875166666666668,25.74208195645917,0.7937817820089866,1.3911543390281913,-74.27944505563293,1.5069238891104977,2012,-0.7,-298_6
0,2814.4113271621777,498.2576517224798,4593.00030578787,607.0327956219079,0.8169833333333334,26.01435745906298,0.8901362225821726,1.2441783611000756,-74.09529042238843,1.3362439851277883,2018,-0.8,-297_5
0,303.7495224277991,0.0,20314.99558710505,1231.3845672672498,0.6720666666666667,25.964128806929185,1.02635478573766,1.2084744837202273,-74.38275131330668,1.969556260432051,2018,-0.8,-298_7
0,294.60061490204697,0.0,20245.91262631262,655.9923962918904,0.6551833333333333,25.821239380023428,0.7091804640151973,0.9793564051270272,-74.75555215621628,1.511415465531095,2011,-1.3,-300_6
0,198.67968172567527,0.0,32866.5663110969,2009.7315189526728,0.8235833333333334,26.138197098608146,0.8461983574344333,0.9891479092583166,-74.33334397268011,0.6265749106733662,2004,0.4,-298_2
1,206.7119302000553,0.0,26303.92874733409,1536.8621848936264,0.7234333333333334,25.745563880541454,0.7431045321086751,1.028576663450811,-74.66122905138373,1.5383649240546806,2011,-1.3,-299_6
0,2855.074168212436,0.0,15143.524401606235,1502.5902589357313,0.6579666666666667,26.44472719498259,1.093597198865477,1.393857097155358,-74.11325672807082,1.430567089960338,2004,0.4,-297_5
1,27.62628569550517,0.0,2825.96422838071,3947.404560671594,0.6244000000000001,26.144075698530287,1.048457288939771,1.154444249537894,-74.17164722153859,2.337865526921054,2018,-0.8,-297_9
1,2772.308245492791,0.0,21394.07884463988,1.573041287146629,0.6208166666666667,27.144017260464068,1.2572746218031676,1.3132876886925986,-74.26597032637115,1.3676850200719717,2022,-0.8,-298_5
0,1465.5342793624272,0.0,12131.95888408828,7252.34795567805,0.8631666666666666,26.50697741935761,0.9583409585897936,0.88784436684744,-74.43215865393326,1.075732552733127,2007,0.7,-298_4
1,781.768938679586,0.0,32621.246326939006,2343.671350802351,0.7629833333333333,26.17527716417408,0.9774343051775456,1.210317536680467,-74.38724288972728,1.3946344785955571,2018,-0.8,-298_5
1,206.8505789279977,0.0,26072.129696056847,829.5371300244261,0.6521,25.6957390936106,0.7350035807404929,1.0072585060718935,-74.69716166274851,1.4934491598487043,2009,-0.8,-299_5
1,177.56880304176076,0.0,7448.998046586539,557.5578358328669,0.7399166666666668,26.784972492292297,1.171623191176142,1.3345148307099792,-72.77027537831214,2.2031182343031266,2007,0.7,-292_8
1,747.7945174895467,0.0,9991.710182632232,169.0372151961304,0.6416333333333334,26.444031103018855,1.116255876467594,1.532624626814883,-73.7808800729466,2.12226985873237,2004,0.4,-296_8
1,8763.933050454787,1575.46714302457,29066.468136277,5049.283209277878,0.5984333333333334,25.8135950714518,0.7500055078981736,1.5671419568778182,-74.01444204681768,1.7809100507669515,2005,0.6,-297_7
1,393.3694672415912,1408.8121769774707,15248.802405558734,1410.7756136566686,0.8783833333333334,25.630199444483253,0.665140029986989,1.2040490274825475,-72.08306418596071,2.5130370073243613,2017,-0.2,-289_10
0,376.2708887188751,498.0716094348281,4079.453384540667,5.083162914166109,0.7242666666666667,21.33434044919636,0.6989792558664213,0.4690858040184633,-74.77801003831927,2.611851688577509,2004,0.4,-300_10
0,215.8453147268505,498.2678590627736,37785.78816263224,1921.232116007409,0.6729166666666667,25.021038178865357,0.4967420584538931,0.6951291790415496,-74.62529644001896,1.2284461510334457,2015,0.7,-299_4
1,82.5494322402093,0.0,4305.05055844206,719.001313891312,0.7228833333333333,27.168572855215476,1.2895872646699045,1.389262604300337,-73.32723085446625,2.2929497627150788,2007,0.7,-294_9
0,210.5925541447459,0.0,28972.606875461977,764.7678539488707,0.6338333333333334,25.4975425652828,0.6609761097917503,0.8350967418775853,-75.03852147071393,1.20149669250986,2009,-0.8,-301_4
1,1959.991673058271,0.0,18184.02861748691,897.0612084530741,0.6901833333333334,26.469918669305912,1.100919356048345,1.0650956725514569,-74.55343121728939,1.6461627581490232,2004,0.4,-299_6
1,2772.683241908243,0.0,36224.09954979544,891.4997503500596,0.5879166666666668,27.13373644624193,1.316638004972012,1.2626344854740592,-74.3558018547831,1.475482854166314,2022,-0.8,-298_5
0,105.60465428280284,0.0,13585.626818688856,314.24110796116804,0.7635166666666667,26.18722904579369,1.0991960983813025,1.0580479800054703,-74.1357146101738,2.517528583744959,2021,-0.9,-297_10
0,366.087237139294,498.2372050539783,30407.933836935717,978.3499753045782,0.7698666666666667,26.493265437786874,0.8449362332208333,0.602163177502255,-74.49953230024222,1.5293817712134854,2010,1.5,-298_6
0,282.5133551065918,498.2836635642393,31514.60154871232,1713.153827193252,0.8450166666666666,26.05030332209816,0.7649862878007395,0.7508821205640673,-75.16877718691126,1.039799941368346,2018,-0.8,-301_4
0,34.82993152686973,498.1154641496287,732.817300564341,847.3354026702084,0.81805,26.823942200902707,1.0166163168301483,0.9948258175169032,-73.15655095048353,2.3737981382858355,2020,0.6,-293_9
0,4754.931555298007,704.5460861434119,22828.25798889701,4630.57239186258,0.7099166666666668,26.076967529053604,1.0819787590629968,1.6061908194038257,-73.71350642663764,1.9066741905436844,2004,0.4,-295_7
0,2179.599450589018,0.0,15877.344079353448,4429.188168030198,0.7857166666666667,25.96280183381936,0.7074204689782299,0.8873954675985818,-74.28393663205354,1.2778534916600195,2013,-0.3,-298_5
0,235.45697992279,498.2283612963036,8044.1486077773725,3208.594394587206,0.6836666666666668,25.61940043108075,0.8053540635921372,1.7186068387728088,-73.91562736556453,1.6057385703636446,2011,-1.3,-296_6
1,275.4424802447368,0.0,38745.93326190237,643.667099808273,0.7468833333333333,25.4783589766933,0.572821527238101,1.0350318608170526,-74.59385540507476,0.824204273179661,2017,-0.2,-299_3
1,1434.8089850094111,1409.0740754126448,15537.143006669956,943.3821211325402,0.69825,26.138235097681047,1.0286892122889255,1.3891364419269452,-73.95605155334991,1.9515899547496605,2021,-0.9,-296_7
1,3742.144986126536,3793.6404226349655,3126.775620442834,3413.7070792757027,0.5322,26.03057003806248,1.0901515008383391,1.4324669039980942,-73.81681268431139,2.2929497627150788,2004,0.4,-296_9
0,270.84709508014646,0.0,15008.25672386853,3953.244028741793,0.7162666666666667,26.27019623411172,0.7818504934773526,0.8393440889376919,-74.09079884596784,0.3975045132228882,2007,0.7,-297_1
1,1973.4319327072892,0.0,19325.50274891302,122.32547143837036,0.6294500000000001,26.282006367056454,1.1511678583301048,1.289537749281577,-74.3513102783625,1.7090448280373898,2004,0.4,-298_6
1,221.8402544351513,0.0,4338.027901445206,5016.970698583171,0.6731333333333334,27.05339739829293,1.3838696041197238,1.3290009996793437,-74.14918933943561,2.3333739505004574,2022,-0.8,-297_9
1,1770.7316714793878,498.3076045476328,51824.24231605061,4385.241067439468,0.7706000000000001,26.000195769924236,0.6336411526395292,0.553597069229692,-74.7241111212721,0.6580159456175495,2020,0.6,-299_2
0,1286.4552398615965,498.166262406438,12339.600159388534,731.5879458850718,0.809,24.69935575696184,0.7799232703538173,1.3245231488804805,-73.74045588516123,2.063879365264601,2001,-0.7,-295_8
1,764.9364461962067,0.0,21860.13936000396,4250.313485448386,0.4808166666666667,25.91352212986948,0.9660938795935184,1.9028979399669277,-73.99647574113528,1.911165766964282,2011,-1.3,-296_7
1,109.37158959018004,0.0,10177.177544922037,1287.2037088258908,0.69655,26.239354500963486,1.0056832302616134,1.40044625674354,-72.13696310300787,2.4366802081742023,2023,-0.5,-289_9
1,1558.93564841107,0.0,33943.881994192205,315.4105485869936,0.6218166666666667,26.41625831572759,1.0251102410563084,1.0198793042538483,-74.31537766699772,1.5608228061576688,2014,-0.3,-298_6
0,973.0758377869076,0.0,25696.295338722943,4200.003232633487,0.8102166666666667,26.594609942145723,0.9924764111040664,0.940555431525668,-74.50851545308342,0.9140358015916132,2022,-0.8,-299_3
1,2813.503827859484,2904.7513232633187,3503.4226697766567,968.277163520811,0.6746666666666667,26.580443251499844,1.1510299211824515,1.4966485343652665,-73.87071160135855,2.0998119766293817,2004,0.4,-296_8
0,820.2484378522125,0.0,13318.00878504962,1124.3351478214468,0.7790166666666667,26.05316310901901,1.0765980729906075,1.5225179125887454,-73.64164120390808,2.126761435152967,2004,0.4,-295_8
1,764.9364461962067,0.0,21860.13936000396,4250.313485448386,0.46215,25.798751154155923,0.9139461246131612,1.7549231335132198,-73.99647574113528,1.911165766964282,2006,-0.9,-296_7
1,218.93285162885027,704.686144677189,36367.63087855546,4437.049775577712,0.8185666666666668,26.110226174848265,0.8660836072260176,0.779782909923104,-75.15530245764947,0.9769178714799795,2004,0.4,-301_3
1,3801.511822418601,0.0,57587.99990972037,6507.758265718678,0.5853666666666667,26.370855465609168,0.8624769594746461,0.7206883258938005,-74.75555215621628,0.7658137797118921,2022,-0.8,-300_3
1,3259.213141767628,498.189315170448,20637.45532433701,4300.981909363616,0.5836,25.6953783769128,0.8978892666960917,1.89042428233154,-73.9740178590323,1.9066741905436844,2012,-0.7,-296_7
1,208.613650186654,0.0,30685.223253209308,1244.8143436055864,0.7712166666666668,26.219918927496902,0.9038057836477876,0.9357017788377994,-74.66122905138373,1.4709912777457166,2018,-0.8,-299_5
0,308.53901381562105,0.0,7654.962489417268,1393.9313528549646,0.7258333333333333,25.55532404894228,0.8412980545894794,0.9094972607803492,-74.9352152130402,1.7090448280373898,2011,-1.3,-300_6
1,192.0659348160044,0.0,32943.0309220484,1186.2988177629504,0.7782166666666668,25.74613983439474,0.6208281514499191,0.7127379680380037,-74.3288523962595,0.617591757832171,2014,-0.3,-298_2
1,4824.123920464962,0.0,17037.7239775334,3541.7234993332345,0.7320166666666668,26.14970087104132,1.0359087578349613,1.625438350870643,-73.76291376726421,1.93362364906727,2018,-0.8,-296_7
1,1994.158501942993,0.0,14114.322591413533,293.0143417191064,0.7100833333333333,26.28624157776511,1.122543509922468,1.1748539424758626,-74.49504072382162,1.6776037930932064,2004,0.4,-298_6
1,1959.991673058271,0.0,18184.02861748691,897.0612084530741,0.7189166666666668,26.118230479250656,0.9591524794045118,1.0584491215884442,-74.55343121728939,1.6461627581490232,2008,-1.6,-299_6
0,102.44789793077952,498.272249252354,45702.930616379446,1271.6300741800335,0.6909333333333333,26.373462664224974,1.0013879548604223,1.0324394338290876,-74.7196195448515,1.179038810406872,2004,0.4,-299_4
0,1741.1119868707676,1113.8696975521868,569.9114927814043,5647.049800531648,0.8486166666666667,26.525470774074904,1.108472318866367,1.336916760738596,-73.2329077496337,2.243542422088505,2014,-0.3,-293_8
1,202.95302742616605,0.0,1223.1114164767316,5399.894739853606,0.7974166666666668,25.65320260539778,0.7614056747086071,1.262139835093799,-72.08306418596071,2.310916068397469,2008,-1.6,-289_9
1,92.94547237511247,0.0,16059.022027506251,498.0805570161802,0.6935166666666668,26.91676064548409,1.2907992219228113,1.126492594401474,-74.3468187019419,1.830317391393525,2007,0.7,-298_7
0,35.104718047818345,0.0,9673.80986409258,477.5276475025945,0.7103166666666667,26.55827898879085,1.0511676892154846,1.3916878395197887,-72.52323867517927,2.463629666697788,2018,-0.8,-291_9
1,303.8031354479867,0.0,8990.097117536516,1978.2946847946257,0.8024333333333333,26.41962903599972,1.1994043461489925,1.3597738123290306,-74.20757983290338,2.221084539985517,2008,-1.6,-297_8
1,4733.3277376932965,2491.1809291729496,27296.30850680041,62.72614679126022,0.6745166666666668,26.752494413695217,1.0928936017232609,1.247929586572223,-74.1357146101738,1.5383649240546806,2007,0.7,-297_6
0,5602.862258782454,4907.822039548194,38179.39496152256,9794.19287230501,0.8442333333333334,25.84128000710604,0.6998140796747712,0.9105240309631308,-74.64326274570135,0.5142855001584261,2018,-0.8,-299_2
1,1003.0270669320196,1114.047975010502,30153.49328938691,208.3428993801746,0.5606666666666668,26.59840033609805,1.191186936865593,1.6195808658369744,-74.10427357522963,1.6955700987755968,2004,0.4,-297_6
0,594.5706471892348,498.1034813419798,15518.502142639742,4830.392075817671,0.8562666666666666,26.32005017964701,0.9313958070364482,1.2720276486177948,-72.20433674931684,2.4411717845948,2018,-0.8,-289_9
1,265.99256812572,0.0,48159.444884893295,4560.309041980837,0.69145,26.48926945857136,0.6781697318401568,0.4269740057934431,-74.59385540507476,0.6759822512999399,2016,2.6,-299_2
1,763.7719680970328,0.0,26538.129445178227,3925.0592207853288,0.8452833333333334,26.307964718677567,0.9586587798190842,1.2032358454776144,-74.39622604256847,1.318277679445398,2018,-0.8,-298_5
0,380.2637899681794,0.0,36390.25126980236,424.4956261680188,0.7477666666666667,25.749613775476973,0.6146449997404414,0.6671614879279559,-74.48605757098042,0.7164064390853184,2014,-0.3,-298_2
1,218.2979538799353,0.0,3556.246959255812,3254.545583207824,0.7732833333333333,25.82799524550427,0.9362718594884676,1.4117751797647955,-74.19410510364158,2.2704918806120906,2009,-0.8,-297_9
1,2282.25259247536,498.2356683839486,31832.56257636098,477.0318926678022,0.6687833333333333,27.13373644624193,1.316638004972012,1.2626344854740592,-74.38724288972728,1.5428565004752783,2022,-0.8,-298_6
1,212.9784243529818,0.0,43093.76269294855,1969.60330954946,0.8136,26.616053150204323,1.0235890236267926,0.829535226981463,-74.57139752297178,1.4036176314367523,2007,0.7,-299_5
0,158.05654385905595,0.0,20933.094410693266,5688.497243281983,0.8078000000000001,24.07720078865321,1.201993224113438,0.3905657439175065,-74.85885841389003,2.3693065618652382,2007,0.7,-300_9
0,85.75307150692902,0.0,26419.181957910743,240.001440971054,0.8543833333333334,26.442984088677008,0.9606213431393162,0.8791903641600287,-72.02467369249294,2.611851688577509,2019,0.9,-289_10
1,6348.980101828974,1409.1505863462571,12450.103302375315,135.034081683802,0.753,26.789189613994665,1.2484705914677805,1.6447784934076417,-73.71350642663764,1.753960592243366,2022,-0.8,-295_7
0,795.276685537237,704.4709451070357,402.991593219026,7096.511758496624,0.84465,26.38756956338767,1.0452346091285332,1.408063690014772,-73.19697513826891,2.2525255749297,2018,-0.8,-293_9
0,202.5291184411501,1113.9023464828504,695.5630423994771,1361.8015157699906,0.8675833333333335,26.098176073454283,0.8668200735450302,1.1419357980045632,-72.17289571437266,2.153710893676553,2018,-0.8,-289_8
1,272.8847873092595,0.0,14325.022025962307,684.0208990287075,0.6776500000000001,27.11226581406487,1.195447781123791,1.2908056429787973,-72.58612074506765,2.1806603522001384,2007,0.7,-291_8
0,243.76719524680703,2491.0870023194693,6015.967288161919,844.4694236187815,0.8120166666666667,25.58910536182526,0.8003050480563646,1.6239332380905267,-73.75393061442301,1.6955700987755968,2006,-0.9,-296_6
0,3756.1442328523935,1575.8186860327555,30026.518827475866,6200.985858544866,0.81035,26.277823284742965,0.7737823098487876,0.8110023094463027,-74.23902086784756,0.4019960896434859,2007,0.7,-297_1
1,1292.540839859562,0.0,9653.61213574622,152.61981309620103,0.7158666666666668,26.601789648473076,1.0995817552311973,1.4625856099389274,-73.94257682408812,2.0998119766293817,2018,-0.8,-296_8
0,1135.0335751065302,0.0,5936.374553096077,907.933348356166,0.7224666666666667,26.450849800822823,1.0293571549995402,1.3569939431456692,-72.63103650927361,2.4007475968094214,2018,-0.8,-291_9
1,91.56796645142646,0.0,19711.558098314843,309.7550255866228,0.6747333333333333,27.226583192877115,1.3662995256172128,1.0658141687575091,-74.40520919540967,2.257017151350298,2007,0.7,-298_9
1,310.0395441533245,0.0,9711.881502072574,1404.22986293879,0.7314666666666667,26.905548052878142,1.2509440569452184,1.3553686858258116,-73.0352783871274,2.2525255749297,2007,0.7,-293_9
0,370.6103624447815,0.0,27104.31629920091,2072.2848195661327,0.7506166666666667,25.745563880541454,0.7431045321086751,1.028576663450811,-74.7241111212721,1.4575165484839236,2011,-1.3,-299_5
0,23.5984675125732,498.28121766227554,40963.48003414871,792.4860731900067,0.7238,25.51839707038124,0.6287302714256833,1.0782449437355932,-74.69267008632792,1.0712409763125297,2017,-0.2,-299_4
0,1769.2973149110294,704.712441354628,20454.80813759578,4641.054172804637,0.8631666666666666,26.322639027950515,0.8469616331793149,0.8043971725979358,-74.23003771500636,0.6714906748793423,2007,0.7,-297_2
1,6771.110217629128,498.2431792056967,22587.39905389751,178.76323844553818,0.5738166666666668,25.987341823079877,0.8428151179296698,1.4933382049137809,-74.18063037437979,1.475482854166314,2011,-1.3,-297_5
0,4188.406316470449,1113.9487757522786,2233.8185438807664,8615.831443672485,0.7262333333333333,25.735434326732445,0.9015987596817868,1.378975983166188,-73.01282050502441,2.0189636010586245,2018,-0.8,-293_8
1,76.5581683708532,0.0,35729.16211356514,783.8218576852489,0.5994833333333334,24.9550366205371,0.7708185312735635,1.343174261079801,-72.13247152658728,2.6927000641482657,2001,-0.7,-289_10
0,38.37944279829041,0.0,341.5107360612318,1217.4540082413662,0.7461,26.384906215443152,1.093766824287303,1.3063051192511557,-72.82417429535931,2.4097307496506164,2014,-0.3,-292_9
1,84.97810395256319,3341.1308901328607,29505.882253527998,1681.799573408267,0.62985,25.41135826823779,0.6473749488920539,1.466304532643614,-72.11450522090489,2.6388011471010944,2009,-0.8,-289_10
0,497.99399908392354,0.0,5771.52380385504,2708.809871185321,0.8109666666666667,25.89314332025458,0.9876732492535132,1.1855785361529596,-74.25698717352995,2.4411717845948,2006,-0.9,-298_9
1,179.81910222462156,0.0,10735.22686735419,435.8592456364974,0.7673333333333333,26.784972492292297,1.171623191176142,1.3345148307099792,-72.83315744820051,2.2165929635649197,2007,0.7,-292_8
0,2328.4434958757283,0.0,34587.24938622245,2194.034869574543,0.81845,26.097543313475228,0.9729476891556448,1.617378824568265,-74.19410510364158,1.718027980878585,2011,-1.3,-297_6
0,381.846925558764,498.1621222052114,14854.116991276567,878.5988677039677,0.7119166666666668,26.992863586628918,1.3230415606056003,1.625148454963953,-73.69104854453465,2.0908288237881862,2022,-0.8,-295_8
1,224.51527063023337,0.0,31536.470451886948,1606.097880958481,0.6938833333333333,25.979055480986347,0.7601809735625898,0.9909087523119204,-74.49953230024222,0.7972548146560754,2018,-0.8,-298_3
0,147.2798087567472,704.4720097349503,63.5294810686683,3099.825096355853,0.7403666666666667,26.50148474507256,0.7353597718660763,0.8459223392593551,-72.06958945669892,2.2480339985091025,2010,1.5,-289_8
1,76.76282177156929,0.0,8275.396685098407,473.9001887187952,0.6263166666666667,26.947803964262505,1.0274381694932888,1.1202101723103086,-73.5877422868609,2.283966609873884,2020,0.6,-295_9
1,218.2043118928568,498.21228846245856,24509.79089278747,915.3914026764744,0.7268666666666668,27.05601399315259,1.1183154308868857,0.8569566552313016,-74.28393663205354,1.7359942865609754,2016,2.6,-298_6
1,554.875685207616,498.0575550325484,34657.44645188,1182.1881200155392,0.5555166666666668,26.625976300178596,1.0802274013425543,1.4838778667826011,-72.12797995016669,2.6837169113070707,2014,-0.3,-289_10
1,381.93479068848256,0.0,40348.06334912385,1100.508008735931,0.6514333333333333,26.008422658446705,0.9256985035351204,1.0811117778608923,-74.63877116928074,1.3721765964925692,2008,-1.6,-299_5
0,221.3475090174483,0.0,24278.866542373507,1532.1064220834487,0.7639333333333334,26.18052485378604,0.8452022472391308,0.9418587995013604,-74.31986924341831,1.3452271379689835,2014,-0.3,-298_5
0,2907.4566109147872,2490.7031825871986,2216.514949385481,5205.500861709041,0.83155,26.214452108870603,0.9979730346635556,1.4011514624512698,-73.2329077496337,2.2255761164061147,2018,-0.8,-293_8
0,185.45656175577457,498.30990921814913,27990.28780086228,2128.964414785914,0.7564000000000001,26.138197098608146,0.8461983574344333,0.9891479092583166,-74.27046190279174,0.6086086049909758,2004,0.4,-298_2
0,770.6133134442692,704.7174965899457,17844.024252118095,3920.905340563561,0.8421500000000001,26.307255793423508,0.8095874955923671,0.8070674755781683,-74.1761387979592,0.595133875729183,2007,0.7,-297_2
0,107.23554933845202,0.0,41466.14634893283,4910.231734165311,0.7241833333333333,26.376488619908,0.6611064897972542,0.3777526931630204,-75.15081088122888,0.9095442251710156,2016,2.6,-301_3
0,270.9162588933896,498.3041553609602,34646.756400364604,1158.3679130620928,0.7088333333333333,25.63661739551526,0.5274758025752412,0.604477949053256,-74.47258284171863,0.7253895919265136,2013,-0.3,-298_2
1,262.42333205555,0.0,5657.859726197494,80.10567003009551,0.6738333333333333,26.21870775549951,1.0082450656606703,1.5180650491589824,-73.9740178590323,2.1716771993589434,2011,-1.3,-296_8
0,1892.0671882317,0.0,9307.120563473914,2141.175951468984,0.7476,26.583886908947704,1.004030227096276,1.0698876877411612,-74.64326274570135,1.8348089678141228,2018,-0.8,-299_7
0,222.2870276876155,498.2973980215028,55985.399131379134,4788.932105934688,0.8177500000000001,25.50603403012326,0.5774962800880806,0.5765388660080155,-74.93072363661959,0.8421705788620515,2014,-0.3,-300_3
0,2363.0718433508764,498.1703398437125,13585.995780229194,1410.822262335009,0.8007833333333333,25.61993655914296,0.8842819495239015,1.757293835238647,-73.73147273232003,2.036929906741015,2011,-1.3,-295_8
0,3123.0527647085987,3891.22421289239,18474.62668647282,2387.0235867041265,0.5460833333333334,26.55717605321269,1.0800721045513664,1.4021640309776895,-73.9830010118735,1.673112216672609,2014,-0.3,-296_6
0,9800.352534501628,2491.0203575794,24286.49655398251,1707.382883085667,0.6366833333333334,26.609248204433925,0.906717081913784,1.107911824273677,-73.93808524766752,1.798876356449342,2010,1.5,-296_7
0,86.455163416006,2490.340636213247,28531.3293477519,1231.391407773672,0.72875,26.42811542394776,0.9499173279154564,1.0637323616179395,-72.11450522090489,2.6298179942599,2003,0.9,-289_10
1,2942.9682353219714,0.0,12100.23433871896,388.7601699987807,0.6284333333333333,26.940500235374486,1.298522424498629,1.5427884134867689,-73.45748657066358,2.221084539985517,2022,-0.8,-294_8
0,2509.1334569984706,498.15581774179856,9755.14601333131,3338.674423241984,0.8150166666666667,26.20969796685796,0.8978842662971154,1.0168079233953795,-73.51587706413135,2.131253011573565,2020,0.6,-295_8
0,1242.1764498290256,704.5173436474081,1166.1401182461584,468.2053761602736,0.8184,26.005260313613235,0.9512143177634684,1.7836637108494162,-73.85274529567616,2.0459130595822104,2011,-1.3,-296_8
0,316.43047225588526,0.0,14384.482496854636,10.642152369286512,0.7043166666666667,25.674949299440694,0.9362113446008866,1.3746404588651704,-72.87358163598589,2.2121013871443216,2018,-0.8,-292_8
0,5265.427493693227,498.29711581043694,20804.141222816288,7662.860610732798,0.8318166666666666,25.8260863472118,0.7524454358003445,1.0129520508391072,-74.41419234825086,0.8466621552826491,2018,-0.8,-298_3
0,63.54689664774382,0.0,2933.37718190585,311.28288835790875,0.7017333333333333,26.78064602789857,1.1606102286768547,0.88001055077609,-74.47258284171863,1.7943847800287442,2007,0.7,-298_7
0,750.365633834966,498.1696655006204,13417.212332076651,815.7077063989659,0.6970500000000001,25.93648413068752,0.9731075601602486,1.7500283758149973,-73.9830010118735,2.0414214831616126,2011,-1.3,-296_8
0,4562.998057674202,0.0,52652.20081457357,9012.40464002464,0.6496000000000001,26.39399236514771,0.6548759260074967,0.3913249696486285,-74.67021220422492,0.7074232862441232,2016,2.6,-299_2
1,508.4583398390355,498.2829736956703,27493.36541456884,893.0293483745936,0.7920166666666667,26.029756225833975,0.8169670179503496,1.0130906277943037,-74.57139752297178,1.0487830942095413,2018,-0.8,-299_4
0,280.77670294006657,498.1316655764819,6000.097628251246,825.4681265852904,0.8461500000000001,26.0382317731266,0.9975265175803306,1.5614843519014103,-73.45748657066358,2.279475033453286,2008,-1.6,-294_9
1,278.1690534343995,0.0,22084.62712646887,3728.448070108985,0.7456666666666667,26.629248757763776,0.8401605892049098,0.6021422367272061,-74.5219901823452,1.039799941368346,2016,2.6,-299_4
0,210.5925541447459,0.0,28972.606875461977,764.7678539488707,0.5891333333333333,26.13166227089636,0.9594476576801804,0.8737312482147587,-75.03852147071393,1.20149669250986,2004,0.4,-301_4
0,15.230218840238644,0.0,41525.12320671279,2027.1302686387728,0.7513166666666667,25.93032483097477,0.8005321622909026,0.8501197514763588,-74.99809728292855,1.0712409763125297,2018,-0.8,-300_4
0,71.52855634687155,2227.39695328426,34904.88747375071,9097.144974713608,0.8667,26.30863465316338,1.0336264195758975,1.3988675209538095,-71.9258590112398,2.66575060562468,2004,0.4,-288_10
1,3864.3844028872695,4285.856999335138,18738.39850856963,1977.9101048659409,0.4200166666666667,26.09116898007335,0.9907637808071944,1.744783208190011,-73.9919841647147,1.6686206402520112,2008,-1.6,-296_6
1,2776.27590742223,704.5370377063224,29610.971414236425,2706.341876019715,0.5759500000000001,25.79297197276486,0.9728421499953308,1.580758479112493,-74.1536809158562,1.9515899547496605,2009,-0.8,-297_7
0,2723.07049505953,1575.6176368332517,8528.231217369494,211.47179798561683,0.69955,26.44472719498259,1.093597198865477,1.393857097155358,-74.09978199880904,1.3721765964925692,2004,0.4,-297_5
1,2537.086709682952,498.2111280621901,35038.16254780355,198.21002971492587,0.4951166666666667,26.73526923853012,0.944999480871136,0.9767999058508297,-74.12223988091202,1.7449774394021706,2010,1.5,-297_6
0,102.6542264380872,1992.3545743667212,16208.860215585815,2097.2509885017826,0.8244833333333335,26.392118917046275,0.9558716912830354,1.3297155169189196,-72.05162315101653,2.5220201601655567,2018,-0.8,-289_10
0,71.52855634687155,2227.39695328426,34904.88747375071,9097.144974713608,0.80235,26.674603905509343,1.116872902738152,1.476748172348206,-71.9258590112398,2.66575060562468,2022,-0.8,-288_10
1,285.4881326050943,0.0,42428.4381439558,443.4628507450629,0.7467333333333334,25.68110338006943,0.8233485601353778,1.1886949971609926,-74.5399564880276,1.4215839371191428,2011,-1.3,-299_5
0,2203.5789998235746,2490.736117345633,1721.0938898434945,2906.6466285231368,0.8475,25.421147488497866,0.7055368168236432,1.591107960063093,-73.23739932605429,2.185151928620736,2009,-0.8,-293_8
1,380.2637899681794,0.0,36390.25126980236,424.4956261680188,0.7276166666666667,25.96632316611823,0.7339506133960398,0.9616576206457031,-74.48605757098042,0.7164064390853184,2018,-0.8,-298_2
1,233.76848318712763,0.0,31882.722444733816,975.820684080353,0.6401833333333333,26.201534104762743,1.1867922015858772,1.3119577535559477,-74.28393663205354,2.0189636010586245,2004,0.4,-298_8
0,973.0758377869076,0.0,25696.295338722943,4200.003232633487,0.7952166666666667,26.23176050045896,0.9521154024555668,1.055167366879899,-74.50851545308342,0.9140358015916132,2004,0.4,-299_3
1,413.0576611117379,1113.6905497601208,40370.053860985936,1905.6339990060333,0.5287333333333333,26.213677461392702,0.8881955485826305,1.4083673777113408,-72.2627272427846,2.6837169113070707,2002,-0.1,-290_10
1,1263.2772824911506,0.0,35138.76299808545,1187.6815731450706,0.6040166666666668,25.864942539574542,0.7709654589775196,0.8529116791346266,-74.40970077183027,1.5024323126898995,2013,-0.3,-298_6
0,1264.0216728110615,0.0,6239.083860120829,1054.1071051329116,0.8624333333333334,26.555460880941723,1.3398808521701375,1.5046846784298218,-73.71799800305824,2.5040538544831663,2014,-0.3,-295_10
0,219.608040911824,0.0,52993.11924011701,1107.3613666079807,0.7876000000000001,26.11979138945168,0.8089829771129242,0.6918259768184876,-74.99360570650796,0.9409852601151988,2007,0.7,-300_3
0,6.1943160878112185,0.0,28823.66494813731,1808.5953918376213,0.6512166666666668,26.82321429157406,1.1652596617682704,1.5241030143588084,-72.24925251352282,2.562444347950936,2022,-0.8,-289_10
1,156.3415187594235,0.0,12714.745024718168,509.3904917372177,0.6447833333333334,26.4473295542868,1.0025658398294943,1.2484791729517546,-72.52773025159988,2.288458186294481,2014,-0.3,-291_9
1,208.12053491866783,0.0,9780.140421443097,1228.5286578944222,0.7654166666666667,26.72153783872443,1.2386370296892275,0.9970151889797964,-74.42766707751265,1.8797247320200987,2007,0.7,-298_7
0,315.2433904307687,0.0,6773.298720822012,6.661750526683265,0.7241000000000001,26.372949971483763,1.0470640930568478,1.3971415857442555,-73.06222784565098,2.3423571033416524,2018,-0.8,-293_9
0,73.91186218199358,498.1324340725064,1364.203729772785,884.0942281943835,0.8067000000000001,27.280263472165014,1.4447901643590275,1.193621449996078,-74.06834096386486,2.2749834570326883,2007,0.7,-297_9
1,1872.598671144209,1494.469570407842,6372.033947693201,1469.3491432433636,0.5311166666666667,26.07331348151598,0.9358954085412942,1.7085535898844764,-73.84825371925557,2.126761435152967,2011,-1.3,-296_8
0,107.75031052967216,0.0,8289.386528407958,452.96259578290784,0.6358833333333334,26.372949971483763,1.0470640930568478,1.3971415857442555,-73.05773626923039,2.283966609873884,2018,-0.8,-293_9
0,2252.6194088244665,704.5487696036379,31644.39388596336,215.7058341749641,0.5273333333333333,26.60547433102801,1.1065467884493894,0.9336851884894898,-74.21656298574457,1.893199461281892,2020,0.6,-297_7
0,47.15498776318144,498.2082113685,23027.975289943857,491.6174315901657,0.8454666666666667,26.028921969316627,0.9491187687373492,0.8606151718304593,-74.28842820847413,1.7674353215051586,2003,0.9,-298_7
0,239.5808533698741,0.0,9875.829738579438,335.8991142690772,0.6889500000000001,26.3936463439116,1.1440082131188465,1.6109043761469763,-73.90664421272334,1.978539413273246,2004,0.4,-296_7
0,23.53470616499625,0.0,31454.562247696056,429.2583954883123,0.8085833333333333,26.139827270380863,0.8215546107326737,0.8304489939812364,-75.12386142270529,1.08920728199492,2018,-0.8,-301_4
1,299.72679030391305,0.0,10691.625706509933,625.03570730802,0.7949166666666667,27.226583192877115,1.3662995256172128,1.0658141687575091,-74.39622604256847,2.3423571033416524,2007,0.7,-298_9
1,580.9131172751889,996.1061690402285,38325.68410710638,3702.8544116875455,0.5652666666666667,26.460539688065467,1.1549805265527142,1.7060494018902386,-72.17289571437266,2.706174793410059,2023,-0.5,-289_10
1,68.19237364417293,0.0,37643.84090812722,4882.756170851807,0.8154333333333333,26.05030332209816,0.7649862878007395,0.7508821205640673,-75.15081088122888,0.9634431422181868,2018,-0.8,-301_3
1,1229.5550797332426,2054.207621718165,14506.765732495238,347.5568551667501,0.5570666666666667,26.474529773852225,0.9243340492448802,1.1665585391539353,-73.92011894198512,1.6865869459344016,2020,0.6,-296_6
1,2773.708813745636,1113.9949926952097,32628.09464570777,2362.7240453665527,0.5549166666666667,25.86279972299087,0.98004550194451,1.6751429589442717,-74.20308825648277,1.8752331555995008,2009,-0.8,-297_7
1,114.07862164432456,0.0,4991.327661358077,2340.1837171055963,0.79905,26.01295118082868,1.0051086388376824,1.4573117351246194,-74.12223988091202,2.221084539985517,2011,-1.3,-297_8
1,34.021167322637694,0.0,21643.199574747327,755.0866784281591,0.7325833333333334,26.282006367056454,1.1511678583301048,1.289537749281577,-74.36927658404488,1.659637487410816,2004,0.4,-298_6
0,121.67095971437466,0.0,109.1628230597632,1452.3648794934315,0.7048833333333333,26.817314812200777,1.2013732670621475,1.305514122947499,-72.76129222547094,2.3019329155562738,2007,0.7,-292_9
0,1720.490773658922,1409.3749944567628,23355.966507183497,4677.723465645249,0.8662000000000001,26.366343668797583,0.9170923642780698,0.8183108226839749,-74.51300702950401,0.9634431422181868,2007,0.7,-299_3
0,267.18860053521405,0.0,5393.867168384001,68.22116807649219,0.62715,27.238215351641884,1.377664675835505,1.48410028207045,-74.02791677607946,2.1447277408353576,2022,-0.8,-297_8
1,2933.0532563580973,0.0,23405.949934932814,1482.3038730578348,0.7202000000000001,25.88211427674929,1.0668787350340538,0.8932134811772686,-74.67470378064553,2.131253011573565,2018,-0.8,-299_8
0,4479.189959272497,2818.320776632781,19926.15485535845,4938.75488424959,0.8354166666666667,26.6096072274114,0.8765861184027005,1.062014701897043,-73.95155997692932,1.7270111337197802,2010,1.5,-296_6
1,100.58755648116193,498.2930394105461,59909.39698964616,56.243609263853806,0.7032,25.849320302934927,0.7322385331852018,0.8678047434471069,-74.93072363661959,0.9095442251710156,2018,-0.8,-300_3
1,703.4007837454462,498.1209378755324,8074.111198505648,1136.6155918549046,0.7797333333333334,26.788854265619705,1.0720246494634866,0.8129501714851783,-74.34232712552131,2.3423571033416524,2020,0.6,-298_9
1,89.95731349916153,704.3672692566004,37616.15156339396,205.1885688514417,0.5454833333333333,26.587675981635982,1.1100652124579382,1.5585433308181555,-72.25823566636402,2.656767452783485,2004,0.4,-290_10
1,6446.122111549245,4016.687816550472,13584.939588168572,2487.6065522048607,0.63405,26.11904028376369,1.002850846746121,1.644327292747537,-73.76740534368481,1.762943745084561,2018,-0.8,-296_7
1,2813.503827859484,2904.7513232633187,3503.4226697766567,968.277163520811,0.6359166666666667,27.580179010509426,1.4211699913738334,1.4447196457182088,-73.87071160135855,2.0998119766293817,2007,0.7,-296_8
0,26.90371434420681,0.0,40815.282012831616,493.86573976159394,0.7882333333333333,25.400244352357333,0.5867478953019177,0.9607617907400944,-75.07894565849931,1.017342059265358,2017,-0.2,-301_4
0,1594.4159341678378,704.669337349086,2384.830144677117,1174.3178134972325,0.5778,26.79737070291304,0.8855348622932576,0.7202046076327421,-74.27944505563293,1.1296314697802985,2016,2.6,-298_4
0,8.98076274258644,498.1107118402495,14015.616059135866,682.9518500328313,0.6491333333333333,24.177017310640736,1.0626517799093045,0.3019090098791711,-74.9127573309372,2.4007475968094214,2016,2.6,-300_9
1,6771.110217629128,498.2431792056967,22587.39905389751,178.76323844553818,0.5709000000000001,26.926204781158788,1.1351118977266752,1.1913147899269116,-74.18063037437979,1.475482854166314,2007,0.7,-297_5
0,967.218561847041,498.31241769095016,42977.11186212189,9504.334139902045,0.7190000000000001,26.04771365249519,0.8193445654463042,0.9004852081213519,-74.61182171075716,0.550218111523207,2004,0.4,-299_2
0,765.3227072617249,498.0412884490602,46396.73712709075,1487.125878252014,0.8194166666666667,27.16007544443784,1.268735114156949,1.7885289906651012,-72.280693548467,2.7645652868778274,2022,-0.8,-290_11
1,495.2039563592886,0.0,5459.5609153611285,3509.240591413632,0.6808333333333333,26.144075698530287,1.048457288939771,1.154444249537894,-74.19859668006218,2.2525255749297,2018,-0.8,-297_9
0,218.26736469922287,0.0,31460.243283432104,374.552350209207,0.8445666666666667,26.520237708689933,1.107447537189124,1.256490727028612,-74.42766707751265,1.349718714389581,2004,0.4,-298_5
0,1302.0407458221505,0.0,26061.490627057465,1537.7723560457594,0.6284666666666667,25.64975246394289,0.8666008772690815,1.1422878109959014,-74.33334397268011,2.12226985873237,2002,-0.1,-298_8
0,2981.3568274182303,0.0,32531.94676033527,1521.7948269554618,0.7356166666666667,24.925582746231328,0.9898357920375372,0.8179032865514483,-74.67021220422492,2.2165929635649197,2018,-0.8,-299_8
1,1210.6155882097194,0.0,17829.177095589006,415.3916356874108,0.6587666666666667,25.76841003019507,0.895104203655445,1.3481775241885636,-74.43665023035385,1.659637487410816,2011,-1.3,-298_6
1,120.87225829345624,498.1949449010899,27542.29650300139,618.4680068972671,0.6280833333333333,26.39807189438818,1.244041898370594,1.4875214034384605,-74.24800402068875,1.866250002758306,2004,0.4,-297_7
0,279.45038062514294,704.6755459074766,28025.35522435309,1220.0393160901092,0.8574,26.20011494497101,0.9900419078647514,1.0927733676708706,-74.57588909939238,1.075732552733127,2004,0.4,-299_4
1,267.32295182377555,498.166262406438,26155.772041906603,259.7736723828173,0.6299166666666667,27.21488850691719,1.43424469519933,1.132223891256245,-74.23902086784756,2.063879365264601,2007,0.7,-297_8
1,771.4439531759339,0.0,23863.39001660734,135.70620531145602,0.7062833333333334,26.13764460635213,1.1669434971128707,1.4897252033875197,-74.10427357522963,1.9875225661144411,2004,0.4,-297_7
1,4896.057058528244,498.2320618948564,32198.21899890976,2927.496256558978,0.6007666666666667,26.944517171901737,1.1715612688709898,1.2374182054128395,-74.17164722153859,1.5742975354194615,2007,0.7,-297_6
1,205.7410610714525,0.0,22737.06843441944,298.06604696102886,0.6321666666666668,26.028573039564947,1.123837528409824,1.2523440572892997,-74.36478500762429,1.983030989693844,2004,0.4,-298_7
0,97.01730961456865,498.0628725371929,32081.835237573207,2225.5253183253726,0.8022166666666667,26.051574770902505,0.7098026407624481,1.3302491475601306,-72.36603350045836,2.656767452783485,2005,0.6,-290_10
1,1994.158501942993,0.0,14114.322591413533,293.0143417191064,0.5937833333333333,25.703268700505475,0.8292058228365566,1.263402115233588,-74.49504072382162,1.6776037930932064,2009,-0.8,-298_6
0,762.7750962873258,0.0,9902.794822875698,966.057066898286,0.7089500000000001,26.05316310901901,1.0765980729906075,1.5225179125887454,-73.5787591340197,2.086337247367589,2004,0.4,-295_8
1,6695.8820051749335,2054.1430961291376,33245.83810084091,4082.997383320297,0.4606,26.228514696376124,1.025179977027474,1.7304717458482062,-74.04139150534127,1.8078595092905367,2018,-0.8,-297_7
1,1286.5380854019334,996.344725735024,12899.387522796498,2027.1543512702867,0.6557333333333333,26.121662498460463,0.9689478197967611,1.077459726139204,-73.9740178590323,2.023455177479222,2003,0.9,-296_8
0,209.18915046090896,0.0,40025.84039572111,1707.0015996894083,0.85965,26.667716769176025,0.971518417317653,0.6506106788782738,-74.903774178096,1.282345068080617,2007,0.7,-300_5
1,204.8773051658655,0.0,39347.162705877054,508.1106995215946,0.6869833333333334,25.81487456642543,0.7864790141695784,1.1063085931625716,-74.58936382865417,1.4350586663809357,2011,-1.3,-299_5
0,2081.928549520361,1575.7968222458123,46713.47740340637,6004.735925613513,0.8542333333333334,25.88353886792305,0.7121802827725293,0.917856999303674,-74.62978801643955,0.5906422993085854,2018,-0.8,-299_2
1,6241.129278248641,5977.41380113507,3827.220168093998,6277.582066847293,0.6761,25.04283286167629,1.0314437846037696,1.393200086754069,-73.82579583715258,2.360323409024043,2004,0.4,-296_9
1,61.04143030740015,498.0548727299032,35728.05512157314,1937.286623550476,0.5368166666666667,26.854929050440376,0.9300382480431816,1.1477021526151467,-72.10552206806369,2.6971916405688634,2016,2.6,-289_10
1,2521.3551896720983,0.0,11631.364442177632,1599.4884415662204,0.8382666666666666,25.33643229963593,0.7204382997325153,1.5708666652142729,-73.80333795504959,1.9650646840114532,2017,-0.2,-296_7
1,26.33518774564197,498.21170826266217,17908.378295083134,729.9039512788595,0.8106,26.04509785784495,0.9692744064104702,1.4236916966373496,-74.3468187019419,1.740485862981573,2006,-0.9,-298_6
0,292.9223273266179,0.0,21509.772976022243,21.32865115983658,0.7314333333333334,25.88211427674929,1.0668787350340538,0.8932134811772686,-74.7330942741133,2.086337247367589,2018,-0.8,-299_8
0,7027.23152127258,498.2738014886996,10330.39881744498,9271.967180281204,0.7401,26.543183517738957,1.0804188274843751,1.2233644346473165,-74.36478500762429,1.1610725047244816,2004,0.4,-298_4
1,2480.1710258390544,498.305111728748,24289.55984470913,5115.091513738164,0.7934833333333333,25.83400701038425,0.7330098054589477,1.0080182643814153,-74.31088609057711,0.7074232862441232,2018,-0.8,-298_2
1,226.0249121460294,498.306491403634,35505.21537849787,945.277103774614,0.7875833333333333,25.390132642707897,0.5603922158323741,1.0494602927798693,-74.43665023035385,0.6804738277205375,2017,-0.2,-298_2
0,2245.026777098092,1494.437341861478,3304.584146764557,3781.052536243417,0.81365,25.41752131892298,0.7043336550884001,1.57818390360122,-73.34070558372804,2.194135081461931,2009,-0.8,-294_8
1,2681.674658516397,4700.059053817835,34771.4632608193,4739.403135944344,0.58765,25.41171411767226,0.7801249637803417,1.6517435693964506,-74.07283254028545,1.7898932036081467,2017,-0.2,-297_7
0,3829.4319080961113,2989.87986798801,40161.19340592437,9822.99530958261,0.8584333333333334,25.84128000710604,0.6998140796747712,0.9105240309631308,-74.62529644001896,0.5277602294202189,2018,-0.8,-299_2
0,5687.136989454444,4016.747994724712,21267.33365430741,5856.078662860289,0.55715,26.55717605321269,1.0800721045513664,1.4021640309776895,-73.9830010118735,1.704553251616792,2014,-0.3,-296_6
1,221.90794792130265,0.0,23325.899032001867,413.7259211136297,0.7673833333333333,26.469918669305912,1.100919356048345,1.0650956725514569,-74.58038067581298,1.6057385703636446,2004,0.4,-299_6
1,9213.085057229331,2682.9110326984382,18006.878922411765,1618.0501652660969,0.5005666666666667,26.206063907601163,1.082461632897054,1.6905173198078585,-73.798846378629,1.798876356449342,2004,0.4,-296_7
1,2776.646942355018,2227.8014666931163,7301.213422694174,879.7699045821229,0.6029,26.20694609650332,0.9689076905893516,1.659149207698379,-73.82130426073198,2.1582024700971503,2011,-1.3,-296_8
0,1814.2435164889669,0.0,11257.823973183777,90.4158924481322,0.7505666666666667,26.10692603970216,1.054667107314729,0.9310542395405662,-74.69267008632792,2.000997295376234,2018,-0.8,-299_8
1,61.04143030740015,498.0548727299032,35728.05512157314,1937.286623550476,0.6047833333333333,25.44658873023752,0.6839682411907826,1.5499867542958057,-72.10552206806369,2.6971916405688634,2012,-0.7,-289_10
0,6615.409648652707,704.6931956532574,17358.50948940389,9761.300440217714,0.8616333333333335,26.47130711326469,0.9868645908020772,0.9872794040338784,-74.41868392467147,0.905052648750418,2022,-0.8,-298_3
0,2135.6186559614366,0.0,3004.3274540345387,370.3943594823296,0.6379833333333333,26.811832247449388,1.0957025645449212,1.4281913535288195,-72.62654493285302,2.55346119510974,2018,-0.8,-291_10
1,9418.26066180454,1114.0181705766745,20524.081185438983,1354.4628847411625,0.6532333333333333,25.936122388786032,0.9147523085433762,1.947908482153376,-73.87969475419975,1.798876356449342,2011,-1.3,-296_7
0,2681.674658516397,4700.059053817835,34771.4632608193,4739.403135944344,0.5588833333333333,26.17910833368535,0.9546608248557976,1.2599201575808603,-74.07283254028545,1.7898932036081467,2013,-0.3,-297_7
1,1788.797809028527,0.0,13950.855067107374,186.84119566087764,0.7804833333333333,24.58264109972373,0.8065910532851981,1.040393202446488,-74.41868392467147,1.9246404962260748,2001,-0.7,-298_7
0,2001.4844907040556,704.4142957095632,2283.8724435446798,1050.4261256395623,0.6810166666666667,27.141778327865666,1.2940678189735102,1.364628595729353,-72.6579859677972,2.481595972380178,2007,0.7,-291_9
0,1244.6153414643622,1113.933626837793,1555.941210108561,7474.57742222525,0.8662333333333334,24.83427294268705,0.627029006072242,1.315609664020475,-73.0307868107068,2.063879365264601,2017,-0.2,-293_8
0,1093.0734591109072,2989.1991193294566,36955.18331797138,1295.3384442590104,0.70675,24.664121189449475,0.8236685178742906,1.2618309785591333,-74.1581724922768,1.830317391393525,2001,-0.7,-297_7
1,3478.958925018883,498.2475382528247,15516.4820188488,799.8493387398415,0.7186166666666667,26.64179611025378,1.053923645030865,1.1384911222489913,-74.10876515165023,1.4350586663809357,2007,0.7,-297_5
1,3023.2224652868467,4982.111280621902,12461.61327183055,98.11258698473512,0.5047333333333334,25.515192286173544,0.649046646959046,1.3212848354078854,-73.67757381527285,1.7449774394021706,2005,0.6,-295_6
0,270.946166703802,704.4292459147335,3442.081188791132,9499.869418494767,0.8530333333333334,26.44619211534712,1.0646652734765174,1.6254358163795546,-73.63714962748747,2.4232054789124096,2008,-1.6,-295_9
1,571.160404510493,1992.8674065275893,35069.76119580895,1463.6614021617206,0.6286666666666667,26.110802531694105,0.9726494601163131,1.5333375216040086,-74.1536809158562,1.7000616751961946,2006,-0.9,-297_6
1,1210.5118353170824,0.0,23015.6228851774,1056.7679479868757,0.7116166666666668,25.968450582790467,0.8709344184238793,1.192488256390058,-74.46359968887744,1.6012469939430471,2011,-1.3,-298_6
1,154.73002537525826,996.3002183077148,8533.655721942963,2489.075697333566,0.7080666666666667,26.595438132601032,1.0165663712145918,1.0041382550704678,-73.93359367124692,2.1671856229383457,2003,0.9,-296_8
1,6771.110217629128,498.2431792056967,22587.39905389751,178.76323844553818,0.4870333333333333,26.726795432694644,1.17745179913529,1.4453339042566622,-74.18063037437979,1.475482854166314,2004,0.4,-297_5
1,497.99399908392354,0.0,5771.52380385504,2708.809871185321,0.79245,25.876490791846265,0.9797927371628578,1.0793081264938509,-74.25698717352995,2.4411717845948,2018,-0.8,-298_9
0,198.8122454056395,0.0,26026.77999061087,3365.300647870357,0.6534833333333333,25.435442511289523,0.5528914331432037,1.0635843679031172,-74.26147874995054,0.6265749106733662,2017,-0.2,-298_2
0,110.04365878807934,0.0,52657.62597817458,362.1175943030919,0.6926666666666668,25.91253175425481,0.664481218196117,0.599274607948624,-75.02953831787273,0.9005610723298203,2020,0.6,-301_3
0,243.9042820146834,498.2554095290888,7767.943742513722,5081.409307938586,0.8173166666666667,26.754090711414904,1.146515166741532,1.4093378694911711,-74.04588308176186,1.3587018672307762,2022,-0.8,-297_5
1,207.46522710923676,0.0,1479.0120073651992,277.8931472505378,0.6399333333333334,26.887732093800707,0.9932005138076097,0.968792478802426,-73.34519716014863,2.315407644818067,2016,2.6,-294_9
1,9800.352534501628,2491.0203575794,24286.49655398251,1707.382883085667,0.7296166666666667,26.01462505540013,1.0006591326499836,1.8219646132770344,-73.93808524766752,1.798876356449342,2008,-1.6,-296_7
1,782.9790458480614,0.0,18571.680005969283,2550.713875919901,0.6804666666666668,26.601213231699543,0.9625993767879044,0.7070658392110154,-74.78250161473987,1.511415465531095,2007,0.7,-300_6
1,434.5121599933908,1494.1457007266729,39100.86691928695,1187.0936497860214,0.4378166666666667,26.86299511879696,1.1710332808429702,1.5311823398544646,-72.03365684533414,2.7286326755130466,2022,-0.8,-289_10
0,12.498664289561654,0.0,356.53294143898586,3676.5453020958416,0.6876,25.399234258414424,0.5992353221165764,0.9271111671088172,-73.54282652265493,2.3737981382858355,2015,0.7,-295_9
0,250.25616294585652,498.1696655006204,27937.871799924236,1968.007186150607,0.8323666666666667,25.964128806929185,1.02635478573766,1.2084744837202273,-74.36478500762429,2.0414214831616126,2018,-0.8,-298_8
1,275.6740224202315,0.0,49849.72556881276,395.0864968837074,0.8433166666666666,25.94050604507248,0.7407339095286732,0.913092458179804,-74.69267008632792,0.7972548146560754,2018,-0.8,-299_3
0,617.774660129207,996.5902179431624,45881.60715358416,2864.7032357868784,0.8279000000000001,25.97789050017758,0.7525642459789269,0.9348897568024496,-74.69716166274851,0.8781031902268323,2018,-0.8,-299_3
0,107.16838661649702,498.2942309770403,35863.64927625864,2778.5650875449587,0.7026666666666668,25.685238382258436,0.5694045776886268,0.6339933494853844,-74.60283855791596,0.8915779194886251,2013,-0.3,-299_3
0,4081.077768317999,498.2111280621901,12118.440123059478,1487.5921579907374,0.5086833333333334,25.58733553175915,0.7837506948412926,1.4607738356505562,-73.80333795504959,1.7449774394021706,2002,-0.1,-296_6
1,4089.828907319319,7734.483096214317,21756.28158926672,124.49254513144687,0.53955,26.357777875469598,1.0211992346784426,1.652865511597227,-74.03689992892066,1.659637487410816,2018,-0.8,-297_6
0,3668.5905411136464,0.0,24066.10812882661,8198.326230326198,0.7487333333333334,26.07699553084575,0.8938917270096786,1.0243706409773516,-74.41868392467147,0.8062379674972706,2004,0.4,-298_3
1,274.4278982006235,0.0,23238.90192772519,16.590099154610446,0.6709,26.278175437163497,1.108507053333259,1.2493626475612092,-74.21207140932397,2.072862518105796,2018,-0.8,-297_8
0,61.67129756488206,498.0994033574021,28569.17004300346,3229.6765595898914,0.8398666666666667,25.635248945385623,0.757790842500533,1.4518331794363943,-72.33010088909357,2.463629666697788,2011,-1.3,-290_9
0,56.59078722493325,498.27609063650647,27798.772748847205,1299.6986293216812,0.6989166666666667,25.576190692512967,0.6427173637253785,0.8264705579053238,-75.11487826986409,1.134123046200896,2009,-0.8,-301_4
1,119.1641344062618,0.0,25026.878152280555,171.02091647899854,0.6732833333333333,26.25383734827585,0.9718891641918748,1.319436205736304,-72.40645768824373,2.3648149854446405,2018,-0.8,-290_9
0,810.1368887563949,498.17901212817065,8854.916805400491,1716.3946852614908,0.7329333333333333,26.277685038767345,1.1200154466208188,1.598434551231494,-73.83477898999378,1.978539413273246,2004,0.4,-296_7
1,616.8700814046409,0.0,30471.06905946768,53.942880483807045,0.5863,26.84684289930607,1.017556819724987,0.7468104619217399,-74.40970077183027,1.5473480768958758,2016,2.6,-298_6
1,3247.700103314742,2113.4689272023847,7260.541457723379,274.9020699141811,0.5314333333333333,25.91793278275668,0.845453906943696,1.6839063634338605,-73.84825371925557,2.1716771993589434,2009,-0.8,-296_8
0,231.18577161658,0.0,31243.83740614782,4824.344527865303,0.75875,26.05030332209816,0.7649862878007395,0.7508821205640673,-75.22716768037903,0.9634431422181868,2018,-0.8,-301_3
0,1063.1371182259577,498.0376021195588,47425.13392817038,2142.7113346374786,0.7999333333333334,27.57738667555003,1.3484865574449518,1.6380511844221453,-72.20433674931684,2.782531592560218,2007,0.7,-289_11
0,1226.7541005237274,1409.2375598173646,20858.25331235221,1114.094354663658,0.78625,26.4057170534403,0.7812065793414239,0.8748646421927343,-74.07732411670604,1.4979407362693022,2010,1.5,-297_5
0,383.2462379456063,0.0,4500.037544995347,3621.809689127415,0.7539333333333333,26.32937830834345,1.0997994747536508,1.5070280644766925,-73.92011894198512,1.5473480768958758,2004,0.4,-296_6
0,761.1697819627421,498.21570692321615,13976.195147066945,1270.516624098576,0.8449333333333334,27.04501113476539,1.24751281862952,1.5310078824700155,-73.89766105988214,1.7090448280373898,2007,0.7,-296_6
1,1434.8089850094111,1409.0740754126448,15537.143006669956,943.3821211325402,0.6288166666666667,26.121662498460463,0.9689478197967611,1.077459726139204,-73.95605155334991,1.9515899547496605,2003,0.9,-296_7
1,8007.783804096117,704.5592815725303,31435.957113407207,2118.966147805527,0.5717333333333333,26.02905391419193,1.01870610859953,1.8399303380348335,-74.04588308176186,1.8393005442347203,2008,-1.6,-297_7
0,212.2714892375675,0.0,21325.559651639454,48.6548000522201,0.6066833333333334,26.19304723895885,1.1196620424151644,1.3439770032051337,-74.3378355491007,1.93362364906727,2018,-0.8,-298_7
1,212.2714892375675,0.0,21325.559651639454,48.6548000522201,0.5794166666666667,26.83226323765001,1.3100749373151024,1.1060980848872717,-74.3378355491007,1.93362364906727,2007,0.7,-298_7
1,214.91085971659805,0.0,39740.666704891846,3234.127712221058,0.7119500000000001,26.6961562338077,0.9724299710663816,0.6700477690105916,-74.52648175876581,1.3721765964925692,2016,2.6,-299_5
1,280.77670294006657,498.1316655764819,6000.097628251246,825.4681265852904,0.6779666666666667,27.08953055456493,1.31569504148142,1.557557171942581,-73.45748657066358,2.279475033453286,2022,-0.8,-294_9
1,3956.011521755115,2113.9374990760725,7291.920421513371,1815.2458515448316,0.50485,26.33327843295143,1.0665622902224612,1.3047033865348616,-74.14918933943561,1.3137861030248,2004,0.4,-297_5
1,76.5581683708532,0.0,35729.16211356514,783.8218576852489,0.5985333333333334,27.080845803184214,1.2058651446832045,1.4693289522897215,-72.13247152658728,2.6927000641482657,2007,0.7,-289_10
0,3944.243163612283,4484.016442111358,912.4841839842636,7720.914503427412,0.8459333333333334,26.6892383421133,1.1805874841409048,1.5084070023654206,-73.71799800305824,1.6416711817284255,2022,-0.8,-295_6
0,68.30541920105664,498.0759229274188,6499.2401722424565,265.229061642268,0.5801833333333334,27.5457013351882,1.3382760233129567,1.4158526445524078,-72.64001966211481,2.5893938064745208,2007,0.7,-291_10
0,301.9016318509605,0.0,3942.442974589109,498.384795536604,0.7458833333333333,25.309447603865408,0.6814729538486547,1.2439171819878612,-74.5489396408688,1.7943847800287442,2017,-0.2,-299_7
0,300.9165333756767,1113.8630343875318,22981.138939661803,4491.407243241724,0.77875,26.870488277802508,1.1640084815301155,1.2047532448364155,-72.35255877119657,2.261508727770896,2007,0.7,-290_9
0,287.4084942015322,498.24705217391903,39435.73345737156,768.0725550885568,0.7140500000000001,26.026965932265,0.8202788277167699,0.7858881612848888,-74.58487225223358,1.4395502428015332,2014,-0.3,-299_5
0,212.49680468881385,0.0,24884.497568705392,1615.744819860251,0.64685,26.306682136592315,1.0780027117344302,1.1967163789760054,-74.29291978489474,2.1043035530499794,2018,-0.8,-298_8
1,212.2714892375675,0.0,21325.559651639454,48.6548000522201,0.6867500000000001,26.23430854284408,1.1831247018716902,1.379423307562682,-74.3378355491007,1.93362364906727,2004,0.4,-298_7
1,2565.2759936502166,2054.32328425932,22841.69725992292,1542.3032090718857,0.5336500000000001,27.143996759152003,1.2388343177016308,1.3984828054660587,-74.22554613858577,1.444041819222131,2022,-0.8,-297_5
1,657.6484193606135,2540.3277347617964,37480.41214511978,1185.0615859303855,0.5324,25.956941153315825,0.9961119691764374,1.5506624150971458,-74.1536809158562,1.8348089678141228,2006,-0.9,-297_7
1,119.28948915456256,0.0,15075.005050446003,588.0516311194525,0.71985,26.72153783872443,1.2386370296892275,0.9970151889797964,-74.36478500762429,1.866250002758306,2007,0.7,-298_7
0,1245.2073660892822,0.0,30505.53815344987,405.4924050450293,0.76175,26.49948153115662,1.198457453175379,1.4088076010932191,-74.25698717352995,1.6686206402520112,2004,0.4,-298_6
0,1311.758290642972,1408.946104363116,330.3513855091171,917.8726532344074,0.6334666666666667,27.02014918349312,1.2611125315265186,1.3766325577274674,-73.798846378629,2.243542422088505,2014,-0.3,-296_8
1,327.1967630960024,498.1536848704424,9041.88150924582,961.359482041969,0.5730500000000001,27.444154467763667,1.1713234661843035,1.1376391561011394,-73.89316948346155,2.1447277408353576,2016,2.6,-296_8
0,209.2896711318824,0.0,12679.917335807027,33.09959811738932,0.6865,26.91049885337196,1.2821346464264651,1.0477230663651678,-74.30190293773593,2.261508727770896,2014,-0.3,-298_9
1,1265.6948920662187,5389.152177059023,15671.46270579208,1305.578253558567,0.5066333333333334,26.53953058136483,1.1481750124277994,1.624866876197996,-74.00096731755589,1.61472172320484,2004,0.4,-297_6
1,272.8079483701321,0.0,47537.42992761389,2653.8983023142764,0.7441333333333333,25.90478350883012,0.711942933767639,0.9532584889100956,-74.50402387666281,0.595133875729183,2018,-0.8,-299_2
0,274.86163405125296,0.0,7783.292406688268,985.7030564744974,0.7445833333333334,26.3936463439116,1.1440082131188465,1.6109043761469763,-73.91113578914393,2.005488871796832,2004,0.4,-296_8
0,2776.646942355018,2227.8014666931163,7301.213422694174,879.7699045821229,0.66735,27.49844365444665,1.4011495262613525,1.4683536429531412,-73.82130426073198,2.1582024700971503,2007,0.7,-296_8
1,710.929921303294,0.0,26468.9037910845,2034.661093234533,0.6801,26.36471250678602,1.001686193556569,1.111868027602717,-74.49504072382162,1.5653143825782665,2018,-0.8,-298_6
1,89.30524551849749,0.0,5403.445091753549,97.33015697164892,0.741,27.168572855215476,1.2895872646699045,1.389262604300337,-73.32273927804565,2.283966609873884,2007,0.7,-294_9
1,1242.9318919091468,0.0,9184.483300360058,454.3004175080654,0.6792666666666667,26.26737580848732,1.0537714136447474,1.5635545607714023,-73.73147273232003,2.1402361644147603,2018,-0.8,-295_8
0,88.70261956489873,498.06638613743047,31931.530223098514,623.831651470658,0.5989666666666668,26.976205033420968,0.9633004427411972,1.0227450781609138,-72.18637044363444,2.6388011471010944,2010,1.5,-289_10
0,34.485558180092895,704.4142957095632,19567.94810563365,1167.2457931403037,0.7567666666666667,27.21661314854424,1.2682129376054403,1.3471361609974597,-72.43340714676732,2.481595972380178,2007,0.7,-290_9
0,215.37141690684385,0.0,8328.575106521395,159.3923159847097,0.6304666666666667,26.7839067990879,1.4273604807199003,1.0827810159562674,-74.20308825648277,2.495070701641971,2007,0.7,-297_9
1,88.94606750322227,3591.4597223830865,40520.55703376087,770.6482006147668,0.5638000000000001,26.47186619274692,0.9596200512542642,1.151310119200916,-72.0920473388019,2.7421074047748397,2003,0.9,-289_10
1,212.2418585140483,0.0,8573.504102209494,1646.1873464896105,0.7181833333333333,26.18741994623707,1.0460610166078177,0.7946860099102944,-74.23902086784756,2.45913809027719,2020,0.6,-297_9
0,2814.4113271621777,498.2576517224798,4593.00030578787,607.0327956219079,0.8161166666666667,26.11103544381723,0.701988377473073,0.7085903578195883,-74.09529042238843,1.3362439851277883,2010,1.5,-297_5
1,213.24066221021388,0.0,45838.65092868018,107.00170616738222,0.7462833333333333,26.38112730993481,0.9954935363701466,1.0314125718747402,-74.67919535706612,1.2868366445012147,2004,0.4,-299_5
0,1229.5550797332426,2054.207621718165,14506.765732495238,347.5568551667501,0.5749333333333333,25.75976731397532,0.6994566784963046,1.4681748951929574,-73.92011894198512,1.6865869459344016,2005,0.6,-296_6
1,5519.800398546272,498.23047816748425,27876.03535815483,270.81285092591173,0.5151833333333333,27.078590558742462,1.0505254739327017,1.03126926992086,-74.12673145733262,1.5877722646812542,2016,2.6,-297_6
1,134.51706605068784,0.0,11115.579264667673,4.719371769908497,0.76515,25.44871194012273,0.6485462225332322,1.4279522253255477,-72.53222182802047,2.319899221238664,2009,-0.8,-291_9
1,250.25616294585652,498.1696655006204,27937.871799924236,1968.007186150607,0.7878833333333334,25.574731224106984,0.8815599134124873,1.3648783737522805,-74.36478500762429,2.0414214831616126,2009,-0.8,-298_8
1,315.9150524279343,498.15581774179856,8853.716738452646,1172.66814703015,0.6778000000000001,26.20847068870609,0.9525990055634628,1.5383750208882685,-73.91113578914393,2.131253011573565,2006,-0.9,-296_8
0,418.3463395615787,498.2962691762803,40771.45670022699,686.281375715675,0.64615,26.017673040240823,0.8242258001305132,0.7863339380293285,-75.21818452753784,0.8601368845444419,2004,0.4,-301_3
1,221.27494062518147,704.6363423781094,25556.05828313634,976.163628765799,0.6929666666666667,26.489657790368256,1.1046186896280752,1.3339622642029216,-74.30190293773593,1.3811597493337644,2004,0.4,-298_5
0,281.9219871951349,498.2808570475089,50955.31013867768,2085.9015031092545,0.5712833333333334,26.17434032296626,0.803924013876463,0.8919417176467835,-74.78250161473987,1.075732552733127,2018,-0.8,-300_4
0,5156.063946442264,0.0,34794.097674497905,2177.5062848684524,0.8729833333333334,25.99945855240793,0.837834851026618,0.9021435510463488,-74.25249559710934,1.5608228061576688,2003,0.9,-298_6
0,276.269739280308,0.0,46630.31128081552,1792.0254068835068,0.8259666666666666,26.33141400237389,0.6456580676163276,0.430382465797167,-75.06996250565811,0.8331874260208563,2016,2.6,-301_3
1,214.7890935234177,0.0,40521.79364102987,2866.4105428441862,0.6223166666666667,25.05344940943411,0.5516909494709322,0.7112750174370056,-74.52648175876581,1.3811597493337644,2015,0.7,-299_5
1,657.6484193606135,2540.3277347617964,37480.41214511978,1185.0615859303855,0.4925333333333333,26.52077388864797,1.0492717757446883,0.9716357514242894,-74.1536809158562,1.8348089678141228,2020,0.6,-297_7
1,788.5216746067517,0.0,16174.770593685273,250.04001574119093,0.5835166666666667,26.17247385697584,1.1042046256060465,1.198359992924938,-74.49953230024222,2.02794675389982,2004,0.4,-298_8
0,327.1967630960024,498.1536848704424,9041.88150924582,961.359482041969,0.7091000000000001,26.601789648473076,1.0995817552311973,1.4625856099389274,-73.89316948346155,2.1447277408353576,2018,-0.8,-296_8
0,377.1312697732494,1409.2247425446376,6950.667826741171,1253.8952528801356,0.6366166666666667,26.32937830834345,1.0997994747536508,1.5070280644766925,-73.94257682408812,1.5383649240546806,2004,0.4,-296_6
0,141.01334417167828,0.0,4687.488447518515,31.87003766403712,0.7286166666666667,26.204645725158457,0.9926156272255988,1.4051014391153116,-73.9695262826117,2.185151928620736,2006,-0.9,-296_8
0,4679.370449378372,4484.365716018265,806.914782665535,8294.733988016269,0.8596666666666667,25.93498006640988,0.8721000073833091,1.228348229811447,-74.03240835250007,1.282345068080617,2018,-0.8,-297_5
1,215.6241907063216,0.0,37955.6007772828,2492.9657182173946,0.6131333333333333,25.05344940943411,0.5516909494709322,0.7112750174370056,-74.51749860592462,1.3587018672307762,2015,0.7,-299_5
0,3666.566033697704,0.0,20579.71154794437,4461.286827023228,0.7914166666666668,25.172427522080227,0.6998365424503871,1.5606326702714532,-73.66859066243167,1.9426068019084648,2017,-0.2,-295_7
1,89.22931757461552,704.469880477512,142.8094403926011,1266.5706865175437,0.70965,27.13637360696356,1.415196940462823,1.3478346908007266,-73.85723687209676,2.257017151350298,2007,0.7,-296_9
1,911.6422431657752,704.3685115051637,32902.25241785727,2064.17902381162,0.4781333333333333,26.864867464213035,1.155250228317265,1.5360058060171935,-72.17738729079326,2.6522758763628875,2014,-0.3,-289_10
0,19.454853121210142,0.0,22901.135589264588,1598.7617011657735,0.7475833333333334,26.322371101261524,0.9246464747869144,0.7647005500209074,-75.23165925679963,1.08920728199492,2004,0.4,-301_4
0,983.1241223334144,1992.968828155624,18749.18281405614,719.187868734833,0.8365166666666667,25.240989068222238,0.543303650055693,0.9574249999037142,-74.06384938744425,1.4844660070075093,2015,0.7,-297_5
0,2040.1211797560136,0.0,11602.175198389312,942.7532702841876,0.6630833333333334,25.685605101285148,0.8593600444824175,1.4134495105662357,-74.43665023035385,1.7225195572991825,2009,-0.8,-298_6
1,2078.9448668417945,1575.2958055552615,7611.774861217656,179.26753091460037,0.5344333333333333,26.068389754776376,0.903956202440608,1.5114818224164863,-73.81681268431139,2.153710893676553,2006,-0.9,-296_8
1,920.9552659932856,1113.6765197421555,37979.178778629575,220.67130200967568,0.5023666666666667,26.854929050440376,0.9300382480431816,1.1477021526151467,-72.12348837374608,2.715157946251254,2016,2.6,-289_10
1,215.47245887289063,0.0,37285.039339415925,5.17409246829025,0.6990666666666667,25.67022917166895,0.7137168744047303,0.7848878156989988,-74.54444806444819,1.327260832286593,2013,-0.3,-299_5
0,10.062404575403267,498.067264533617,28543.50601452426,306.4443398300644,0.7969166666666667,26.42811542394776,0.9499173279154564,1.0637323616179395,-72.05611472743712,2.634309570680497,2003,0.9,-289_10
1,581.680404528314,704.3559558206348,40620.26988252644,2216.091903396555,0.6898833333333333,25.822678465289016,0.654562616508946,1.3084980101257522,-72.24476093710221,2.6971916405688634,2005,0.6,-289_10
1,1239.031270596778,1575.8375749105617,5158.07135804548,6050.6143283711735,0.70615,25.689347699698143,0.5135242125067369,0.5842689350424766,-74.65224589854253,0.011228941051494,2014,-0.3,-299_0
1,5323.971478683017,2989.3507865421216,24112.16488682428,1062.401329936086,0.5315166666666667,26.676312063827996,1.1815237048502627,1.5605551271802731,-74.07732411670604,1.6326880288872303,2004,0.4,-297_6
1,286.07932292302144,0.0,8691.224267290962,257.9259174933198,0.6683333333333333,25.42942006335278,0.608890446039185,1.0263692802205735,-72.2717103956258,2.1492193172559557,2017,-0.2,-290_8
1,327.1967630960024,498.1536848704424,9041.88150924582,961.359482041969,0.6193666666666667,26.580443251499844,1.1510299211824515,1.4966485343652665,-73.89316948346155,2.1447277408353576,2004,0.4,-296_8
0,294.8822538476222,0.0,19386.855264102,1047.5495235758256,0.5881166666666667,25.848389549948426,0.8574011003337675,0.956172227292468,-74.74656900337509,1.5293817712134854,2008,-1.6,-299_6
0,5022.054267903255,0.0,20179.958699435203,7887.308729267705,0.8426666666666667,26.64191593042227,0.9961271215979663,0.9364879999763356,-74.42317550109206,1.2284461510334457,2007,0.7,-298_4
1,1273.1854167641063,1575.457721187719,37429.65865211851,75.92511222757103,0.6746833333333333,26.52077388864797,1.0492717757446883,0.9716357514242894,-74.1536809158562,1.8033679328699397,2020,0.6,-297_7
1,164.1146215774912,0.0,25503.103726126064,2021.5826323891088,0.7245833333333334,26.28122047624225,1.0323161230881883,0.8488351590907649,-75.03852147071393,1.2778534916600195,2004,0.4,-301_5
0,226.59107001568336,0.0,33303.515152232874,86.50108250556688,0.7531166666666668,25.761681250432105,0.59349260180094,0.4598090912828147,-75.43378019572653,0.8601368845444419,2006,-0.9,-302_3
0,233.9866967370924,0.0,11321.943896393344,5722.221895080454,0.8670166666666667,25.80133524995796,0.862692219084102,1.2421409738938396,-73.6057085925433,2.02794675389982,2013,-0.3,-295_8
1,224.79510165206628,0.0,35477.8445836992,14.041928286444152,0.7427166666666667,25.979055480986347,0.7601809735625898,0.9909087523119204,-74.50851545308342,0.7523390504500993,2018,-0.8,-299_3
1,720.569803219224,0.0,14063.279387486333,3953.3323549865895,0.6608666666666667,26.837582086112945,1.1001652489112976,1.0997740896104164,-74.44114180677445,1.1161567405185056,2022,-0.8,-298_4
0,214.9205621034812,704.5286988476765,24301.44182701325,1351.4342125906503,0.80625,26.69916736551028,1.0723090742535446,0.929786856031387,-74.12673145733262,1.992014142535039,2010,1.5,-297_7
1,3266.9345998806584,2227.8549801322347,7579.664974788683,54.95794001551724,0.54225,26.52810330162856,1.1399882626513078,1.5960824007947398,-73.92910209482632,2.0818456709469912,2008,-1.6,-296_8
0,1775.435073034425,0.0,15087.481929760235,1068.6041069363805,0.6648666666666667,26.167034116591083,1.1456314409082988,0.916461502345827,-74.7241111212721,2.0189636010586245,2004,0.4,-299_8
1,175.60767842615357,0.0,24823.36966933778,323.4968316730521,0.6894333333333333,26.219918927496902,0.9038057836477876,0.9357017788377994,-74.7286026976927,1.4799744305869118,2018,-0.8,-299_5
1,577.6716060700481,1113.682552671541,41892.60326559308,1064.314754764997,0.5001166666666668,26.735357524942174,1.0366237874189597,1.2273340701446485,-72.2896767013082,2.701683216989461,2003,0.9,-290_10
1,218.26736469922287,0.0,31460.243283432104,374.552350209207,0.6649333333333334,26.307964718677567,0.9586587798190842,1.2032358454776144,-74.42766707751265,1.349718714389581,2018,-0.8,-298_5
0,1143.9250601586089,996.6244591118564,13663.374022333835,4777.349519293221,0.8066,26.18649282746577,0.8950146673213889,1.0420374179652143,-74.13122303375322,0.5547096879438046,2004,0.4,-297_2
0,221.1320034882544,0.0,24552.22835262661,192.60808494099973,0.6803166666666667,26.466597772560192,0.8332495727577447,0.4465671227495949,-75.34394866731456,0.9589515657975892,2007,0.7,-302_3
1,2273.296753886196,0.0,10970.194668128088,2714.9666865399795,0.7700333333333333,26.430398074423408,0.9343675993322242,1.0349901735852085,-73.48443602918717,2.2390508456679075,2020,0.6,-294_8
0,12.848842274558605,0.0,9729.98019549633,852.6658665324624,0.6807833333333333,27.04501113476539,1.24751281862952,1.5310078824700155,-73.86622002493796,1.6865869459344016,2007,0.7,-296_6
0,1148.471201016995,498.1339396939341,19631.632208579485,428.8923089668169,0.7079833333333333,26.1167665444944,0.9835796654587844,1.0916503229437986,-74.43215865393326,2.266000304191493,2018,-0.8,-298_9
1,4081.077768317999,498.2111280621901,12118.44012305948,1487.5921579900073,0.5725833333333333,25.841770022850422,0.9495955668421346,1.6526640702519184,-73.80333795504959,1.7449774394021706,2008,-1.6,-296_6
0,148.53695724112106,498.12556461699495,22532.009657421306,1946.2704004923405,0.79925,25.291236267929776,0.6219978332820698,1.3578674309181296,-72.42891557034672,2.315407644818067,2009,-0.8,-290_9
1,4489.409478226612,2682.8552129680797,28178.1023643468,126.10712391829816,0.5820166666666667,25.57629523142998,0.84611743180959,1.5895646547107354,-74.04139150534127,1.8752331555995008,2002,-0.1,-297_7
1,1066.8494428429683,0.0,22118.217926241603,482.4548412335211,0.6531666666666667,25.844162998990555,0.8578992033198207,1.4066786718663764,-74.44563338319504,1.61472172320484,2009,-0.8,-298_6
1,158.0938342312757,0.0,27220.16296062284,1374.3830821293789,0.61655,26.28122047624225,1.0323161230881883,0.8488351590907649,-75.02504674145214,1.2688703388188245,2004,0.4,-301_5
0,274.6088671776472,0.0,39362.3589538665,204.557987362829,0.7803333333333333,25.95808896823945,0.8065724577798083,0.8551594597468575,-75.12386142270529,0.7882716618148802,2004,0.4,-301_3
1,232.21681091141056,0.0,13558.48553746016,1755.1322354799242,0.7340166666666668,25.651329725288008,0.907056826290454,1.3927008701030763,-72.88256478882708,2.131253011573565,2018,-0.8,-292_8
1,7923.454364164292,3150.922979858441,18038.50085882191,426.87627134773015,0.6895833333333333,26.8897863566296,1.2350691022919331,1.5490656548102242,-73.83028741357317,1.7943847800287442,2007,0.7,-296_7
0,207.09536345372496,0.0,6941.870509080472,1357.3895171075535,0.5718666666666667,26.572859921970576,0.9187819265264304,0.8670255136828825,-74.80495949684286,1.6416711817284255,2018,-0.8,-300_6
0,24.697530597591797,498.0928157733255,21711.214931814604,915.988109463406,0.7668833333333334,25.708121421724115,0.7881767451558518,1.4644301022011172,-72.41544084108493,2.4995622780625686,2011,-1.3,-290_9
0,2859.9315502515287,0.0,32431.68404801197,47.638827022592025,0.6523166666666668,24.925582746231328,0.9898357920375372,0.8179032865514483,-74.68817850990732,2.2121013871443216,2018,-0.8,-299_8
0,1885.4149625079783,0.0,20433.296170436424,1203.7077235295867,0.71645,26.826977951225278,1.0200875927094692,0.8168299521307816,-74.38275131330668,2.230067692826712,2020,0.6,-298_8
1,1212.2021403792492,0.0,19736.109207573398,166.38097469342927,0.6788000000000001,26.282006367056454,1.1511678583301048,1.289537749281577,-74.39173446614788,1.6641290638314137,2004,0.4,-298_6
1,297.1962183972232,0.0,18218.197313960947,916.9098345975416,0.7659,26.35942751229635,0.9774436706012316,1.0437692158032073,-74.64775432212194,1.7090448280373898,2018,-0.8,-299_6
1,783.0704562489489,0.0,38651.919806695645,1756.0245834961484,0.6311166666666668,25.976483565651392,0.8694245258724821,1.1842145826143262,-74.46359968887744,1.4575165484839236,2011,-1.3,-298_5
0,641.1688831922177,0.0,4097.554578773016,5552.8645018530215,0.7116666666666668,26.268522311062668,1.1252657427024906,1.1096842718591742,-74.02342519965887,2.5669359243715326,2021,-0.9,-297_10
0,219.2924145837765,0.0,40779.07063814368,3722.237054359057,0.7797833333333334,25.51326513842201,0.6378885600786427,0.8898470745842985,-75.11936984628468,0.9589515657975892,2011,-1.3,-301_3
0,708.7924526505868,0.0,11579.128341354011,513.9384736520244,0.8645833333333335,27.14610351092745,1.3292682506892348,1.495591318018496,-73.61918332180508,2.1716771993589434,2007,0.7,-295_8
1,819.51193901274,0.0,9706.176811474908,869.9622960231756,0.8394833333333335,26.16888672393594,0.9498669675273472,1.469140550141885,-73.96054312977051,1.4620081249045214,2018,-0.8,-296_5
0,187.88538731034384,0.0,36721.10756690919,1213.388160886519,0.7376666666666667,26.667716769176025,0.971518417317653,0.6506106788782738,-74.93072363661959,1.304802950183605,2007,0.7,-300_5
0,296.2251858295311,0.0,17353.35832821076,2933.8312312505623,0.7305,25.769163761539343,0.7593367577453988,1.0078902159064074,-74.7286026976927,1.5832806882606567,2009,-0.8,-299_6
0,983.1241223334144,1992.968828155624,18749.18281405614,719.187868734833,0.8579,25.813660356880007,0.6758719770799967,1.270662656739059,-74.06384938744425,1.4844660070075093,2005,0.6,-297_5
1,2748.025770516941,3486.8247173287905,4596.700942322255,4889.486679958472,0.7462833333333333,25.1410992573056,0.9864426287766226,1.456356758930215,-73.87969475419975,2.360323409024043,2011,-1.3,-296_9
0,66.02132770070166,498.1263331224319,1650.5190313420874,2636.48128046208,0.8214333333333335,26.56859672517163,0.932263805531873,0.9953731983866542,-73.38562134793402,2.310916068397469,2020,0.6,-294_9
1,2231.7103442652856,0.0,5419.749251197629,374.4840218730263,0.5812833333333334,26.515349283761797,1.1213022539736075,1.0811625452690046,-74.62529644001896,1.866250002758306,2004,0.4,-299_7
1,101.52703628269494,2054.1256389580944,36518.94193425659,2254.612374358904,0.6918000000000001,25.996392137407327,0.9502275232805144,0.9730997337326855,-74.1626640686974,1.8393005442347203,2003,0.9,-297_7
0,1101.7772752122696,0.0,7788.040534364522,432.3585105360653,0.7227333333333333,26.128405601894087,1.0596479131481604,1.2719405683307112,-74.42317550109206,1.7943847800287442,2018,-0.8,-298_7
1,221.27494062518147,704.6363423781094,25556.05828313634,976.163628765799,0.6621333333333334,27.144017260464068,1.2572746218031676,1.3132876886925986,-74.30190293773593,1.3811597493337644,2022,-0.8,-298_5
0,406.6351469296639,498.0716094348281,28206.310546614557,955.9509307776464,0.7203166666666667,26.421130012349124,1.0754025786850785,1.4445381909698758,-72.16391256153146,2.611851688577509,2004,0.4,-289_10
1,1775.7715950486042,0.0,20609.95810904525,1888.118675609676,0.7423333333333333,26.82999700691784,1.11938803521516,1.051107606163512,-74.50851545308342,1.080224129153725,2022,-0.8,-299_4
0,146.25422852598535,1408.9418902140717,1196.7545974485186,4132.348746773169,0.7811833333333333,26.109050925694817,0.8537811745067989,1.1960259412098175,-72.04263999817533,2.2525255749297,2018,-0.8,-289_9
0,9143.782727909094,3522.792083348093,22100.625795413107,3648.2520119516807,0.8325333333333335,25.67245754548605,0.8661986476738535,1.7699093274307296,-73.73596430874062,1.843792120655318,2011,-1.3,-295_7
0,263.4378680612106,498.2366876043955,11940.406702606551,3001.986094747623,0.7085166666666667,26.840270685580837,0.9789666737237972,0.9945758789040694,-73.98749258829409,1.5338733476340831,2016,2.6,-296_6
0,2353.31183828172,498.14650204533206,199.58878381279905,1474.5458590768685,0.8451500000000001,26.2052020036802,0.8737031557571328,1.1536695136282498,-73.30477297236325,2.189643505041334,2013,-0.3,-294_8
1,221.8402544351513,0.0,4338.027901445206,5016.970698583171,0.7660833333333333,26.256489111738745,1.076417570976173,1.1921597624529958,-74.14918933943561,2.3333739505004574,2018,-0.8,-297_9
1,810.1368887565865,498.17901212817065,8854.916805400491,1716.3946852614908,0.75675,26.23812206124751,1.0491082647520396,1.5716699476024063,-73.83477898999378,1.978539413273246,2018,-0.8,-296_7
0,427.1734602869829,0.0,3836.136471459595,1164.8510909711072,0.7812666666666668,26.43140737218124,1.382594366078653,1.10771630018234,-74.38724288972728,2.4771043959595804,2022,-0.8,-298_9
0,3668.5905411136464,0.0,24066.10812882661,8198.326230326198,0.8571166666666666,26.245671039499317,0.8437313217318931,0.769226314274379,-74.41868392467147,0.8062379674972706,2007,0.7,-298_3
1,8269.297194834653,1114.174968025669,1776.1791145072937,4923.046332018451,0.6141500000000001,26.048191468189543,0.8720233362136524,1.2062630624602395,-74.18961352722098,1.156580928303884,2018,-0.8,-297_4
0,3417.277936613979,5079.603724701366,6128.343200600229,7497.923405102655,0.8119000000000001,25.56850648221763,1.338724130221667,1.3155188721400404,-73.86622002493796,2.481595972380178,2007,0.7,-296_9
0,214.91085971659805,0.0,39740.666704891846,3234.127712221058,0.7968833333333334,25.921193907703184,0.9769787987960822,1.1842590614912585,-74.52648175876581,1.3721765964925692,2008,-1.6,-299_5
0,781.768938679586,0.0,32621.246326939006,2343.671350802351,0.8068333333333333,26.37478182623761,1.120238671388431,1.2617222302417852,-74.38724288972728,1.3946344785955571,2004,0.4,-298_5
0,271.0193140606209,3151.003510788269,28127.62418203129,2401.6297497276,0.5928,25.7445274045391,0.8292861848898845,1.4727516803373015,-74.08181569312664,1.6955700987755968,2002,-0.1,-297_6
0,5291.161368789966,704.6655678405183,8654.16114107953,6286.790623944017,0.8479166666666667,25.996606203917796,0.8873937041148734,1.2407137633001344,-74.3378355491007,1.1610725047244816,2008,-1.6,-298_4
1,2716.0966338906696,498.2571970127476,25461.77805356716,1335.4449991848735,0.8102666666666667,26.307964718677567,0.9586587798190842,1.2032358454776144,-74.3513102783625,1.3407355615483858,2018,-0.8,-298_5
0,5687.136989454444,4016.747994724712,21267.33365430741,5856.078662860289,0.6225666666666667,25.736758839917627,0.8123756671503886,1.8216558464869208,-73.9830010118735,1.704553251616792,2012,-0.7,-296_6
1,2932.6800480320862,3151.024734114285,26015.86363726317,1947.3298349000115,0.5602833333333334,26.73526923853012,0.944999480871136,0.9767999058508297,-74.07732411670604,1.6686206402520112,2010,1.5,-297_6
1,2773.708813745636,1113.9949926952097,32628.09464570777,2362.7240453665527,0.5790166666666667,25.9805836664367,1.0332262335706204,1.4920518096227031,-74.20308825648277,1.8752331555995008,2006,-0.9,-297_7
1,214.35580501161775,0.0,41758.76500124324,2168.5265444471625,0.7042,26.119059691255814,0.9745204825917468,1.1333435165682726,-74.54444806444819,1.3811597493337644,2018,-0.8,-299_5
1,197.88214412187804,0.0,2499.3571981614327,1556.386264596185,0.7240333333333333,26.0420595132444,0.9833591832839824,1.40128739925526,-73.11163518627755,2.198626657882529,2018,-0.8,-293_8
0,121.17831107142337,498.1428478609324,1105.9524790238986,1910.0169681919888,0.8698833333333335,26.204645725158457,0.9926156272255988,1.4051014391153116,-73.98749258829409,2.2121013871443216,2006,-0.9,-296_8
0,215.88943029069404,0.0,35830.58091507083,493.80383057339577,0.6144000000000001,26.816989518188564,1.163837877953792,1.0346516122678224,-74.58936382865417,1.2553956095570311,2022,-0.8,-299_5
1,222.547060494407,0.0,7976.94462735026,6036.832616089155,0.7869,26.41641845903331,1.0285977186233268,0.9862751001265064,-74.14020618659441,2.378289714706433,2013,-0.3,-297_9
0,92.77717880554208,0.0,43617.302832092784,5359.36870001996,0.8236166666666667,25.46427165908932,0.6131691202857351,0.8946969522953223,-75.11038669344349,0.927510530853406,2011,-1.3,-301_3
0,1239.031270596778,1575.8375749105617,5158.07135804548,6050.6143283711735,0.7539166666666667,26.131731551192445,0.7205858984222752,0.7895337054326919,-74.65224589854253,0.011228941051494,2004,0.4,-299_0
1,439.6306225546434,0.0,9655.26643051987,702.2994721071904,0.7481,26.37524901562045,1.1623789758708951,1.1944887147635,-74.31088609057711,2.2974413391356765,2004,0.4,-298_9
1,160.85406533822294,0.0,6489.565692464484,121.27427275494873,0.6712166666666667,26.01295118082868,1.0051086388376824,1.4573117351246194,-74.08630726954723,2.1582024700971503,2011,-1.3,-297_8
0,27.62628569550517,0.0,2825.96422838071,3947.404560671594,0.7420333333333333,25.99536899306878,1.0060703501639834,1.359378095755658,-74.17164722153859,2.337865526921054,2011,-1.3,-297_9
1,113.76525790095994,0.0,22456.674587406946,919.3184875325912,0.6633,26.08131802202587,1.1482047939679665,1.4213895531853555,-74.29291978489474,1.8572668499171108,2008,-1.6,-298_7
1,201.4870443988978,498.3233137231289,9545.389980209236,2596.816966659765,0.6517333333333334,26.318764313483427,0.5638731706761209,0.3926672324038889,-74.62978801643955,0.0875857402016533,2016,2.6,-299_0
0,341.8237386659362,0.0,12624.471812040269,784.6579015273755,0.7490166666666668,22.591990640233064,0.8222079142538643,0.4484698099095525,-74.78250161473987,2.495070701641971,2006,-0.9,-300_9
0,4038.551502521164,3190.176427821038,3038.642177524978,7160.559040913964,0.8023,25.61405155750282,0.8369743771037128,1.6951275901845462,-73.68206539169346,1.659637487410816,2011,-1.3,-295_6
0,5240.018807656172,5997.950359549919,6435.8962064996285,9312.770643712229,0.7828666666666667,25.29952420973501,1.053006608053568,1.2780532126309851,-73.85723687209676,2.4456633610153973,2018,-0.8,-296_9
1,181.17873151475916,0.0,17370.554978564574,1627.272766943311,0.6462833333333333,27.21488850691719,1.43424469519933,1.132223891256245,-74.19410510364158,2.131253011573565,2007,0.7,-297_8
0,488.35478533248914,0.0,10472.225722296664,272.966193964657,0.6637000000000001,25.46543317165856,0.928471863017931,1.0236269566028098,-74.48605757098042,2.3693065618652382,2018,-0.8,-298_9
0,2174.372921394629,704.4926809413992,6935.280607469147,539.7016338780761,0.7568166666666667,26.433785390282253,1.1098739520610963,1.6011447677504442,-73.7853716493672,2.1582024700971503,2008,-1.6,-296_8
0,718.4518296667974,498.2093874567199,27139.895703753737,211.03044417217055,0.7313166666666667,26.92241752852067,1.0984853634301808,0.7866380517891022,-74.25249559710934,1.7584521686639634,2010,1.5,-298_7
1,3835.057566568898,2490.793203228642,5263.832241735933,514.2209869934999,0.5073833333333333,26.61199578848243,0.9768695099959592,1.2317755472498575,-73.87969475419975,2.1132867058911744,2013,-0.3,-296_8
1,279.89783021106626,0.0,59491.07219917035,1139.945786258789,0.7934666666666668,25.59129222053417,0.671248588897963,0.935052235109414,-74.87233314315182,0.9679347186387844,2006,-0.9,-300_3
1,76.25779353735216,0.0,14378.885094254509,167.87088969945495,0.6607833333333334,27.119884145388085,1.2422036417637692,1.3053392372008168,-72.49628921665568,2.4097307496506164,2007,0.7,-290_9
0,781.768938679586,0.0,32621.246326939006,2343.671350802351,0.8570666666666666,25.70722592007604,0.6841911851065942,1.05035279769812,-74.38724288972728,1.3946344785955571,2005,0.6,-298_5
0,156.7273957154771,0.0,33916.28340756148,639.1309678199746,0.7484166666666667,25.29683051707497,0.5846870133743757,0.6718797044844137,-74.52648175876581,1.4979407362693022,2015,0.7,-299_5
1,4761.263723681466,4593.252753700258,31279.91388616552,7091.52618081352,0.5831500000000001,26.72094247786748,1.0193004735883633,1.0163730011929124,-74.05037465818246,1.7674353215051586,2010,1.5,-297_7
0,274.5636733973155,0.0,30522.22666615233,2683.909596126097,0.8603166666666666,26.370487902778564,0.8450137679482982,0.7435875721682662,-74.49504072382162,0.8062379674972706,2007,0.7,-298_3
0,397.4929209237244,0.0,28960.437115905137,75.41985314618337,0.7102,26.709134627926744,1.0196479008223445,1.1374488308684907,-72.38849138256134,2.6388011471010944,2003,0.9,-290_10
1,215.28352634306304,0.0,9914.485151588142,647.829013695924,0.71875,26.24646568288574,0.715355056198327,0.3750056640665347,-75.37089812583815,1.0936988584155174,2006,-0.9,-302_4
0,1431.056067000393,498.2902643038493,45564.43779157764,3562.7359468981376,0.7854333333333333,25.97789050017758,0.7525642459789269,0.9348897568024496,-74.7196195448515,0.949968412956394,2018,-0.8,-299_3
1,1265.6948920662187,5389.152177059023,15671.46270579208,1305.578253558567,0.6080666666666668,26.89727989871625,1.1739607038500133,1.4219694374770893,-74.00096731755589,1.61472172320484,2007,0.7,-297_6
0,303.8031354479867,0.0,8990.097117536516,1978.2946847946257,0.8138666666666667,26.139682229115863,1.0225791655591416,1.3942394837504253,-74.20757983290338,2.221084539985517,2011,-1.3,-297_8
0,2812.525013422173,2682.7653584967134,2491.08883386489,3423.6473343844336,0.84135,25.88972798277649,0.9054094552803388,1.3574789975828174,-72.94993843513605,1.992014142535039,2018,-0.8,-292_7
0,53.468015270450806,0.0,3986.178906262448,27.489474260193223,0.7774333333333333,27.042923016018392,1.26413137871963,1.4153310243588724,-73.08468572775398,2.355831832603445,2014,-0.3,-293_9
1,257.71012041732,0.0,24928.95054532816,806.0955859431731,0.6856,25.64635099283072,0.7980223555250195,1.0823625615971992,-74.40520919540967,2.0324383303204177,2005,0.6,-298_8
1,2983.9689209189014,1113.910271857657,6749.153547732388,2159.6983185646613,0.5459833333333334,26.57080915009618,1.0137015400012157,1.0494640704916285,-73.85723687209676,2.131253011573565,2003,0.9,-296_8
0,2232.656985741284,704.4349242477974,7682.458826914212,5959.4024436328455,0.8314166666666667,26.078981094243147,1.0489058010777592,1.3652826803719655,-73.99647574113528,2.4007475968094214,2011,-1.3,-296_9
1,234.01007483288743,0.0,1187.683951170129,5048.401483673055,0.73945,26.18912098767879,1.0705040653676914,1.5359987409965992,-73.67757381527285,2.360323409024043,2018,-0.8,-295_9
0,1872.598671144209,1494.469570407842,6372.033947693201,1469.3491432433636,0.5950666666666667,26.460741465139336,1.0603952804184065,1.5180747800994212,-73.84825371925557,2.126761435152967,2018,-0.8,-296_8
1,288.80300421547963,0.0,24483.585439803603,1242.265575174442,0.5391,26.183738288129742,1.021012394341949,1.176147486032336,-74.5219901823452,1.5832806882606567,2008,-1.6,-299_6
1,3266.9345998806584,2227.8549801322347,7579.664974788683,54.95794001551724,0.5156166666666667,27.444154467763667,1.1713234661843035,1.1376391561011394,-73.92910209482632,2.0818456709469912,2016,2.6,-296_8
1,100.1424609234518,0.0,31991.873773374784,1394.1660343869637,0.5955166666666667,25.3812041669886,0.6217614974018196,0.8945809089378335,-74.33334397268011,1.569805958998864,2015,0.7,-298_6
1,1610.3150939927816,0.0,8837.433561866816,370.1111756172596,0.6869500000000001,26.37503083903431,0.8736343733903938,0.6525209144190693,-74.58487225223358,1.7674353215051586,2003,0.9,-299_7
0,1741.3778588623013,0.0,20926.9012338649,767.4108550144043,0.63905,24.456299448537838,1.1436902013489163,0.6739328944433538,-74.87233314315182,2.117778282311772,2004,0.4,-300_8
1,381.93479068848256,0.0,40348.06334912385,1100.508008735931,0.6702166666666667,26.285985874531548,0.9442430796484628,1.045905860517509,-74.63877116928074,1.3721765964925692,2018,-0.8,-299_5
1,162.74250358681095,0.0,34867.557857462976,2523.225533942188,0.6719,26.22835844638593,0.92577823602621,0.8296564085019767,-74.49953230024222,1.488957583428107,2014,-0.3,-298_5
0,3818.633926558194,3522.9049625273747,27853.629621341493,6434.36605665743,0.6907333333333333,26.217037573656683,0.8894077532311807,1.2035078303558349,-74.05486623460305,1.7225195572991825,2013,-0.3,-297_6
0,217.06908301327917,0.0,22593.35373042796,441.9934105509589,0.8142,26.157633115521374,0.9071286547337474,0.993246462509803,-74.31088609057711,1.718027980878585,2013,-0.3,-298_6
0,65.25281989496564,6061.196643403016,17412.9550049006,761.2011278352858,0.8065666666666668,25.99587663566524,0.8353309931141436,1.0807243943301472,-74.01893362323828,1.61472172320484,2003,0.9,-297_6
1,208.11872989277143,0.0,20870.3654065766,329.93062381995173,0.6457,26.018290116270578,1.0232155529233358,1.4451432948172658,-74.20308825648277,2.095320400208784,2011,-1.3,-297_8
1,0.1293849668910181,0.0,210.6138131532974,6342.29117725397,0.7125333333333334,26.081488140436303,0.8788888843662698,0.8341200311617739,-73.52486021697254,2.391764443968226,2019,0.9,-295_9
0,2204.952995601228,498.2465817745266,12088.206898908822,4464.144660481691,0.8771833333333334,26.62338977599842,1.059674461410025,1.166424536493287,-74.01893362323828,1.444041819222131,2007,0.7,-297_5
1,1778.5650552770633,0.0,26242.92691338667,605.3052148643253,0.7148833333333333,26.350506378843814,1.0854293617066004,1.371708528127369,-74.31088609057711,1.659637487410816,2018,-0.8,-298_6
0,248.20313437313268,0.0,34946.06136773165,1875.2413877639567,0.7330666666666668,25.68110338006943,0.8233485601353778,1.1886949971609926,-74.45012495961565,1.3721765964925692,2011,-1.3,-298_5
1,985.7979796261716,0.0,30390.54424465544,852.8343548266887,0.6626666666666667,27.29862587416534,1.398053122707936,1.5207374669214488,-74.24800402068875,1.6865869459344016,2022,-0.8,-297_6
1,704.0819230672098,498.17901212817065,26959.33013313636,204.9793498039063,0.6573833333333333,26.507473028469175,1.2371028964857729,1.0930685031325107,-74.1536809158562,1.978539413273246,2014,-0.3,-297_7
0,126.97583084017988,0.0,20895.72360811344,940.2089147180172,0.7422000000000001,26.31697546162485,0.9838201683615572,1.2006171860601786,-72.44239029960852,2.34684867976225,2014,-0.3,-290_9
0,1838.4020476373732,0.0,22080.54222610181,764.5637194892736,0.6607000000000001,26.55889816571778,1.3236865484352778,0.7692880994916376,-74.81843422610466,2.077354094526393,2004,0.4,-300_8
0,216.77359562635215,498.14940341728806,5144.371304611767,973.610397348775,0.8542166666666666,26.54612353335148,1.1178883489094689,1.3061835880726214,-73.36316346583102,2.1716771993589434,2014,-0.3,-294_8
1,4760.72358942951,2682.8485415459068,22138.0609221976,4388.715759234775,0.5246166666666667,26.626648099277247,0.975354316253598,1.1035560731492262,-73.9650347061911,1.8842163084406964,2010,1.5,-296_7
1,3266.9345998806584,2227.8549801322347,7579.664974788683,54.95794001551724,0.58065,26.20847068870609,0.9525990055634628,1.5383750208882685,-73.92910209482632,2.0818456709469912,2006,-0.9,-296_8
0,308.1036927717447,0.0,3908.112336689544,299.413737806437,0.7598666666666667,19.49421381471245,0.5547777908565099,0.4610274222320711,-74.9082657545166,2.6747337584658752,2004,0.4,-300_10
0,370.6103624447815,0.0,27104.31629920091,2072.2848195661327,0.7729666666666667,25.806046892811707,0.700902503441288,0.5687565712695295,-74.7241111212721,1.4575165484839236,2003,0.9,-299_5
0,325.2280269436611,0.0,11925.51941321751,825.406296419716,0.6654333333333333,26.40853297769064,1.1329329556026235,0.9694585475224584,-74.7196195448515,1.866250002758306,2004,0.4,-299_7
0,71.8741383304946,0.0,6099.603978500589,846.82667647287,0.5697333333333333,27.08953055456493,1.31569504148142,1.557557171942581,-73.54731809907553,2.2929497627150788,2022,-0.8,-295_9
1,189.34979301568123,0.0,5400.20427391958,211.8439592284173,0.6872666666666667,25.778393290992085,1.116985928987703,1.0734762738952923,-74.52648175876581,2.4456633610153973,2004,0.4,-299_9
0,280.53268094845816,0.0,26581.264753325184,175.49330250322777,0.7513166666666667,26.240797255409177,1.0824116950507645,1.1683801742369802,-74.25249559710934,1.8393005442347203,2021,-0.9,-298_7
1,397.7549099568384,0.0,27670.87674847714,682.5717998303071,0.6149,26.531186303198808,1.1807605168242408,1.6476771131568746,-72.40645768824373,2.64778429994229,2023,-0.5,-290_10
0,177.8599897204866,0.0,44747.81767442995,5310.10733713556,0.6176,26.066150720398586,0.816384243398281,0.9367598805754386,-74.46809126529804,0.5996254521497806,2004,0.4,-298_2
1,281.68088013944254,498.2028797337486,23452.297848149312,842.4393923493715,0.76325,25.4115096045835,0.7924595511147429,1.4395029266544912,-74.27944505563293,1.8078595092905367,2017,-0.2,-298_7
1,1950.0802418080848,498.2465817745266,29337.719631718504,1530.232468129184,0.6811666666666667,26.30620816875836,0.970761392009749,1.2840050147598547,-74.30190293773593,1.444041819222131,2018,-0.8,-298_5
1,1721.6218275551091,498.2576517224798,14903.786276341618,621.8663214114372,0.6073333333333333,26.24881835567362,0.7182069039441519,0.7363341273780754,-74.21656298574457,1.3362439851277883,2010,1.5,-297_5
0,274.4278982006235,0.0,23238.90192772519,16.590099154610446,0.49205,27.474248820526384,1.3404858665283232,0.917448218567591,-74.21207140932397,2.072862518105796,2016,2.6,-297_8
0,206.2139420115627,0.0,32512.588048462498,163.5287128213142,0.6762166666666667,25.760558590202947,0.7439196454036261,0.8981604560500075,-74.96665624798437,1.3362439851277883,2011,-1.3,-300_5
1,343.1922860336125,0.0,31772.415737893916,1384.6361334282444,0.7093666666666667,26.82259602519838,1.067361232631327,0.8125544408086073,-74.62529644001896,1.5024323126898995,2007,0.7,-299_6
0,240.0966888318569,498.1600364089837,2919.145515352241,5275.741131994163,0.8480000000000001,25.573257978696176,0.911867438568756,1.3970626515868272,-73.02629523428621,2.1043035530499794,2018,-0.8,-293_8
1,278.1369201905104,0.0,47898.71095884818,4488.936490283898,0.7675166666666667,25.909147694388025,0.7374680348915796,0.8283411347995466,-75.07894565849931,0.905052648750418,2018,-0.8,-301_3
0,1427.8482635057926,498.2571970127476,4784.882119454509,1988.545763515592,0.8586333333333335,25.49805572410156,0.6919529193634935,1.1645584678347645,-74.08181569312664,1.3407355615483858,2002,-0.1,-297_5
1,6161.2615337285215,0.0,33444.926112419525,141.09236139410132,0.5454666666666668,27.253547395392676,1.3140266530119014,1.3925855350774674,-74.25698717352995,1.5428565004752783,2022,-0.8,-298_6
0,325.2280269436611,0.0,11925.51941321751,825.406296419716,0.7325666666666667,25.955266359605677,0.852904168057618,0.9928918343796768,-74.7196195448515,1.866250002758306,2009,-0.8,-299_7
0,1210.6155882097194,0.0,17829.177095589006,415.3916356874108,0.6651166666666667,25.94275561954936,1.0330346786376148,1.3073168463915297,-74.43665023035385,1.659637487410816,2008,-1.6,-298_6
0,228.01565350771503,0.0,26850.21514046962,1090.5796204466287,0.7546666666666667,25.565129645250465,0.5799778139325819,0.8593108250092562,-75.11936984628468,0.6490327927763543,2011,-1.3,-301_2
0,7641.695567574246,1113.985174385189,17078.563096906706,1431.4636254833756,0.5802666666666667,26.177421785804825,0.9541386335041286,1.1858736219736092,-73.90215263630274,1.9066741905436844,2003,0.9,-296_7
0,1075.8479547941977,1795.9111197383904,2884.3943365385785,5015.780316412308,0.7374833333333334,24.539951065071307,0.9705682474240432,1.4624509739913716,-73.89766105988214,2.481595972380178,2011,-1.3,-296_9
1,3789.8829569899294,2113.9983665438344,1405.421214391877,2010.656145481346,0.6960166666666667,25.822524222153675,0.8649924509888639,1.2519084362101278,-74.23003771500636,1.156580928303884,2008,-1.6,-297_4
1,219.4196757917626,0.0,38669.85270914588,585.9349882672429,0.8193,26.36588398312773,0.8527553964862035,0.7586279522659032,-74.67021220422492,1.0218336356859556,2007,0.7,-299_4
1,911.0588330314564,1114.0005329891003,35239.68136478966,1354.7012407895727,0.5367833333333333,26.05122599052396,1.004865243946506,0.9248951079793084,-74.1761387979592,1.8572668499171108,2003,0.9,-297_7
0,68.54820587018422,0.0,3168.652195923556,532.7161498604878,0.6931166666666667,25.425199185306496,0.6902205581423054,1.481174407236274,-72.72086803768556,2.382781291127031,2009,-0.8,-291_9
1,389.9894393080528,498.08528699912426,27883.427685020888,633.3458937506025,0.74205,26.396199021923,0.9959593559317318,1.3822738798361218,-72.2627272427846,2.539986465847947,2018,-0.8,-290_10
1,1093.0734591109072,2989.1991193294566,36955.18331797138,1295.3384442590104,0.7059833333333333,26.2555267244623,1.002849630645411,1.1302908033396732,-74.1581724922768,1.830317391393525,2013,-0.3,-297_7
0,3846.4736665540327,0.0,10692.68271156449,4308.138299276416,0.8623500000000001,26.613731939146817,0.9940504646547336,0.968220958542828,-74.25698717352995,1.237429303874641,2007,0.7,-298_4
1,358.055234056713,498.2480086513141,35207.70808558068,2676.820896679962,0.7576833333333334,25.81487456642543,0.7864790141695784,1.1063085931625716,-74.64326274570135,1.430567089960338,2011,-1.3,-299_5
0,186.0250761020244,0.0,17183.202265059645,89.155872434656,0.7121166666666667,26.3383776057762,1.15824311624225,1.5314023181126986,-72.96790474081844,2.2345592692473097,2022,-0.8,-292_8
0,1073.9139283608574,0.0,5649.730922341381,4772.595816888231,0.8560500000000001,26.52387446951883,1.0574519584202378,1.1773103275159382,-73.94706840050871,1.4170923606985453,2007,0.7,-296_5
0,85.5096453383356,498.0494767088909,37719.52387264705,2437.1106592776464,0.80735,27.038029320985917,1.2328541808388669,1.6649545515877715,-72.34806719477596,2.7241410990924493,2022,-0.8,-290_10
1,4683.932277087286,7133.443494817213,22452.91928848609,248.94290366411573,0.5501166666666667,27.21390329567032,1.316432513928104,1.735433292253827,-74.04139150534127,1.6641290638314137,2022,-0.8,-297_6
0,575.6027892451375,996.2542032533664,22685.067813968104,3800.07230496744,0.8695833333333335,24.217607118408356,1.277865221957866,0.4454438337260502,-74.89029944883421,2.3064244919768715,2007,0.7,-300_9
0,21.090572522752232,0.0,29382.701636533824,750.7122353649756,0.8555833333333335,26.092945629330814,0.9050413497495828,0.9782256690162248,-74.23902086784756,1.7315027101403777,2003,0.9,-297_6
1,3023.2224652868467,4982.111280621902,12461.61327183055,98.11258698473512,0.5084833333333333,26.735915891976504,1.214124592675505,1.579292144960208,-73.67757381527285,1.7449774394021706,2022,-0.8,-295_6
1,2546.193357343833,0.0,13934.624438102792,1186.3341992915052,0.7601666666666668,25.303738322455786,0.8783970880700706,0.8967230246373786,-74.88131629599302,1.830317391393525,2011,-1.3,-300_7
0,1365.131108403899,0.0,4040.340861774656,402.3732676271598,0.6905666666666668,25.97729548919648,0.8349760508607341,1.2588559583773329,-72.58612074506765,2.517528583744959,2002,-0.1,-291_10
0,1206.2399311522688,1575.8368312582368,12666.081043062037,5281.0267365739055,0.8090333333333334,25.92277147255976,0.6555177404180039,0.8762735536136036,-74.60283855791596,0.0786025873604581,2018,-0.8,-299_0
1,3944.053363404887,2054.3484330500023,13697.774963024482,2969.3898861172847,0.5271833333333333,26.08170896083908,0.9381425992376354,1.388570135810733,-74.167155645118,1.385651325754362,2008,-1.6,-297_5
1,718.4518296667974,498.2093874567199,27139.895703753737,211.03044417217055,0.7474333333333334,25.4115096045835,0.7924595511147429,1.4395029266544912,-74.25249559710934,1.7584521686639634,2017,-0.2,-298_7
1,283.7089506057913,0.0,37626.17558348627,1060.3355884257967,0.7291333333333333,26.06878206723792,0.9161174037057296,1.073930184451272,-74.60283855791596,1.2643787623982266,2018,-0.8,-299_5
1,208.61150532282505,0.0,23903.345406580556,767.3661121283425,0.6989166666666667,26.388760483802685,1.1852275951454432,1.2519345149853038,-74.25698717352995,2.095320400208784,2004,0.4,-298_8
0,116.96018761717002,0.0,26220.754280016587,1330.6306881048215,0.7603500000000001,25.995696193941228,0.8599970476155079,1.254779620289275,-72.2851851248876,2.495070701641971,2021,-0.9,-290_9
1,1129.951683504324,2053.476838194188,44370.449440098935,2140.5688824441686,0.5448333333333333,27.16439397082354,1.2380283928506437,1.7403140136618933,-72.16840413795207,2.7645652868778274,2022,-0.8,-289_11
1,218.2043118928568,498.21228846245856,24509.79089278747,915.3914026764744,0.7873666666666668,26.01597803079716,0.9588123517443056,1.4898738579176,-74.28393663205354,1.7359942865609754,2011,-1.3,-298_6
0,225.84358387339117,0.0,45845.29879580612,1675.4949836017972,0.7444666666666667,25.860550521668927,0.7007056406340634,0.8354535941968552,-74.79597634400166,0.6445412163557567,2018,-0.8,-300_2
0,1800.2124473472943,0.0,17813.774374701363,1171.4466051719812,0.5942333333333333,26.97489183463017,1.2200485304972628,1.0117765932971865,-74.53546491160701,2.072862518105796,2007,0.7,-299_8
1,267.32295182377555,498.166262406438,26155.772041906603,259.7736723828173,0.62675,26.32624032734026,1.190651100476562,1.3049819268832918,-74.23902086784756,2.063879365264601,2004,0.4,-297_8
0,614.2189959391319,1796.7220630567767,26634.855049979647,8956.899860694206,0.75975,26.094235733356584,0.8104179407308401,0.9763607661220984,-74.14918933943561,0.26275722060496,2004,0.4,-297_1
1,832.2425998606641,0.0,12857.742220655433,83.58580590973774,0.77535,26.940500235374486,1.298522424498629,1.5427884134867689,-73.51138548771074,2.1671856229383457,2022,-0.8,-295_8
1,468.9119371985631,0.0,4318.847499977337,1167.9108019448884,0.5886833333333333,25.778393290992085,1.116985928987703,1.0734762738952923,-74.45461653603624,2.4232054789124096,2004,0.4,-298_9
1,84.97810395256319,3341.1308901328607,29505.882253527998,1681.799573408267,0.5998666666666668,26.737151908581552,1.1324487032915258,1.4809634685939794,-72.11450522090489,2.6388011471010944,2022,-0.8,-289_10
0,65.31126435350433,0.0,2343.440961353912,1248.929242703153,0.72675,26.768463013078133,1.1781387131500891,1.3618757213584267,-73.28680666668086,2.319899221238664,2014,-0.3,-294_9
0,7641.695567574246,1113.985174385189,17078.563096906706,1431.4636254833756,0.54525,26.681452888033675,0.9499979740754082,1.0830875903804853,-73.90215263630274,1.9066741905436844,2010,1.5,-296_7
0,83.77350586230558,0.0,14005.331162721832,1439.441049471129,0.6686166666666667,26.904776847270966,1.007322406175822,0.688835907268701,-74.75106057979569,1.6057385703636446,2007,0.7,-300_6
1,207.46522710923676,0.0,1479.0120073651992,277.8931472505378,0.6596333333333333,26.38222531510576,1.0349738080418247,1.4181373719330983,-73.34519716014863,2.315407644818067,2018,-0.8,-294_9
1,134.02250454181578,0.0,7521.136672057723,317.00245313114704,0.6909333333333333,25.855589605293343,0.9335626733392216,1.506668884725385,-74.12223988091202,2.194135081461931,2009,-0.8,-297_8
0,31.13863993488719,0.0,5652.954728743208,119.07716461759132,0.6971333333333334,26.94823398717051,1.2141049432123745,1.3733440063052953,-72.96790474081844,2.4007475968094214,2014,-0.3,-292_9
0,1089.349677707413,1114.239230372006,29050.668262248797,948.3032921646844,0.8257,25.577207855755944,0.576376755358798,0.7509269354914822,-75.2810665974262,0.7478474740295017,2011,-1.3,-302_2
0,1730.645743168435,498.2315287594714,9389.436944978856,37.30990794616925,0.6288666666666667,26.91964523537968,1.0137318324029925,1.0852434571324845,-73.95605155334991,1.5787891118400592,2016,2.6,-296_6
0,3120.064778958661,2491.5682812236955,41858.10497546635,9411.582235970898,0.8241666666666666,25.59095465254308,0.5838060670377488,0.6139848809799537,-74.56241437013058,0.5187770765790237,2014,-0.3,-299_2
0,1730.645743168435,498.2315287594714,9389.436944978856,37.30990794616925,0.6978000000000001,24.74851699703123,0.7279328709684739,1.3670225663250442,-73.95605155334991,1.5787891118400592,2001,-0.7,-296_6
1,217.7464812411241,0.0,28870.80637138272,925.4007607946938,0.8189000000000001,26.044426320970103,0.8908458860369349,1.0670353630885758,-74.55343121728939,1.1925135396686648,2018,-0.8,-299_4
0,98.49887444327985,704.4072641235325,10666.994942614418,357.36861994625133,0.8473833333333335,26.7839067990879,1.4273604807199003,1.0827810159562674,-74.167155645118,2.508545430903764,2007,0.7,-297_10
0,121.34106309983176,0.0,16699.037021169486,692.5177015415885,0.6351666666666668,26.6596727954194,0.9728684033509296,0.9460723215700212,-72.97239631723903,2.2749834570326883,2016,2.6,-292_9
0,219.608040911824,0.0,52993.11924011701,1107.3613666079807,0.7770666666666667,25.47784520992548,0.6453636454785472,0.9099811280158342,-74.99360570650796,0.9409852601151988,2006,-0.9,-300_3
1,693.5394369311776,0.0,39244.21410457651,1463.3795399410442,0.6642666666666668,25.81487456642543,0.7864790141695784,1.1063085931625716,-74.58038067581298,1.4485333956427284,2011,-1.3,-299_5
0,324.99126129278693,0.0,4773.313673920842,747.5334504238097,0.7851166666666667,19.944779275901965,0.629155106409199,0.3857715797960067,-74.87233314315182,2.64778429994229,2004,0.4,-300_10
0,152.80607644273405,0.0,2348.237095505769,413.1162247498775,0.7253166666666667,25.4521333465928,0.7225400790963188,1.539663322227676,-72.78824168399453,2.45913809027719,2009,-0.8,-292_9
0,95.81778709357046,498.0784953197638,22714.947162116787,175.0865663380464,0.7142166666666667,25.456134504960172,0.6968815863523389,1.4535614426633696,-72.11450522090489,2.575919077212728,2012,-0.7,-289_10
1,3735.235024098449,1408.9874023567422,8566.822567758403,371.33690396393246,0.6313333333333333,26.07363464134818,0.9299141540468993,1.6874150134260024,-73.83927056641437,2.153710893676553,2012,-0.7,-296_8
1,221.73667893581765,0.0,26148.22971285658,767.4096012384551,0.65475,27.20662884370995,1.2844931821571808,0.9361781337924636,-74.1761387979592,2.000997295376234,2016,2.6,-297_8
1,1899.2838166034207,3985.839685687321,15478.01617729203,234.597300818169,0.6263166666666667,26.89727989871625,1.1739607038500133,1.4219694374770893,-74.00995047039709,1.592263841101852,2007,0.7,-297_6
1,27.410589404174843,498.1201536778049,12938.421823348312,1161.9066809754297,0.7099500000000001,26.829736794707628,1.2947102341536398,1.0365948412659285,-74.48156599455983,2.34684867976225,2007,0.7,-298_9
1,3123.0527647085987,3891.22421289239,18474.62668647282,2387.0235867041265,0.5533333333333333,24.814034221383565,0.7544389836021971,1.4482693339130035,-73.9830010118735,1.673112216672609,2001,-0.7,-296_6
1,2509.1334569983505,498.15581774179856,9755.14601333131,3338.674423241984,0.7833333333333333,26.00490360401625,0.9953628046790454,1.4524428465639143,-73.51587706413135,2.131253011573565,2018,-0.8,-295_8
0,147.3187345364256,498.1193851628343,14456.446106710451,888.1931926179761,0.7837000000000001,25.005130576550243,0.7801747174321411,1.184266780377725,-72.50078079307629,2.351340256182848,2001,-0.7,-291_9
1,2272.961010643234,0.0,21032.926755035103,384.2974193481169,0.5351833333333333,27.144017260464068,1.2572746218031676,1.3132876886925986,-74.27046190279174,1.3542102908101787,2022,-0.8,-298_5
0,45.86467824663528,0.0,51444.31033488588,3826.6382072539222,0.7486,25.983223153967455,0.7895558353302038,0.8648426283356966,-74.85885841389003,1.1071735876773103,2018,-0.8,-300_4
1,323.97074440332096,0.0,17415.142466519137,0.0246142836138017,0.5661833333333334,26.18600868010111,1.1554951066046124,1.2819855362887669,-74.39173446614788,1.9426068019084648,2004,0.4,-298_7
1,211.86172704724623,0.0,29894.20572995996,1283.426177426714,0.70475,25.976483565651392,0.8694245258724821,1.1842145826143262,-74.50851545308342,1.5338733476340831,2011,-1.3,-299_6
1,200.35591569538943,0.0,29194.45810998964,634.4381152936282,0.67525,26.405971376113428,1.1879691224256568,0.9954031629336008,-74.27944505563293,1.9740478368526488,2014,-0.3,-298_7
1,199.6931097714269,0.0,34110.92998202123,2371.171377526284,0.7107833333333333,26.08294700504388,0.9595215107017028,1.1592247058316512,-74.52648175876581,1.304802950183605,2018,-0.8,-299_5
0,183.56014134401323,0.0,37982.96589372119,1596.1897351257337,0.7082833333333334,25.29683051707497,0.5846870133743757,0.6718797044844137,-74.5399564880276,1.4620081249045214,2015,0.7,-299_5
1,164.24623421620055,0.0,7518.007122359469,261.6002759262008,0.7340833333333333,26.035637195966103,0.8739842583923605,1.1471432000002817,-72.25823566636402,2.153710893676553,2018,-0.8,-290_8
1,88.94606750322227,3591.4597223830865,40520.55703376087,770.6482006147668,0.52305,26.854929050440376,0.9300382480431816,1.1477021526151467,-72.0920473388019,2.7421074047748397,2016,2.6,-289_10
1,693.5394369311776,0.0,39244.21410457651,1463.3795399410442,0.7321000000000001,26.40397245736904,1.0741006659960346,1.0994125049143866,-74.58038067581298,1.4485333956427284,2004,0.4,-299_5
1,88.94606750322227,3591.4597223830865,40520.55703376087,770.6482006147668,0.6385666666666667,26.347520062719585,0.9775833635240766,1.509981047795517,-72.0920473388019,2.7421074047748397,2018,-0.8,-289_10
0,3447.2593705244344,0.0,2786.951487419813,1116.8393397541445,0.8451333333333334,25.782693663830003,0.962495135286348,1.453903247365354,-73.45299499424297,2.0189636010586245,2018,-0.8,-294_8
0,2757.94380192685,0.0,5303.038432486896,2477.228674224495,0.8584,25.773105283479538,0.9110335918390065,1.6232800459992165,-73.87969475419975,1.5967554175224494,2008,-1.6,-296_6
1,1666.9321576057423,0.0,33043.645265503765,2979.265219708699,0.7094166666666667,26.396037667846315,1.0184694649780777,1.326386971337168,-74.31986924341831,1.475482854166314,2018,-0.8,-298_5
0,4987.62424475776,0.0,53878.7593269411,7279.007842224527,0.7614166666666667,26.35379899899533,0.8594445507259517,0.7509970194165453,-74.67919535706612,0.6669990984587447,2022,-0.8,-299_2
0,7.99391372827859,498.1107118402495,15784.66831749437,1766.4336646481297,0.8299333333333334,23.211065636032743,0.8987897077593231,0.3557764382746311,-74.8947910252548,2.4007475968094214,2006,-0.9,-300_9
1,3392.031653639317,4108.424424277511,18859.958928183398,2882.405190524173,0.5385833333333333,26.09116898007335,0.9907637808071944,1.744783208190011,-73.9830010118735,1.6776037930932064,2008,-1.6,-296_6
0,2858.3796566182345,1494.4196982022822,2068.880422924768,7581.602574381028,0.8601333333333334,26.525470774074904,1.108472318866367,1.336916760738596,-73.21044986753071,2.230067692826712,2014,-0.3,-293_8
0,214.9205621034812,704.5286988476765,24301.44182701325,1351.4342125906503,0.7932333333333333,27.014993690455583,1.4051162014111132,1.481729125128746,-74.12673145733262,1.992014142535039,2022,-0.8,-297_7
0,212.3503150158361,0.0,9529.708984020914,1840.9187719049755,0.7605833333333334,25.66003264263469,0.9945254105523637,1.429379017588854,-72.96790474081844,2.1492193172559557,2004,0.4,-292_8
0,285.5667154336468,0.0,50139.38976431277,982.963843643084,0.74045,26.44656402805714,0.97319357506431,0.9558322763922488,-74.78250161473987,1.2104798453510552,2004,0.4,-300_4
1,750.365633834966,498.1696655006204,13417.212332076651,815.7077063989659,0.7182000000000001,26.291648397939586,1.1549310086047313,1.5833412680136785,-73.9830010118735,2.0414214831616126,2004,0.4,-296_8
1,2429.4627904632503,0.0,37176.89112321271,198.58212683059196,0.6935833333333333,26.41246852697958,1.140192790326399,1.2683777354288408,-74.36927658404488,1.4979407362693022,2004,0.4,-298_5
1,218.93285162885027,704.686144677189,36367.63087855546,4437.049775577712,0.85065,26.05030332209816,0.7649862878007395,0.7508821205640673,-75.15530245764947,0.9769178714799795,2018,-0.8,-301_3
1,616.9530943466524,498.1421107475255,1785.1929241713158,2598.5016487201337,0.7192500000000001,27.505988199797518,1.4429317967936843,1.3138876459121287,-73.9695262826117,2.2165929635649197,2007,0.7,-296_8
1,291.57193279910274,0.0,28311.47612143641,470.0941304718353,0.8449500000000001,25.806046892811707,0.700902503441288,0.5687565712695295,-74.65673747496314,1.511415465531095,2003,0.9,-299_6
0,80.21556031982234,0.0,19950.93063819929,189.0065700220596,0.8558166666666667,25.889989926879597,0.9823725881351216,1.5220514394883298,-74.31088609057711,1.812351085711135,2012,-0.7,-298_7
1,184.9942884791988,498.2624339893586,37870.49780024384,2117.2402598116405,0.8292333333333335,25.73049259810836,0.8002956845287899,1.1189753199281938,-74.58936382865417,1.2868366445012147,2006,-0.9,-299_5
0,274.71088683927195,0.0,39156.23966515129,2592.8872894978404,0.71345,26.39368645804268,0.807478167014577,0.6183349281202727,-75.20470979827604,0.824204273179661,2022,-0.8,-301_3
0,259.8730422467378,0.0,50590.241511495646,8434.90126651643,0.8449500000000001,26.34903043575065,0.8133245404317878,0.6846500174300679,-74.62978801643955,0.6849654041411352,2007,0.7,-299_2
0,68.94800038977104,0.0,4235.964349187477,590.6418861973204,0.8493,26.0382317731266,0.9975265175803306,1.5614843519014103,-73.46197814708417,2.3019329155562738,2008,-1.6,-294_9
0,270.25905028309467,0.0,19119.777847607114,1436.342999995618,0.8170333333333334,25.62449540901474,0.9137233804740656,1.6910354945901818,-74.07283254028545,2.023455177479222,2009,-0.8,-297_8
0,370.6103624447815,0.0,27104.31629920091,2072.2848195661327,0.67505,25.84288769056417,0.6832121704950372,0.6279616530022195,-74.7241111212721,1.4575165484839236,2013,-0.3,-299_5
0,5512.260934291754,4484.8621320783095,33365.926206581455,9439.0010551664,0.8501333333333334,26.24281691933561,0.7662047644267563,0.7798292561004697,-74.26597032637115,0.388521360381693,2007,0.7,-298_1
1,3745.147952201987,4725.52318532033,5124.924374746386,6922.684560754448,0.7069833333333333,26.230578511077454,1.363196816350517,1.3139589066062611,-73.87071160135855,2.382781291127031,2007,0.7,-296_9
0,169.2225999460773,0.0,14481.57467625352,1792.7430575384658,0.7312166666666667,27.14610351092745,1.3292682506892348,1.495591318018496,-73.5967254397021,2.1582024700971503,2007,0.7,-295_8
1,1059.519077763463,0.0,32576.578359011888,2306.3008474353564,0.51625,27.180890432847093,1.440395329995824,1.542252107935016,-74.19859668006218,1.785401627187549,2022,-0.8,-297_7
0,1563.2717136480433,1408.8987720911678,58.202015637713885,2422.0406937920875,0.7328166666666668,27.132322285178983,1.2833343784876143,1.3940314658826607,-73.44850341782238,2.3423571033416524,2007,0.7,-294_9
0,1788.797809028527,0.0,13950.855067107374,186.84119566087764,0.7364,25.65743798364815,0.7815386728435078,1.0887027536068778,-74.41868392467147,1.9246404962260748,2005,0.6,-298_7
0,2354.573371082643,498.14650204533206,2220.0251716436105,3995.894587436964,0.7230833333333333,26.805783099065025,0.9831068288777174,0.9606392892688456,-73.33172243088684,2.189643505041334,2016,2.6,-294_8
0,2708.944893335512,3031.1435677191207,34848.76906172747,9633.210721930318,0.8036666666666668,26.24281691933561,0.7662047644267563,0.7798292561004697,-74.29291978489474,0.4244539717464739,2007,0.7,-298_1
1,1185.2900063478417,1494.9285047703786,42560.73010725607,4076.3821102429633,0.8292166666666666,25.509232091488627,0.5714244205986344,0.6363885055458545,-74.80945107326346,0.617591757832171,2021,-0.9,-300_2
1,2904.7806887339707,704.5434026729653,23595.346854519288,6168.690101048181,0.8538333333333334,25.44599465635332,0.7456766059911167,0.8610163924503803,-73.69104854453465,1.9201489198054773,2019,0.9,-295_7
0,1286.5380854019334,996.344725735024,12899.387522796498,2027.1543512702867,0.6825166666666668,25.35585419888747,0.7553428876637523,1.5673167150236618,-73.9740178590323,2.023455177479222,2017,-0.2,-296_8
1,5323.971478683017,2989.3507865421216,24112.16488682428,1062.401329936086,0.6901,26.58706345445603,0.9301946939159496,1.052564478794611,-74.07732411670604,1.6326880288872303,2020,0.6,-297_6
0,32.19734662629177,0.0,2328.278288585612,917.8364015952608,0.7663500000000001,26.742845063521315,0.8586513931425378,0.7581464692295302,-73.54731809907553,2.34684867976225,2024,1.9,-295_9
0,283.7855133814876,0.0,49564.29485717236,2912.799314838361,0.6821833333333334,25.626985897356064,0.75281861589341,0.8872140185556162,-74.88131629599302,1.1026820112567126,2008,-1.6,-300_4
1,9418.26066180454,1114.0181705766745,20524.081185438983,1354.4628847411625,0.66045,26.5375087632562,1.1193012436677758,1.5050503388217598,-73.87969475419975,1.798876356449342,2014,-0.3,-296_7
0,3392.031653639317,4108.424424277511,18859.958928183398,2882.405190524173,0.5535,26.16499727432756,0.8447929013166492,1.30059493483257,-73.9830010118735,1.6776037930932064,2013,-0.3,-296_6
0,2236.287789953516,1409.4216455695578,47891.31278424754,8818.62846206185,0.8365166666666667,25.889095848569863,0.7123781457806143,0.8572412361139784,-74.84089210820764,0.6939485569823304,2018,-0.8,-300_2
1,977.2183778320266,0.0,18536.58995851722,1056.7554972848843,0.7484666666666667,25.76841003019507,0.895104203655445,1.3481775241885636,-74.39173446614788,1.6776037930932064,2011,-1.3,-298_6
1,284.06685720138825,0.0,39767.71853186225,1457.8303376982033,0.8257833333333334,26.277993858159675,0.8869109340900861,0.6615966076725374,-75.00708043576975,1.0847157055743222,2007,0.7,-301_4
1,271.2338838062824,2491.0842581594866,29223.0662041657,1744.1287416379455,0.4916333333333333,26.59840033609805,1.191186936865593,1.6195808658369744,-74.09079884596784,1.7000616751961946,2004,0.4,-297_6
0,265.07547547592395,704.6028136475187,8866.571512717675,2659.768467953561,0.6699166666666667,25.842833379471077,0.8794830650912709,1.3840324597830111,-73.93808524766752,1.5967554175224494,2021,-0.9,-296_6
0,21.090572522752232,0.0,29382.701636533824,750.7122353649756,0.8049833333333334,25.969149935654457,0.912647543724702,1.6947621303812188,-74.23902086784756,1.7315027101403777,2009,-0.8,-297_6
1,393.72024749627377,0.0,23748.91548046801,383.0537158567109,0.7073833333333334,26.680275015286558,1.0804137409911585,1.4575436798520265,-72.44239029960852,2.6388011471010944,2018,-0.8,-290_10
0,282.0993622104711,1113.8339965519997,250.593403554104,494.8180832038395,0.78,26.273509603436025,1.0646712073439613,1.466729034276247,-73.51138548771074,2.337865526921054,2004,0.4,-295_9
0,85.56722783813069,0.0,45474.824096326,5810.690248787245,0.7325333333333334,25.46427165908932,0.6131691202857351,0.8946969522953223,-75.08343723491991,0.9364936836946012,2011,-1.3,-301_3
1,271.9513932212493,704.58819976636,28918.908599562004,26.620189447105336,0.6347,26.73526923853012,0.944999480871136,0.9767999058508297,-74.09978199880904,1.682095369513804,2010,1.5,-297_6
1,3666.566033697704,0.0,20579.71154794437,4461.286827023228,0.6919833333333333,26.71737233018854,1.258492586623875,1.6450258429730849,-73.66859066243167,1.9426068019084648,2022,-0.8,-295_7
1,225.6188447140465,498.3073850546468,22682.58546847033,4115.116147014309,0.6793,26.53456250818857,0.7503463421791036,0.5225767511170005,-74.24800402068875,0.6625075220381471,2016,2.6,-297_2
0,1069.990031875761,1113.6355510780895,49777.49859784912,3616.084600422667,0.8352333333333334,26.80916995206252,1.1003208450445303,1.659896554199034,-72.20433674931684,2.804989474663206,2018,-0.8,-289_11
0,1559.842612127926,0.0,30083.587723983223,208.42055912898337,0.8441666666666666,24.694832498723315,0.7490012619527575,1.0623733515388938,-74.39622604256847,1.556331229737071,2001,-0.7,-298_6
1,783.0704562489489,0.0,38651.919806695645,1756.0245834961484,0.6146333333333334,25.98122908371994,0.8575265210323012,1.2626121349278805,-74.46359968887744,1.4575165484839236,2009,-0.8,-298_5
0,214.2567609706615,0.0,47135.87448099178,2537.4964641577462,0.70665,25.983223153967455,0.7895558353302038,0.8648426283356966,-74.88580787241361,1.1386146226214937,2018,-0.8,-300_4
1,163.73970419392012,498.1034813419798,3493.6156307873075,231.13125515970123,0.7808166666666667,27.04120176596581,1.269337690772817,1.319136838787724,-72.91400582377126,2.4411717845948,2007,0.7,-292_9
1,1219.123294599208,0.0,23846.866155680476,2331.702326499907,0.5752833333333334,27.164856187905457,1.2148724027833977,1.2471705755477982,-74.3378355491007,1.3317524087071906,2022,-0.8,-298_5
1,9213.085057229331,2682.9110326984382,18006.87892241177,1618.0501652660969,0.5137166666666667,25.61695570674732,0.8215094321364544,1.6966377496800658,-73.798846378629,1.798876356449342,2006,-0.9,-296_7
1,754.5961486675404,1113.8477790973056,216.41503119876907,237.2409898152564,0.7793333333333333,27.13637360696356,1.415196940462823,1.3478346908007266,-73.87969475419975,2.3019329155562738,2007,0.7,-296_9
0,6226.550659379051,2491.1809291729496,27671.31666965156,274.6586381735264,0.6688166666666667,25.5375496711477,0.7048286224836104,1.4653755957090084,-74.14918933943561,1.5383649240546806,2017,-0.2,-297_6
0,9300.238101831905,704.5505437866045,22106.82410711515,5900.4659268101805,0.8565,25.573506129587656,0.7708876873442111,0.9068677604234672,-73.75393061442301,1.8842163084406964,2019,0.9,-296_7
0,2858.3796566182345,1494.4196982022822,2068.880422924768,7581.602574381028,0.8333833333333335,26.214452108870603,0.9979730346635556,1.4011514624512698,-73.21044986753071,2.230067692826712,2018,-0.8,-293_8
1,111.77707552469654,0.0,13370.082478810797,304.4800300916435,0.7478833333333333,26.46592230672292,1.1196346715258558,1.345317429895268,-73.00832892860382,2.283966609873884,2014,-0.3,-293_9
1,6436.091022401598,2490.996286629107,34862.02784035651,5228.028837672887,0.5150333333333333,26.313790090869983,1.15631523405752,1.6735861425384269,-74.08630726954723,1.8348089678141228,2004,0.4,-297_7
0,548.8070533150901,2113.75508574196,36374.90580225418,346.5927206738738,0.6906666666666668,25.59321995279572,0.7924148597986482,1.5128975628296757,-74.167155645118,1.7000616751961946,2017,-0.2,-297_6
0,301.5855993685332,498.128638631629,16226.985496292613,179.1446354224661,0.7694666666666667,26.652507867036377,1.0230081290558746,0.8190004551482143,-74.43215865393326,2.2974413391356765,2020,0.6,-298_9
0,233.76848318712763,0.0,31882.722444733816,975.820684080353,0.6813,26.566878603392013,0.999018780252652,0.6409064701174884,-74.28393663205354,2.0189636010586245,2024,1.9,-298_8
1,811.0807394296513,0.0,29605.42509426464,908.8604524089528,0.7579833333333333,25.53236724572253,0.7633797636431385,1.2680418268022862,-74.48605757098042,1.2868366445012147,2017,-0.2,-298_5
1,120.87225829345624,498.1949449010899,27542.29650300139,618.4680068972671,0.6172833333333333,27.281569876331503,1.4997690420905208,1.4926536301585347,-74.24800402068875,1.866250002758306,2022,-0.8,-297_7
0,1063.1371182259577,498.0376021195588,47425.13392817038,2142.7113346374786,0.8460166666666666,26.80916995206252,1.1003208450445303,1.659896554199034,-72.20433674931684,2.782531592560218,2018,-0.8,-289_11
1,904.505914084304,498.0611000419527,36089.66567821123,1156.8883025637977,0.5486833333333333,26.735357524942174,1.0366237874189597,1.2273340701446485,-72.33010088909357,2.66575060562468,2003,0.9,-290_10
1,92.30897030629302,498.12787012974894,6981.124964703469,1848.7378670486464,0.7668,25.42908038536342,0.691018900511276,1.2836502703980366,-73.08917730417457,2.3019329155562738,2017,-0.2,-293_9
1,28.702775304259365,0.0,41244.710587087386,224.7955002136958,0.64095,26.019338754605144,0.9184497599651844,0.8940756906139002,-74.98462255366677,1.08920728199492,2004,0.4,-300_4
1,4790.304119560443,3592.951180784398,15167.558322634466,1011.284963341124,0.6615333333333333,25.959791078630985,0.7297943903620818,0.9727205020574176,-74.1851219508004,1.385651325754362,2013,-0.3,-297_5
1,703.5889419253339,498.17901212817065,31485.75816589535,1125.476778187921,0.6986,26.99934155566234,1.3945971969540425,1.1823948619990474,-74.22554613858577,1.978539413273246,2007,0.7,-297_7
1,2350.035754678828,1114.089980376361,19424.41704672863,477.5363187637676,0.5343833333333333,25.60934417322244,0.6913439963314302,0.8239586238452824,-74.05486623460305,1.5383649240546806,2019,0.9,-297_6
0,6255.304557387118,2817.994854502045,698.2079279450062,7260.057737054972,0.8467166666666667,26.05100736715707,0.966868529613341,1.3920198601755722,-73.30926454878386,2.131253011573565,2018,-0.8,-294_8
0,1883.9417176209229,0.0,31188.36878142823,373.704981807437,0.84385,24.653822530335333,0.7238569717045998,1.0604372587702204,-74.39173446614788,1.5473480768958758,2001,-0.7,-298_6
0,3252.6063691472027,1796.4012462420526,10576.977627991968,1202.501599378537,0.6273833333333333,25.99587663566524,0.8353309931141436,1.0807243943301472,-73.9695262826117,1.5742975354194615,2003,0.9,-296_6
0,262.42333205555,0.0,5657.859726197494,80.10567003009551,0.6232166666666668,27.27837867209439,1.3907217579078244,1.417680380999119,-73.9740178590323,2.1716771993589434,2022,-0.8,-296_8
0,307.59340902614474,0.0,9627.07922293488,1084.3185245124253,0.6522,26.28952736473252,0.9265058199004204,0.9628464296016837,-73.0352783871274,2.221084539985517,2016,2.6,-293_8
1,7142.510586770149,2490.943439492354,32360.472847199344,854.8278884200581,0.5513833333333333,25.419917567009463,0.8509740506579155,1.4677393176981866,-74.11774830449143,1.911165766964282,2002,-0.1,-297_7
0,428.7540267381437,996.0898867572143,41927.67558450644,1008.7178102797818,0.8400333333333334,27.29471149058816,1.28615532273843,1.4237385210760074,-71.97526635186637,2.746598981195437,2007,0.7,-288_10
0,203.2415292103591,0.0,21714.77298475043,2648.820413219529,0.7827166666666667,26.27536066326803,0.931957632505478,0.93935639445764,-74.67021220422492,1.637179605307828,2018,-0.8,-299_6
0,280.739770612016,0.0,45842.7940629394,872.3160039107967,0.7021333333333334,25.49436871589097,0.7271739687537858,0.8914340662284049,-75.04301304713454,0.9859010243211748,2008,-1.6,-301_3
0,243.39413655457983,0.0,17769.28247035233,2230.301054466523,0.6948666666666667,26.799170542240688,1.0812071501404328,1.123813529330892,-73.65960750959047,1.9965057189556368,2016,2.6,-295_7
1,2483.492074019847,0.0,13315.485792467513,139.1572039846271,0.6191,26.206267272541027,1.0207334332863212,1.463490111365786,-73.46646972350477,2.2121013871443216,2018,-0.8,-294_8
1,227.42443774088403,0.0,25101.428804464293,1824.147590301389,0.8013666666666668,25.74602245188225,0.6299611876656948,0.7524765866601114,-74.24800402068875,0.6220833342527686,2014,-0.3,-297_2
0,1185.2900063478417,1494.9285047703786,42560.73010725607,4076.3821102429633,0.8721500000000001,25.860550521668927,0.7007056406340634,0.8354535941968552,-74.80945107326346,0.617591757832171,2018,-0.8,-300_2
0,2968.635583254031,2054.225854032365,27216.93144942288,600.5279662923797,0.6299333333333333,26.217037573656683,0.8894077532311807,1.2035078303558349,-74.09978199880904,1.6506543345696207,2013,-0.3,-297_6
0,71.99117603107635,0.0,29561.81823810551,3103.5026511609763,0.7813666666666668,26.05030332209816,0.7649862878007395,0.7508821205640673,-75.24962556248202,0.9634431422181868,2018,-0.8,-301_3
0,81.01813675139114,498.1339396939341,3595.9199012983845,775.403994470288,0.68515,27.33969797651372,1.207621944947704,0.9688467758202224,-73.9830010118735,2.266000304191493,2016,2.6,-296_9
0,171.65850793168266,0.0,13883.01627071715,931.4785940630588,0.7377166666666667,26.399334066315816,0.970500295657875,1.34759418235948,-72.59061232148824,2.1806603522001384,2018,-0.8,-291_8
1,6695.8820051749335,2054.1430961291376,33245.83810084091,4082.997383320297,0.4692,26.60032583884265,0.8937070491709345,0.9110820430243576,-74.04139150534127,1.8078595092905367,2024,1.9,-297_7
0,439.6306225546434,0.0,9655.26643051987,702.2994721071904,0.68355,26.157867392966292,1.000565549588244,1.2953018354055212,-74.31088609057711,2.2974413391356765,2011,-1.3,-298_9
1,3074.4447509752977,1796.0636342081534,10.41539753793814,2509.861373345257,0.6525166666666667,26.56240581540777,1.0824238353298627,1.477321991355624,-73.82130426073198,2.2390508456679075,2018,-0.8,-296_8
0,1803.722587489031,498.1339396939341,1869.3344741819672,4530.215238566378,0.8536833333333335,26.06489687193431,0.9965090998944088,1.5170766582911557,-73.15655095048353,2.266000304191493,2008,-1.6,-293_9
1,1144.593520276526,0.0,5468.356482356777,383.0487784807311,0.6758500000000001,27.366433299533924,1.3796452301717448,1.54728970615281,-73.68206539169346,2.185151928620736,2007,0.7,-295_8
1,6436.091022401598,2490.996286629107,34862.02784035651,5228.028837672887,0.5758666666666667,26.883844757617283,1.2745372076487338,1.4514721613790564,-74.08630726954723,1.8348089678141228,2007,0.7,-297_7
0,346.9555298680688,0.0,23259.1580879482,294.95298539175394,0.6762666666666667,25.84288769056417,0.6832121704950372,0.6279616530022195,-74.7151279684309,1.511415465531095,2013,-0.3,-299_6
1,571.160404510493,1992.8674065275893,35069.76119580895,1463.6614021617206,0.6802833333333334,25.924752841799148,0.7859680575517111,1.29943331122379,-74.1536809158562,1.7000616751961946,2005,0.6,-297_6
1,3074.4447509752977,1796.0636342081534,10.41539753793814,2509.861373345257,0.6101833333333333,26.20694609650332,0.9689076905893516,1.659149207698379,-73.82130426073198,2.2390508456679075,2011,-1.3,-296_8
1,80.21556031982234,0.0,19950.93063819929,189.0065700220596,0.7028,25.338732261286623,0.7023236917540272,0.864561167294369,-74.31088609057711,1.812351085711135,2015,0.7,-298_7
1,146.56750197242437,1575.0866543622292,743.6027951491102,2410.6214945811207,0.7823,27.06666398929809,1.2874842578051655,1.3638786533698777,-72.81519114251812,2.535494889427349,2007,0.7,-292_10
1,2096.404681045968,2053.702936161898,2675.2719829381117,32.55703259389374,0.5255166666666667,25.87031439240627,0.829862380966957,1.257073090037179,-72.71188488484437,2.481595972380178,2002,-0.1,-291_9
1,71.8741383304946,0.0,6099.603978500589,846.82667647287,0.6899000000000001,26.6472519789354,0.9706528696664236,1.053752765833609,-73.54731809907553,2.2929497627150788,2020,0.6,-295_9
0,1279.1925629310697,0.0,10157.15603184562,1743.5787681958866,0.7370333333333333,25.987899366507747,1.0319475443745334,1.6642164190480095,-73.68655696811405,2.1357445879941626,2008,-1.6,-295_8
1,1973.4319327072892,0.0,19325.50274891302,122.32547143837036,0.6318666666666667,26.140374180383105,1.0290138747355393,1.2531950626602466,-74.3513102783625,1.7090448280373898,2018,-0.8,-298_6
1,291.57193279910274,0.0,28311.47612143641,470.0941304718353,0.7331166666666667,26.52709320676797,0.990845446326698,0.7438589477971767,-74.65673747496314,1.511415465531095,2007,0.7,-299_6
0,282.82326753558874,0.0,45597.10773376416,1615.162782473505,0.7369333333333333,26.421002604469493,0.8953223853599028,0.7599411286744097,-74.7286026976927,1.1296314697802985,2007,0.7,-299_4
1,3004.442304493048,498.25450010511696,16325.607161080345,667.3959209018451,0.6268833333333333,26.428989449123605,0.7678146901994439,0.7987921819198838,-74.21207140932397,1.3676850200719717,2010,1.5,-297_5
1,709.55530476693,0.0,19559.24201739823,1154.9365117747006,0.7127666666666668,27.51477063687355,1.4342231637134792,1.0659483184971932,-74.30639451415652,2.1761687757795407,2007,0.7,-298_8
1,84.97810395256319,3341.1308901328607,29505.882253527998,1681.799573408267,0.5504166666666668,26.534567137492104,0.9897621613192285,0.9148974250865336,-72.11450522090489,2.6388011471010944,2019,0.9,-289_10
1,6261.659749187471,6059.845702449857,4709.640642810949,6675.309480519885,0.6303333333333333,25.04283286167629,1.0314437846037696,1.393200086754069,-73.82579583715258,2.3693065618652382,2004,0.4,-296_9
1,214.36338139229196,0.0,39017.04437215498,629.446060541462,0.6766,26.588589486279886,0.9421157787997106,0.7622918739727128,-74.7286026976927,1.3317524087071906,2007,0.7,-299_5
0,57.00714494620889,0.0,39938.575965060016,335.7734676436853,0.7852833333333333,25.284204014339764,0.5594313897982541,0.930589273803703,-74.67919535706612,1.1161567405185056,2012,-0.7,-299_4
1,88.70261956489873,498.06638613743047,31931.530223098514,623.831651470658,0.58845,26.520131690430105,0.9405578131785314,1.2246743821693524,-72.18637044363444,2.6388011471010944,2013,-0.3,-289_10
1,145.5787464314767,0.0,6441.822285334969,2862.59593065789,0.7631166666666668,26.18396353537156,0.839589179811799,1.0434485401593838,-73.93359367124692,1.5069238891104977,2020,0.6,-296_6
1,221.3475090174483,0.0,24278.866542373507,1532.1064220834487,0.7328833333333333,26.364643439865688,0.9428707491032638,1.2472674301322462,-74.31986924341831,1.3452271379689835,2018,-0.8,-298_5
0,12.848842274558605,0.0,9729.98019549633,852.6658665324624,0.7653333333333333,26.27241508559092,1.1616596622466242,1.7757914252297058,-73.86622002493796,1.6865869459344016,2023,-0.5,-296_6
0,233.76848318712763,0.0,31882.722444733816,975.820684080353,0.6476333333333333,26.156151551951268,0.99402065246656,0.9407153688735496,-74.28393663205354,2.0189636010586245,2013,-0.3,-298_8
0,387.8709211976489,498.0716094348281,19642.591003465343,1175.278624157557,0.8183666666666667,25.896575960454697,0.795373168430923,1.5372050913067772,-72.46933975813211,2.611851688577509,2012,-0.7,-290_10
1,4761.275057785057,4932.015564781807,30890.48810145677,7179.457149055511,0.6049666666666668,26.72094247786748,1.0193004735883633,1.0163730011929124,-74.05037465818246,1.762943745084561,2010,1.5,-297_7
0,393.66891712323473,0.0,31927.540995162635,581.6463935914718,0.6710833333333334,26.75955219278569,1.134320644143432,1.447657373298329,-72.34357561835537,2.5938853828951185,2014,-0.3,-290_10
0,120.6719095415971,498.09364706850056,28115.357490725983,2768.6774964214787,0.8123666666666667,26.84932599397308,1.177204092047831,1.5061493671095487,-72.35705034761716,2.495070701641971,2022,-0.8,-290_9
0,203.34415817394543,0.0,18013.36261528232,943.2199746487792,0.6375666666666667,25.72331855301508,0.7728190062070714,1.0374839381694247,-74.63427959286015,1.6955700987755968,2012,-0.7,-299_6
0,3097.768576942347,0.0,19895.017714080823,556.7095970841785,0.6690333333333334,26.44011620005398,0.7743455688850057,0.8705016034363594,-74.69716166274851,1.753960592243366,2005,0.6,-299_7
1,636.7102552284579,0.0,33975.28994376703,1169.545951178423,0.6048666666666668,26.84684289930607,1.017556819724987,0.7468104619217399,-74.39173446614788,1.5203986183722902,2016,2.6,-298_6
1,211.83105128917305,0.0,39902.10274912386,1900.852984288108,0.7327,26.285985874531548,0.9442430796484628,1.045905860517509,-74.63427959286015,1.3811597493337644,2018,-0.8,-299_5
0,722.1582015355727,1114.223699768139,40081.84845851626,1387.5401774317593,0.5179,26.017673040240823,0.8242258001305132,0.7863339380293285,-75.22267610395843,0.8646284609650394,2004,0.4,-301_3
1,270.9538064116204,0.0,9642.720414796438,3086.930181632712,0.7383666666666667,26.155286134748224,1.0816020086444933,1.3263781111872373,-74.08181569312664,2.117778282311772,2018,-0.8,-297_8
0,2205.3365024244763,0.0,31736.78554777146,1079.6381750285925,0.7341833333333333,25.795272023776704,0.7337896844173919,1.0796451954440192,-74.3602934312037,1.556331229737071,2005,0.6,-298_6
0,218.74856336597324,0.0,47793.75975304424,963.1736143831994,0.7005833333333333,25.816667994437186,0.7596097758675525,0.8579624733336394,-75.03852147071393,0.9679347186387844,2018,-0.8,-301_3
0,106.31281536746523,704.3953967765548,10988.507615629236,1953.2668505538525,0.8323,20.88062539532808,0.840163566930943,0.5581923923843226,-74.85436683746943,2.55346119510974,2007,0.7,-300_10
0,381.3577532668089,498.2951089715812,41841.52540732138,2077.906978600674,0.7742,26.33062303892723,0.8317095566513815,0.7287548003710013,-74.65673747496314,0.8781031902268323,2007,0.7,-299_3
0,1199.1403759841332,498.0977721542228,262.00639517051013,1233.3144270396874,0.7356833333333334,25.59255614615193,0.720361177135044,1.5130275664024422,-72.61307020359122,2.472612819538983,2009,-0.8,-291_9
1,657.6484193606135,2540.3277347617964,37480.41214511978,1185.0615859303855,0.4859,25.787113532883325,0.8120409073262174,1.317739726394578,-74.1536809158562,1.8348089678141228,2005,0.6,-297_7
1,275.7210919995162,498.3231883025312,40227.086740984414,9352.82683809506,0.7007666666666668,25.691520197624698,0.5589985617592169,0.911706699267461,-74.3378355491007,-0.1055520458840437,2006,-0.9,-298_-1
1,20.32818346371308,0.0,12545.725853951932,186.27401076972487,0.6691833333333334,25.920571706042324,0.8208714991486223,1.1133105397800362,-74.60733013433656,1.740485862981573,2011,-1.3,-299_6
1,218.2979538799353,0.0,3556.246959255812,3254.545583207824,0.7446166666666667,27.19286034711496,1.4457731333649988,1.135453648135209,-74.19410510364158,2.2704918806120906,2007,0.7,-297_9
0,2723.07049505953,1575.6176368332517,8528.231217369494,211.47179798561683,0.7808333333333334,25.72572689222426,0.7863169644265963,1.440096986992579,-74.09978199880904,1.3721765964925692,2011,-1.3,-297_5
1,4271.078267898246,1992.7521797754985,34285.63529772879,371.7403443108551,0.5355833333333333,27.055033026166427,1.3948129181566948,1.24490205284223,-74.19859668006218,1.91565734338488,2007,0.7,-297_7
1,241.13229850382743,0.0,1907.5894225370664,363.8056106419398,0.7308833333333333,25.29952420973501,1.053006608053568,1.2780532126309851,-73.94257682408812,2.378289714706433,2018,-0.8,-296_9
0,3508.8744084438435,1993.0548161051668,7433.930140657856,1009.6344827209264,0.7378166666666668,25.53279571064428,0.6840982536981639,1.3245261346800437,-74.17164722153859,1.2733619152394218,2017,-0.2,-297_5
0,220.8109217419753,0.0,52620.88568607456,441.8839106358426,0.7956500000000001,25.64646487658416,0.6542384401715791,0.9506198573833814,-74.77801003831927,0.9230189544328083,2006,-0.9,-300_3
0,280.16414708231537,0.0,28521.889416506863,114.8446886515958,0.7722,26.20011494497101,0.9900419078647514,1.0927733676708706,-74.57588909939238,1.1116651640979078,2004,0.4,-299_4
0,142.49361121916527,0.0,17880.119795090446,1824.975065012148,0.6566500000000001,26.50735754231829,1.0622904820139487,1.1531189480322188,-74.29291978489474,2.185151928620736,2018,-0.8,-298_8
1,86.455163416006,2490.340636213247,28531.3293477519,1231.391407773672,0.72755,26.737151908581552,1.1324487032915258,1.4809634685939794,-72.11450522090489,2.6298179942599,2022,-0.8,-289_10
0,312.5249413303,498.1316655764819,22477.663079491864,463.0353191722429,0.7239,24.862461925248795,0.9105043501779444,0.9092043416249772,-74.56690594655119,2.279475033453286,2018,-0.8,-299_9
1,657.6484193606135,2540.3277347617964,37480.41214511978,1185.0615859303855,0.4348833333333333,27.003389151024805,1.1496875512474083,0.98080260579336,-74.1536809158562,1.8348089678141228,2016,2.6,-297_7
0,1383.889967781718,0.0,27418.739366322785,626.2299898739323,0.6857666666666667,25.318012736750745,0.9422598254598652,0.968424468022742,-74.57588909939238,2.2345592692473097,2018,-0.8,-299_8
1,3246.988404200856,4015.960550182857,4045.7919224167263,4705.470202710654,0.7296333333333334,26.230578511077454,1.363196816350517,1.3139589066062611,-73.87520317777916,2.355831832603445,2007,0.7,-296_9
1,712.24384197607,0.0,45614.02831221878,7.990817548051611,0.7615166666666667,26.588589486279886,0.9421157787997106,0.7622918739727128,-74.68368693348673,1.2868366445012147,2007,0.7,-299_5
1,251.4255122390932,0.0,10954.710909681236,968.5475326036292,0.7649166666666667,27.37086333305604,1.3631183522331174,1.4872309539492747,-73.76291376726421,2.1087951294705767,2007,0.7,-296_8
1,2452.2460013704413,3341.491573758641,3296.051508531994,3338.4686279164625,0.69425,26.675825553030734,1.281016139177815,1.2687514990881104,-73.88418633062035,2.34684867976225,2014,-0.3,-296_9
1,232.07844769051025,0.0,19803.944767890047,2433.8078049312367,0.66435,26.63447908752101,1.0654300878576393,1.267639471819465,-72.35255877119657,2.2121013871443216,2022,-0.8,-290_8
1,2793.55173631986,2113.9374990760725,16857.99840754123,591.281090008824,0.4981333333333333,25.853875432109703,0.8019583876266131,1.3436527952232715,-74.24800402068875,1.3137861030248,2006,-0.9,-297_5
1,820.2484378522125,0.0,13318.00878504962,1124.3351478214468,0.8141666666666667,26.061937316673838,1.0238509754129077,1.520181606310432,-73.64164120390808,2.126761435152967,2018,-0.8,-295_8
0,705.059155512886,0.0,21396.97512925075,345.76077286162234,0.6263833333333333,26.021189508130533,0.7637766501513493,0.6618896681415252,-74.62978801643955,1.6506543345696207,2013,-0.3,-299_6
0,865.6445959453189,498.1924672001776,15901.64689305713,1365.4658470189472,0.8009000000000001,25.130768168381508,0.712911265396221,1.3043259684636956,-74.36478500762429,1.8842163084406964,2017,-0.2,-298_7
0,3004.442304493048,498.25450010511696,16325.607161080345,667.3959209018451,0.6363333333333333,26.23431110860628,0.8958497986965704,1.030547240465942,-74.21207140932397,1.3676850200719717,2014,-0.3,-297_5
1,730.2565331792407,0.0,34301.23992177931,452.55271820054224,0.7201166666666667,25.54634835926379,0.7534671359967485,1.2967752094224605,-74.41419234825086,1.3946344785955571,2017,-0.2,-298_5
0,7663.82285859016,8467.563736104972,12797.72264436057,9047.3761111931,0.8667,27.24025164505059,1.359652932461635,1.4901855614930153,-73.55180967549613,2.5040538544831663,2014,-0.3,-295_10
0,782.0306247087343,1408.8965540450442,1422.4026144684449,3406.373384632657,0.8634000000000001,26.0382317731266,0.9975265175803306,1.5614843519014103,-73.47994445276656,2.34684867976225,2008,-1.6,-294_9
0,577.6716060700481,1113.682552671541,41892.60326559308,1064.314754764997,0.4942833333333333,26.925532690537523,1.1191813124377548,1.085468784566763,-72.2896767013082,2.701683216989461,2019,0.9,-290_10
0,37.36778853689937,0.0,14532.593982772049,604.429772014565,0.7054833333333334,26.62141129155788,1.0951928063966432,1.4414321567407329,-72.50078079307629,2.5714275007921303,2004,0.4,-291_10
1,4271.078267898246,1992.7521797754985,34285.63529772879,371.7403443108551,0.4527333333333333,26.17668741877065,1.1796813733933662,1.539183202407493,-74.19859668006218,1.91565734338488,2008,-1.6,-297_7
1,447.0261729276728,704.6842821434292,22317.97484293336,2367.7353982536283,0.7033,25.791936992219465,0.5492946410039298,0.3721492108755013,-75.31699920879099,0.99488417716237,2013,-0.3,-302_3
1,215.76986033191693,0.0,36667.59123562294,141.89328966512642,0.7207166666666668,25.67022917166895,0.7137168744047303,0.7848878156989988,-74.52648175876581,1.3362439851277883,2013,-0.3,-299_5
0,1219.6876487388283,704.68705376926,31119.5070750748,1987.0148323059627,0.69825,26.60212736251168,0.8036764246549993,0.5648924029953676,-74.58936382865417,0.9679347186387844,2016,2.6,-299_3
0,325.1869994213593,498.1193851628343,25674.533674674087,759.3796250651827,0.6950166666666667,25.312928093950745,1.3419353905692823,0.6341900053457837,-74.68368693348673,2.351340256182848,2007,0.7,-299_9
1,577.6716060700481,1113.682552671541,41892.60326559328,1064.314754764997,0.5509166666666667,27.45193608421215,1.3347798293637112,1.5425902760669026,-72.2896767013082,2.701683216989461,2007,0.7,-290_10
0,1378.434798772546,0.0,5408.507809160872,2693.9856962220624,0.8559166666666667,25.29401842889825,0.6561775183342663,1.3280584295485571,-73.32723085446625,2.243542422088505,2017,-0.2,-294_8
1,4063.390032526573,1114.03910389178,33802.37978902037,2029.8724766376645,0.5613833333333333,24.798206427154696,0.7744601578911796,1.3542189258208746,-74.12223988091202,1.7270111337197802,2001,-0.7,-297_6
0,3801.511822418601,0.0,57587.99990972037,6507.758265718678,0.68835,25.12873422766245,0.4403078347134024,0.5547160470874475,-74.75555215621628,0.7658137797118921,2015,0.7,-300_3
0,205.33905970801575,0.0,10152.418486539727,2934.2001228953945,0.79595,25.755348630788944,1.01455950307254,1.4119591513039722,-72.97239631723903,2.1582024700971503,2004,0.4,-292_8
1,89.30524551849749,0.0,5403.445091753549,97.33015697164892,0.6840166666666667,26.039113226091388,0.9819138797846588,1.5093357913635252,-73.32273927804565,2.283966609873884,2008,-1.6,-294_9
0,38.37944279829041,0.0,341.5107360612318,1217.4540082413662,0.7890166666666667,26.858514230213476,1.2365247724270358,1.3010322855214935,-72.82417429535931,2.4097307496506164,2007,0.7,-292_9
1,555.841481131347,0.0,18829.135354574304,141.25899842047846,0.6521333333333333,26.101294803570568,0.7973101249448503,1.0360209263603222,-74.69716166274851,1.6910785223549991,2011,-1.3,-299_6
1,1282.1755232534472,0.0,20851.094443160437,286.05822852601176,0.68515,26.656370386757487,1.171843000558744,0.999327214085442,-74.3602934312037,1.6776037930932064,2007,0.7,-298_6
1,107.75031052967216,0.0,8289.386528407958,452.96259578290784,0.6938833333333333,26.27998951383995,1.0741802375986726,1.4053711221665943,-73.05773626923039,2.283966609873884,2004,0.4,-293_9
0,722.1582015355727,1114.223699768139,40081.84845851626,1387.5401774317593,0.6065333333333334,26.3832073811318,0.8354693910963724,0.6164752180584172,-75.22267610395843,0.8646284609650394,2022,-0.8,-301_3
0,1570.1803074372606,498.0919844767631,5343.083126377706,3690.289655977928,0.8877833333333335,27.048393069959214,1.4501699248119493,1.0429107534183844,-74.30639451415652,2.5040538544831663,2007,0.7,-298_10
1,226.4132981098753,0.0,30992.90021864853,5366.452728169334,0.7292166666666667,25.87984141253594,0.7328992130732538,0.9847718655593972,-74.37376816046549,0.6849654041411352,2018,-0.8,-298_2
1,694.2451270600138,0.0,8517.959228528409,2723.158016731567,0.7273333333333334,26.04233603094156,0.9032926803680986,1.3479443910567823,-73.96054312977051,1.4395502428015332,2018,-0.8,-296_5
0,282.4130498763701,0.0,15811.149860935477,324.2191390664826,0.7453333333333333,26.74596137058046,0.92013729518853,0.4205449154121368,-75.33047393805278,1.0577662470507363,2007,0.7,-302_4
0,4525.325557883929,0.0,28539.999739450264,184.3002722489612,0.68265,25.53238360785366,1.3594399093285,0.6452856797690719,-74.65673747496314,2.2749834570326883,2007,0.7,-299_9
0,1707.007880666049,2054.5546544506915,41659.09678234648,3176.560890588896,0.6948500000000001,26.201544001947862,0.8842071355325484,0.9690865516536112,-74.58038067581298,0.7523390504500993,2004,0.4,-299_3
1,784.1118461016581,498.2730332107087,15810.009458977634,3545.5481160541035,0.7852333333333333,27.085821254669725,1.1789157010390858,1.1630597901795932,-74.42766707751265,1.1700556575656769,2022,-0.8,-298_4
0,759.0609183496065,0.0,33113.477620964855,1941.7995071785203,0.6965333333333333,25.829379275976805,0.6976034788673354,0.9671881277747584,-74.78699319116046,1.3676850200719717,2011,-1.3,-300_5
0,3185.909229774966,498.18355992043735,12820.551183880883,1154.9192438743064,0.7847000000000001,26.22802252669368,0.9202898240342312,1.3686979582630414,-73.90215263630274,1.947098378329063,2013,-0.3,-296_7
0,53.91858459471574,2227.304214179105,44280.15802785899,172.03364984034638,0.5052166666666668,26.958954978978056,1.1793815290647862,1.6485630940842588,-71.97975792828696,2.769056863298425,2022,-0.8,-288_11
0,3229.938950327454,0.0,35536.982360983064,2.325735208619601,0.65585,25.950667720566173,0.7041358371633333,0.9087206791732964,-74.83640053178704,1.3362439851277883,2006,-0.9,-300_5
0,2918.177599450934,0.0,35972.76972629468,1618.2741552199377,0.8003333333333333,25.699223880113493,0.7987176891522138,1.2817733155515325,-74.26597032637115,1.5787891118400592,2002,-0.1,-298_6
0,2.179260756184092,0.0,35195.81656070399,1929.7417131389604,0.7509333333333333,26.139827270380863,0.8215546107326737,0.8304489939812364,-75.11936984628468,1.053274670630139,2018,-0.8,-301_4
0,189.9050420801885,0.0,10015.237870328465,77.36152776454053,0.8137500000000001,24.568081167888124,0.8610005846804117,0.9476589973897708,-74.49054914740103,2.3737981382858355,2001,-0.7,-298_9
1,1196.645098543183,996.4480982469684,34225.70429591292,999.1388058962676,0.6471833333333333,27.30018178624374,1.3379429328453494,1.5162431128421507,-74.17164722153859,1.6416711817284255,2022,-0.8,-297_6
1,911.6422431660504,704.3685115051637,32902.25241785732,2064.179023811689,0.5082166666666668,26.956821623693315,1.191738416517161,1.619941578998441,-72.17738729079326,2.6522758763628875,2022,-0.8,-289_10
0,215.1480148111629,0.0,7149.514855184629,454.18279607511386,0.6347,25.95921337112128,1.149159236485641,1.3167590454464102,-74.21207140932397,2.432188631753605,2008,-1.6,-297_9
1,265.5826343456879,0.0,13765.635147587938,61.77070537794085,0.5178666666666667,26.901762138275277,0.9694916852304236,0.8514377308354243,-74.19859668006218,1.3452271379689835,2016,2.6,-297_5
0,389.9894393080528,498.08528699912426,27883.427685020888,633.3458937506025,0.6184166666666667,26.42719412027958,1.0700251336706776,1.3903976070479134,-72.2627272427846,2.539986465847947,2004,0.4,-290_10
1,6189.038913633497,5999.331948486015,21656.970722850318,5082.949530786074,0.4581166666666667,27.05884564420586,1.0642685264706082,1.1740180278454195,-74.00096731755589,1.6955700987755968,2016,2.6,-297_6
1,2252.6194088244665,704.5487696036379,31644.39388596336,215.7058341749641,0.4467333333333333,26.309975209165373,1.0460085224471345,1.0937336806967324,-74.21656298574457,1.893199461281892,2013,-0.3,-297_7
0,784.1118461016581,498.2730332107087,15810.009458977634,3545.5481160541035,0.8752500000000001,25.721758523014277,0.7176552806431992,1.2630413444010768,-74.42766707751265,1.1700556575656769,2017,-0.2,-298_4
0,503.7811436518739,0.0,8049.607287812589,666.0613798914076,0.6219,27.10906739867289,1.3470149920827634,1.236067226757727,-74.31986924341831,2.324390797659262,2022,-0.8,-298_9
1,182.57612357439191,0.0,37858.01821701019,3319.850197732639,0.6954666666666667,26.38192995245248,1.0052471349989676,1.1102357121491724,-74.49504072382162,1.4620081249045214,2018,-0.8,-298_5
1,4824.123920464962,0.0,17037.7239775334,3541.7234993332345,0.7926000000000001,25.29698411870237,0.7239943873691468,1.6231321797003515,-73.76291376726421,1.93362364906727,2017,-0.2,-296_7
0,82.83847977041329,498.0619941332605,30573.60182965824,950.8245265433628,0.6842333333333334,26.26232685620397,0.8880420503797554,1.3934231812880984,-72.38399980614075,2.6612590292040825,2002,-0.1,-290_10
0,339.0719293751216,0.0,25134.450771589924,3236.443769129097,0.7703333333333333,26.870488277802508,1.1640084815301155,1.2047532448364155,-72.40645768824373,2.3064244919768715,2007,0.7,-290_9
0,85.75307150692902,0.0,26419.181957910743,240.001440971054,0.7910333333333334,26.485073126125428,1.0337803099632852,1.3379587531101358,-72.02467369249294,2.611851688577509,2014,-0.3,-289_10
1,6903.476461599585,3030.4787111527444,15014.302024893364,2633.311568616968,0.6431166666666668,26.206063907601163,1.082461632897054,1.6905173198078585,-73.79435480220839,1.7719268979257563,2004,0.4,-296_7
0,3786.5595919707175,2054.3725471539965,16101.837097518292,2438.3301794787594,0.7526333333333334,25.93777700350409,0.9001298861761048,1.3106702254790907,-74.23452929142697,1.327260832286593,2008,-1.6,-297_5
1,300.87493001094987,0.0,20667.33012545693,1844.5036261375576,0.6612,26.69223582203796,1.2628552638124368,1.0553568726124267,-74.21656298574457,2.1087951294705767,2014,-0.3,-297_8
0,20.69809569052992,498.0707467318272,29696.991789107116,1012.865424625276,0.7976333333333333,25.089373155575345,0.815294259747437,1.2850687723681926,-72.18637044363444,2.6163432649981067,2001,-0.7,-289_10
1,750.365633834966,498.1696655006204,13417.212332076651,815.7077063989659,0.6885666666666668,25.70725173666977,0.8728480581534757,1.7954771097866198,-73.9830010118735,2.0414214831616126,2009,-0.8,-296_8
1,1251.6541500676062,1992.4681302344588,3149.5007161936046,4675.218968829089,0.6652,25.29952420973501,1.053006608053568,1.2780532126309851,-73.89316948346155,2.3648149854446405,2018,-0.8,-296_9
0,2436.691670305941,3151.6165494869456,7161.982803973841,9047.66100450153,0.6359,26.13620483748275,0.8560843575059346,1.0300756367700223,-74.05486623460305,0.5008107708966333,2004,0.4,-297_2
1,657.6484193606135,2540.3277347617964,37480.41214511978,1185.0615859303855,0.4981,26.11934330909247,1.1264198262327587,1.5837028482215845,-74.1536809158562,1.8348089678141228,2008,-1.6,-297_7
0,3801.511822418601,0.0,57587.99990972037,6507.758265718678,0.7863666666666668,26.08779305809435,0.8517285739236985,0.8970694876190585,-74.75555215621628,0.7658137797118921,2004,0.4,-300_3
1,528.8445750690759,0.0,20365.9092494234,2393.254392783517,0.6954666666666667,26.350506378843814,1.0854293617066004,1.371708528127369,-74.3288523962595,1.7270111337197802,2018,-0.8,-298_6
0,287.4084942015322,498.24705217391903,39435.73345737156,768.0725550885568,0.7167,25.636729581162,0.7242350640501006,1.1610337042267629,-74.58487225223358,1.4395502428015332,2017,-0.2,-299_5
1,188.99095496555125,0.0,14074.987623981806,273.6787008210917,0.7342333333333333,24.838913397879367,0.5413002823012624,0.8646096133442288,-72.94095528229485,2.1806603522001384,2015,0.7,-292_8
1,4262.582745759226,4700.081392247373,31977.784208521764,6540.090190128841,0.5697166666666668,26.455143741894855,1.1514356265236785,1.330504637495769,-74.05486623460305,1.7719268979257563,2014,-0.3,-297_7
1,1594.4159341678378,704.669337349086,2384.830144677117,1174.3178134972325,0.6976833333333333,25.56358665001437,0.657872325957544,1.2340668503116106,-74.27944505563293,1.1296314697802985,2017,-0.2,-298_4
1,755.4562719186175,0.0,27539.971910515,460.7603882463772,0.6235166666666667,26.236762803364968,1.2017534974941884,1.3912038145060492,-74.21656298574457,2.0189636010586245,2004,0.4,-297_8
1,1687.0176318646754,0.0,11251.73752744973,1027.4128440212787,0.7553666666666667,25.188601559171676,0.5930322512481186,1.045013516275284,-73.68206539169346,2.126761435152967,2015,0.7,-295_8
0,225.6188447140465,498.3073850546468,22682.58546847033,4115.116147014309,0.8641500000000001,26.322639027950515,0.8469616331793149,0.8043971725979358,-74.24800402068875,0.6625075220381471,2007,0.7,-297_2
1,6226.550659379051,2491.1809291729496,27671.31666965156,274.6586381735264,0.67925,26.752494413695217,1.0928936017232609,1.247929586572223,-74.14918933943561,1.5383649240546806,2007,0.7,-297_6
1,1047.2092975586345,0.0,39222.90488514575,1483.5858197981672,0.5414666666666668,27.024896449232187,1.2706975738073552,1.2046578663191632,-74.42766707751265,1.4395502428015332,2022,-0.8,-298_5
0,162.50248225290315,0.0,26192.90215997959,594.6590367341037,0.6759666666666667,26.63447908752101,1.0654300878576393,1.267639471819465,-72.41993241750552,2.2031182343031266,2022,-0.8,-290_8
1,556.9570541608996,0.0,723.3576375016875,61.94640628684044,0.63725,26.144075698530287,1.048457288939771,1.154444249537894,-74.18063037437979,2.2974413391356765,2018,-0.8,-297_9
1,214.1671098423555,0.0,43335.21092127536,2126.912818437892,0.6705,26.32852777983072,0.8787938035250948,0.6865010523363515,-74.93072363661959,1.1296314697802985,2007,0.7,-300_4
0,214.9205621034812,704.5286988476765,24301.44182701325,1351.4342125906503,0.8108333333333333,25.798068272072555,0.9907346979970276,1.6434866209212442,-74.12673145733262,1.992014142535039,2011,-1.3,-297_7
0,406.39537816449433,1574.9448403039391,43096.446179844825,990.193786078744,0.6744833333333333,25.334815020104656,0.8634875518591807,1.4188212534206268,-72.02916526891353,2.7645652868778274,2001,-0.7,-289_11
0,991.6750888349866,0.0,22272.851216878567,437.926454468804,0.5729333333333333,25.562576249343863,1.333776810910362,0.3501771862015458,-74.76453530905748,2.391764443968226,2016,2.6,-300_9
1,293.51530984371226,0.0,24984.06168908255,948.8244185569296,0.7334333333333334,26.27536066326803,0.931957632505478,0.93935639445764,-74.65673747496314,1.5742975354194615,2018,-0.8,-299_6
0,200.44626378764875,0.0,3099.393386094824,6346.010194501644,0.8610333333333334,24.85959398657377,0.6429629021036102,1.5881990572192013,-73.0487531163892,2.1132867058911744,2009,-0.8,-293_8
1,283.05165883749595,498.27107331250926,39455.95846595782,1439.8450961356705,0.7569666666666668,25.37585294452657,0.5854064447081689,0.9407803587758852,-74.65673747496314,1.1925135396686648,2012,-0.7,-299_4
0,214.6164968701124,0.0,20406.89875819072,427.6065031708254,0.7171666666666667,26.74596137058046,0.92013729518853,0.4205449154121368,-75.25411713890261,1.0936988584155174,2007,0.7,-302_4
0,8083.558603509739,8811.92338095804,9777.554220081623,9941.063276314464,0.7165,25.8099073381224,1.3974202559796776,1.4548233261167862,-73.84376214283498,2.5714275007921303,2007,0.7,-296_10
0,225.84358387339117,0.0,45845.29879580612,1675.4949836017972,0.7286666666666667,26.23979564028042,0.8117882085415258,0.6740213884303867,-74.79597634400166,0.6445412163557567,2022,-0.8,-300_2
1,1265.6948920662187,5389.152177059023,15671.46270579208,1305.578253558567,0.4873,26.97739072136557,1.2297431418155862,1.620895332397298,-74.00096731755589,1.61472172320484,2022,-0.8,-297_6
1,2776.27590742223,704.5370377063224,29610.971414236425,2706.341876019715,0.6308166666666667,26.159289484712588,1.1193712908203792,1.3407663537971166,-74.1536809158562,1.9515899547496605,2018,-0.8,-297_7
0,103.02874172700956,498.1010345552396,9506.291194809352,1577.2540004800685,0.8269666666666666,27.03892889219668,0.8624060147604728,0.6872736356548219,-72.1010304916431,2.4546465138565927,2024,1.9,-289_9
0,7153.497357892062,4456.984686982893,12263.788231190105,9723.49598306926,0.8479833333333334,25.87343590883376,0.7417462538909497,1.0281208732351852,-74.1536809158562,0.6894569805617328,2018,-0.8,-297_2
0,352.98002817287545,498.0911531788133,12560.91357249128,2690.021616330066,0.7151000000000001,22.3758610720335,0.8663911922290627,0.4059814741894079,-74.80046792042226,2.508545430903764,2004,0.4,-300_10
1,219.92435686674708,0.0,28154.50875402247,686.3786585985758,0.7042166666666667,26.253275971771583,0.7784968829940121,0.6625741258901267,-75.12835299912588,0.6714906748793423,2022,-0.8,-301_2
1,428.982354155361,498.05576683239,35571.44300096786,1326.9781528832077,0.7700666666666668,25.36837925244401,0.5453846493185589,0.8205585314932448,-72.00221581038996,2.6927000641482657,2015,0.7,-289_10
1,88.94606750322227,3591.4597223830865,40520.55703376087,770.6482006147668,0.53585,26.71798075096342,1.051004810570881,1.0159296170971608,-72.0920473388019,2.7421074047748397,2019,0.9,-289_10
1,977.2183778320266,0.0,18536.58995851722,1056.7554972848843,0.7971833333333334,26.656370386757487,1.171843000558744,0.999327214085442,-74.39173446614788,1.6776037930932064,2007,0.7,-298_6
0,408.2086740577327,704.3869453290571,23410.39624336685,196.4773780534205,0.8579166666666667,26.32449790180129,0.987333204121741,1.3814638598375932,-72.02916526891353,2.584902230053923,2018,-0.8,-289_10
1,51.254538203378274,0.0,13436.956289976066,484.88375428391066,0.55245,26.296940947869587,1.1443477242173454,1.158820844142252,-74.38724288972728,2.310916068397469,2004,0.4,-298_9
1,232.21681091141056,0.0,13558.48553746016,1755.1322354799242,0.7836666666666667,26.353180357595704,1.107339794609714,1.3598742233034582,-72.88256478882708,2.131253011573565,2007,0.7,-292_8
1,342.16350616812485,0.0,22271.00207235287,191.1995837309777,0.7550833333333333,26.32624032734026,1.190651100476562,1.3049819268832918,-74.1851219508004,2.0548962124234054,2004,0.4,-297_8
0,3309.857983219699,1114.2414389956066,27889.24575440941,1081.3703892230867,0.7950833333333334,26.373993322682,0.7735465704635817,0.5942766108362668,-75.24513398606142,0.7298811683471113,2022,-0.8,-301_2
0,770.8225702303113,498.3088901474667,19165.280547985185,2612.323673853069,0.8023666666666668,25.91635437436554,0.7260721526859474,1.0183885506544654,-74.1851219508004,0.6310664870939638,2018,-0.8,-297_2
1,1019.7414776044224,0.0,33331.2009430038,730.7893664571474,0.7261000000000001,26.82259602519838,1.067361232631327,0.8125544408086073,-74.58038067581298,1.511415465531095,2007,0.7,-299_6
0,4705.060924564695,0.0,1211.5120133051946,7463.456144892229,0.7407166666666667,26.42684783949693,1.034132228899158,1.201956605536705,-74.33334397268011,1.053274670630139,2004,0.4,-298_4
0,1276.594755933785,0.0,12848.705323558264,305.61633043274867,0.7325166666666667,25.80601999973311,0.9044144819365846,1.739382336950133,-73.73596430874062,2.0548962124234054,2011,-1.3,-295_8
0,308.53901381562105,0.0,7654.962489417268,1393.9313528549646,0.63415,25.889028733729333,1.0886981156393791,0.851486435845513,-74.9352152130402,1.7090448280373898,2004,0.4,-300_6
0,724.0925237662368,704.5921027445596,34915.73014399622,254.0967528338023,0.7680833333333333,26.98049131799712,1.2443677252195218,1.2587179063483982,-74.17164722153859,1.659637487410816,2007,0.7,-297_6
0,389.12743633506346,996.6468782873902,43018.72703060458,1590.9067460006097,0.7064333333333334,25.691520197624698,0.5589985617592169,0.911706699267461,-74.26597032637115,-0.0651278580986653,2006,-0.9,-298_-1
0,2989.350433607934,0.0,21887.774493032608,409.5562497609758,0.6492166666666668,25.312928093950745,1.3419353905692823,0.6341900053457837,-74.66122905138373,2.382781291127031,2007,0.7,-299_9
0,1594.3384347419312,0.0,8211.41858347721,75.6234409888038,0.7919666666666667,25.145188008975936,0.7923055012382173,0.8946158575892541,-74.58487225223358,1.843792120655318,2001,-0.7,-299_7
0,85.27286288496985,0.0,10870.694728141045,1648.7654172228465,0.7358833333333333,25.766543403162583,1.0317721013341208,0.9814307000624716,-74.1761387979592,2.4905791252213736,2021,-0.9,-297_9
1,104.38939570337251,0.0,45731.43056476554,1569.5460892890417,0.6879500000000001,26.505062796821733,0.9262779563388578,0.659782121658614,-74.87682471957243,1.1880219632480673,2007,0.7,-300_4
1,525.8369353657621,0.0,266.8965854546549,1098.5269491303354,0.6717000000000001,26.01425983903732,1.1243502433817454,1.155235045146614,-74.31537766699772,2.414222326071214,2004,0.4,-298_9
0,8431.423976196973,498.1912126633708,18357.5676766414,3067.682904495118,0.8423833333333335,26.14970087104132,1.0359087578349613,1.625438350870643,-73.82130426073198,1.893199461281892,2018,-0.8,-296_7
1,1920.8190858990904,704.6363423781094,21362.378330664666,1789.4280450074302,0.5838,26.43252376907003,0.7859974987252406,0.7604496336668815,-74.25698717352995,1.3811597493337644,2010,1.5,-298_5
1,5398.243970519698,4285.682446384706,36626.12670547446,4231.327250636129,0.5993666666666667,25.74069565588917,0.7771086989735854,1.4401821695053951,-74.09978199880904,1.825825814972928,2005,0.6,-297_7
1,3123.0527647085987,3891.22421289239,18474.62668647282,2387.0235867041265,0.4613666666666667,26.09116898007335,0.9907637808071944,1.744783208190011,-73.9830010118735,1.673112216672609,2008,-1.6,-296_6
0,113.2438838219733,0.0,26869.10177330802,1071.1442810078588,0.6630333333333334,26.939730717375312,1.191430767077924,1.118086842122447,-74.53546491160701,1.1880219632480673,2022,-0.8,-299_4
1,3123.0527647085987,3891.22421289239,18474.62668647282,2387.0235867041265,0.5844833333333334,25.937766801157352,0.8658889005699392,1.7334120736741516,-73.9830010118735,1.673112216672609,2006,-0.9,-296_6
1,4824.123920464962,0.0,17037.7239775334,3541.7234993332345,0.7680333333333333,26.3940904317688,0.9526876773123452,1.109908079223357,-73.76291376726421,1.93362364906727,2020,0.6,-296_7
0,700.7481088113049,0.0,37485.6243303028,1321.120931038925,0.8755666666666666,25.93286014338122,0.8285533978363198,1.0927459071637835,-74.60733013433656,1.4395502428015332,2006,-0.9,-299_5
1,208.12053491866783,0.0,9780.140421443097,1228.5286578944222,0.73,26.18600868010111,1.1554951066046124,1.2819855362887669,-74.42766707751265,1.8797247320200987,2004,0.4,-298_7
0,3756.1442328523935,1575.8186860327555,30026.518827475866,6200.985858544866,0.66755,26.13129191098648,0.8235763711606867,0.9892467542667486,-74.23902086784756,0.4019960896434859,2004,0.4,-297_1
0,1434.8089850094111,1409.0740754126448,15537.143006669956,943.3821211325402,0.6556333333333333,26.57726098658088,1.026597662342991,1.0629732868555417,-73.95605155334991,1.9515899547496605,2020,0.6,-296_7
1,264.0940407307789,0.0,6955.583867419557,1828.5990362759896,0.6801,27.14610351092745,1.3292682506892348,1.495591318018496,-73.64613278032867,2.243542422088505,2007,0.7,-295_8
0,56.96810648466966,498.1010345552396,22667.643930077826,925.145189203724,0.8258333333333334,26.776923420149046,0.9692575480797642,1.000303157247897,-72.40645768824373,2.4546465138565927,2020,0.6,-290_9
1,878.2917499171933,0.0,27344.505169004715,160.90185191389432,0.7757833333333334,25.86473192428849,0.7793368034335323,0.8209630132567803,-74.53546491160701,1.1970051160892623,2014,-0.3,-299_4
0,1216.9079545810791,0.0,2042.455372495404,1908.407569042224,0.81545,25.83472521186667,0.9746213963360132,1.614431885252691,-73.75842219084362,2.319899221238664,2011,-1.3,-296_9
0,1869.3111041190648,1796.0662919280012,753.3760341070682,1278.0937326595565,0.5217666666666667,26.590270991845443,0.9746822293025628,1.257911959230013,-73.798846378629,2.2345592692473097,2013,-0.3,-296_8
1,309.2432410416002,0.0,13666.712333812326,1610.5003320034325,0.5906333333333333,25.9449891384711,1.1127269783447098,1.1169714930307526,-74.50402387666281,2.3423571033416524,2004,0.4,-299_9
0,104.50557566027462,498.0750759172757,33378.90559024812,595.9105002092273,0.7227166666666668,26.534514233471494,0.9849287313083148,1.1346500309121903,-72.33010088909357,2.5938853828951185,2003,0.9,-290_10
0,375.4414372985173,0.0,7537.5038205754045,31.52713224573292,0.4480166666666667,26.811832247449388,1.0957025645449212,1.4281913535288195,-72.58612074506765,2.580410653633326,2018,-0.8,-291_10
1,2932.6800480320862,3151.024734114285,26015.86363726317,1947.3298349000115,0.5576666666666668,27.05286279352157,1.256645153825869,1.393473008976014,-74.07732411670604,1.6686206402520112,2007,0.7,-297_6
1,616.8700814046409,0.0,30471.06905946768,53.942880483807045,0.7193166666666667,25.569508360024827,0.7795542931178471,1.2604766392456666,-74.40970077183027,1.5473480768958758,2012,-0.7,-298_6
1,657.6484193606135,2540.3277347617964,37480.41214511978,1185.0615859303855,0.4458,26.2555267244623,1.002849630645411,1.1302908033396732,-74.1536809158562,1.8348089678141228,2013,-0.3,-297_7
0,1959.991673058271,0.0,18184.02861748691,897.0612084530741,0.6335000000000001,27.33707480364677,1.2880541845833513,1.031581352546297,-74.55343121728939,1.6461627581490232,2022,-0.8,-299_6
1,911.0588330314564,1114.0005329891003,35239.68136478966,1354.7012407895727,0.4677833333333333,27.281569876331503,1.4997690420905208,1.4926536301585347,-74.1761387979592,1.8572668499171108,2022,-0.8,-297_7
0,380.2637899681794,0.0,36390.25126980236,424.4956261680188,0.7328,26.152758543471634,0.8515565628513931,0.95747378555398,-74.48605757098042,0.7164064390853184,2004,0.4,-298_2
0,4.81809691218346,0.0,50992.84634605822,99.1837513048446,0.7355,26.439822933970504,0.8647992445322737,0.7316096870220132,-74.78250161473987,1.0353083649477486,2007,0.7,-300_4
0,1275.443219012937,498.10751224007856,10697.487468818505,2161.4871388485,0.8643500000000001,27.239489581385957,1.453020708765168,1.1673507574859645,-74.144697763015,2.418713902491812,2007,0.7,-297_9
0,548.8070533150901,2113.75508574196,36374.90580225418,346.5927206738738,0.62475,26.615709499009768,1.0069662747637675,0.9818800523802323,-74.167155645118,1.7000616751961946,2020,0.6,-297_6
0,215.47245887289063,0.0,37285.039339415925,5.17409246829025,0.8139833333333334,26.26927291418445,1.0945455942744815,1.2114661132375624,-74.54444806444819,1.327260832286593,2004,0.4,-299_5
1,291.95411776211046,0.0,10167.063165319938,459.3792271971304,0.75795,25.445920699960027,0.7559356754392952,1.0677097105612314,-74.5219901823452,1.7135364044579873,2002,-0.1,-299_6
0,216.77359562635215,498.14940341728806,5144.371304611767,973.610397348775,0.8415166666666667,27.01346574086017,1.2516328923419124,1.3660232955782794,-73.36316346583102,2.1716771993589434,2007,0.7,-294_8
1,794.4022958975884,0.0,24270.227226319985,3531.4206409888056,0.8131833333333334,26.129517923082688,0.9214478382119582,1.1421748565744574,-74.46359968887744,1.2419208802952386,2018,-0.8,-298_4
1,325.8541034091938,0.0,11622.381143022356,1058.251289310294,0.7735833333333333,25.923806564928725,0.8997052407423586,1.6665633460804858,-73.95605155334991,2.1132867058911744,2009,-0.8,-296_8
1,88.70261956489873,498.06638613743047,31931.530223098514,623.831651470658,0.5965166666666667,25.480217268963827,0.6726525379985064,1.5101709627492654,-72.18637044363444,2.6388011471010944,2009,-0.8,-289_10
1,1129.951683504324,2053.476838194188,44370.449440098935,2140.5688824441686,0.57245,26.391238417275986,1.0260127769201304,1.760069229531556,-72.16840413795207,2.7645652868778274,2008,-1.6,-289_11
0,266.51588218150465,704.7231282567644,7849.4514084817,3718.7189629445447,0.6311166666666668,25.63115355290944,0.5377298286093161,0.6910832445410353,-75.21369295111724,0.4963191944760357,2006,-0.9,-301_1
0,211.7029778460204,704.6310869880778,13213.797989980838,797.3014695185628,0.8463833333333335,26.887561972325614,1.1815487967305158,1.4178083409345577,-74.07732411670604,1.4170923606985453,2022,-0.8,-297_5
0,1301.2758765260455,0.0,22161.616655439888,1438.371311011445,0.8555166666666666,26.69916736551028,1.0723090742535446,0.929786856031387,-74.10876515165023,2.005488871796832,2010,1.5,-297_8
1,4286.373024730163,1796.5531537850472,1455.455616107983,2217.796396605835,0.7155333333333334,25.822524222153675,0.8649924509888639,1.2519084362101278,-74.22554613858577,1.156580928303884,2008,-1.6,-297_4
0,1054.1204958679891,498.2218538211667,31038.95445864531,356.135654721286,0.8289000000000001,25.614819259467765,0.8233356508807318,1.2830279998466,-74.25698717352995,1.659637487410816,2002,-0.1,-298_6
0,261.045920082211,0.0,2379.7037439906458,1468.4633860039685,0.8477666666666667,26.18912098767879,1.0705040653676914,1.5359987409965992,-73.73596430874062,2.391764443968226,2018,-0.8,-295_9
0,3735.235024098449,1408.9874023567422,8566.822567758403,371.33690396393246,0.6479,26.95170034725163,1.0538762389316223,1.0892538659152546,-73.83927056641437,2.153710893676553,2020,0.6,-296_8
1,281.3407441881878,0.0,27984.50253553593,851.6748958874742,0.6477,26.110226174848265,0.8660836072260176,0.779782909923104,-75.22267610395843,1.0128504828447604,2004,0.4,-301_4
0,127.29755742308669,0.0,5322.25467921377,82.25682568910287,0.7996666666666667,27.24830455179409,1.4322984434500643,1.220104312507221,-74.10427357522963,2.2031182343031266,2007,0.7,-297_8
0,184.9942884791988,498.2624339893586,37870.49780024384,2117.2402598116405,0.6815166666666668,26.816989518188564,1.163837877953792,1.0346516122678224,-74.58936382865417,1.2868366445012147,2022,-0.8,-299_5
1,5472.433958338304,2682.942784402045,12839.931394481364,653.8293416576133,0.6637000000000001,26.07340279228981,1.048175707734945,1.6025420803728607,-73.70003169737585,1.753960592243366,2004,0.4,-295_7
0,572.4266228757772,0.0,21582.912804577583,369.7483867773865,0.59755,26.0812699240779,1.2849424378598562,0.86802607041488,-74.56690594655119,2.288458186294481,2007,0.7,-299_9
0,3735.235024098449,1408.9874023567422,8566.822567758403,371.33690396393246,0.5811833333333334,27.156724117892395,1.0504920350585765,0.9239569144628113,-73.83927056641437,2.153710893676553,2010,1.5,-296_8
1,4760.72358942951,2682.8485415459068,22138.0609221976,4388.715759234775,0.4999833333333333,27.04070626550373,1.3312352031520571,1.5863698165176452,-73.9650347061911,1.8842163084406964,2007,0.7,-296_7
0,57.37586903961592,0.0,12704.002321154618,1823.334007281092,0.6983166666666667,26.1167665444944,0.9835796654587844,1.0916503229437986,-74.3602934312037,2.3019329155562738,2018,-0.8,-298_9
1,2999.5845595661817,1992.7342396817492,14973.021063064723,1996.218125582717,0.6062333333333333,27.1197219243125,1.3466330625871077,1.7526994485340268,-73.94257682408812,1.947098378329063,2022,-0.8,-296_7
1,303.7495224277991,0.0,20314.99558710505,1231.3845672672498,0.6889833333333333,25.574731224106984,0.8815599134124873,1.3648783737522805,-74.38275131330668,1.969556260432051,2009,-0.8,-298_7
0,191.21884885575952,0.0,40055.18537486702,1670.0273622489826,0.6858833333333333,26.816989518188564,1.163837877953792,1.0346516122678224,-74.60733013433656,1.2958197973424097,2022,-0.8,-299_5
0,568.8544693756917,498.0985877564802,15919.356302341394,4088.615156936481,0.7739833333333334,23.50607140889616,0.9854100128531972,0.3859465147257879,-74.79597634400166,2.468121243118385,2016,2.6,-300_9
1,47.40013861801495,498.063750939576,33915.540654924334,1804.1870365843683,0.6152833333333333,25.772622862316386,0.8003884219789535,1.5995459952330833,-72.19984517289625,2.6522758763628875,2011,-1.3,-289_10
1,267.18860053521405,0.0,5393.867168384001,68.22116807649219,0.6365666666666667,26.10404879232584,0.987108787478282,1.6173840245395887,-74.02791677607946,2.1447277408353576,2011,-1.3,-297_8
0,217.6943797904084,0.0,29806.03608914132,2857.288980495732,0.8337,25.82022070057019,0.820252987729518,0.8447689344306254,-74.47258284171863,1.3003113737630074,2014,-0.3,-298_5
0,191.22051586632003,0.0,39660.49996252262,1703.637016724335,0.6734666666666668,25.673630139330896,0.678245364507024,0.7131531783051673,-74.60283855791596,1.2958197973424097,2013,-0.3,-299_5
1,2273.296753886196,0.0,10970.194668128088,2714.9666865399795,0.7021666666666667,26.206267272541027,1.0207334332863212,1.463490111365786,-73.48443602918717,2.2390508456679075,2018,-0.8,-294_8
0,270.9538064116204,0.0,9642.720414796438,3086.930181632712,0.8170166666666667,25.76458374966859,0.9266565363608256,1.5838870133385443,-74.08181569312664,2.117778282311772,2009,-0.8,-297_8
1,721.5055520238791,0.0,21521.16499761579,356.7139641332376,0.5903333333333334,26.15702717344601,1.1302617108659565,1.4512558975556764,-74.29741136131533,1.830317391393525,2008,-1.6,-298_7
0,381.93479068848256,0.0,40348.06334912385,1100.508008735931,0.7199666666666668,25.636729581162,0.7242350640501006,1.1610337042267629,-74.63877116928074,1.3721765964925692,2017,-0.2,-299_5
0,285.4881326050943,0.0,42428.4381439558,443.4628507450629,0.6679666666666667,25.921193907703184,0.9769787987960822,1.1842590614912585,-74.5399564880276,1.4215839371191428,2008,-1.6,-299_5
0,782.0306247087343,1408.8965540450442,1422.4026144684449,3406.373384632657,0.8390333333333334,27.08953055456493,1.31569504148142,1.557557171942581,-73.47994445276656,2.34684867976225,2022,-0.8,-294_9
0,1379.136626646458,1796.6833984803775,44914.393025521786,3916.210982188508,0.83235,25.59818320892072,0.5817389384696513,0.5845193971994466,-74.74656900337509,0.5996254521497806,2014,-0.3,-299_2
0,74.89375020539464,498.1324340725064,2784.446486969763,1503.7740307199767,0.7910333333333334,26.23204067130609,1.0345030820334824,1.4304376246681931,-73.95605155334991,2.2749834570326883,2011,-1.3,-296_9
1,2494.183597309823,2054.191328874942,37368.5065549581,24.10079676779479,0.6639833333333334,26.547124159891556,1.1127968387837135,1.1475977429113808,-74.167155645118,1.718027980878585,2014,-0.3,-297_6
1,4525.942412445149,8110.455241153237,21664.525884043134,809.166623242,0.5658666666666667,26.6096072274114,0.8765861184027005,1.062014701897043,-74.03240835250007,1.6641290638314137,2010,1.5,-297_6
0,162.74250358681095,0.0,34867.557857462976,2523.225533942188,0.5591666666666667,27.3591914378614,1.352150277832071,1.152857721157846,-74.49953230024222,1.488957583428107,2022,-0.8,-298_5
0,5148.954555524258,0.0,22685.347026952448,8054.914476033941,0.7675166666666667,26.07699553084575,0.8938917270096786,1.0243706409773516,-74.41419234825086,0.8197126967590634,2004,0.4,-298_3
1,3892.926898090239,1494.73974532358,19363.562687222904,1905.3079055091248,0.6331833333333333,25.62854868258449,0.7092679404811494,1.3827187877816334,-74.1761387979592,1.444041819222131,2017,-0.2,-297_5
1,224.79510165206628,0.0,35477.8445836992,14.041928286444152,0.7359,25.464128878467022,0.5817289869856382,1.0638633263244095,-74.50851545308342,0.7523390504500993,2017,-0.2,-299_3
1,2334.639702655528,498.2099676592189,6151.492694334127,611.5742240063132,0.6404166666666667,24.756764368613005,0.7771167446436107,0.9652665908909448,-74.48605757098042,1.753960592243366,2001,-0.7,-298_7
1,274.2266224768338,0.0,36641.79095391974,783.8502379647284,0.6948166666666667,25.979055480986347,0.7601809735625898,0.9909087523119204,-74.5219901823452,0.7523390504500993,2018,-0.8,-299_3
1,94.2379736239076,0.0,2757.853839671628,1055.0382646482708,0.7074666666666667,26.465106932029244,1.0935117699101544,1.3118243597586816,-73.99647574113528,2.2480339985091025,2018,-0.8,-296_8
1,1292.540839859562,0.0,9653.61213574622,152.61981309620103,0.7725333333333333,26.20847068870609,0.9525990055634628,1.5383750208882685,-73.94257682408812,2.0998119766293817,2006,-0.9,-296_8
1,222.86205295946235,0.0,12221.525385592471,627.141170545874,0.7166666666666668,26.01295118082868,1.0051086388376824,1.4573117351246194,-74.14918933943561,2.153710893676553,2011,-1.3,-297_8
1,419.3519187323348,1113.6664180197768,39940.0224647638,1420.9277297538445,0.5144666666666667,26.854929050440376,0.9300382480431816,1.1477021526151467,-72.05611472743712,2.737615828354242,2016,2.6,-289_10
0,154.87672595818302,0.0,18346.338875877096,4238.342506089188,0.8179833333333334,23.029171577871352,0.9500048428623776,0.2706067827555583,-74.86784156673123,2.405239173230019,2004,0.4,-300_9
0,35.76034969389904,0.0,20591.77329463571,2849.473584472601,0.7498166666666667,26.89412600732146,0.9611600156789032,1.0792374425999915,-72.06958945669892,2.562444347950936,2016,2.6,-289_10
0,780.3337364911469,0.0,15099.490520928866,53.98801620112787,0.7281166666666667,24.67078883492883,0.7971731393337942,1.3272775458478134,-73.9919841647147,2.014472024638027,2001,-0.7,-296_8
0,758.9539867015588,0.0,28469.21890608227,1577.685371482437,0.6324000000000001,26.70106868494861,0.9831027965173416,0.6619324940259316,-74.85436683746943,1.3991260550161548,2007,0.7,-300_5
0,241.13229850382743,0.0,1907.5894225370664,363.8056106419398,0.7496166666666667,26.055399745193085,1.3522597009517554,1.3736300700003663,-73.94257682408812,2.378289714706433,2022,-0.8,-296_9
0,287.6256197087309,1114.236425764299,31799.21002312574,1778.0988142446658,0.8139333333333334,25.792780231245388,0.5797509971497353,0.5119416887288425,-75.26310029174381,0.7703053561324897,2003,0.9,-302_3
1,208.7255042242452,0.0,5541.476578705416,952.003604625186,0.6958500000000001,26.38222531510576,1.0349738080418247,1.4181373719330983,-73.33621400730743,2.279475033453286,2018,-0.8,-294_9
1,9418.26066180454,1114.0181705766745,20524.081185438983,1354.4628847411625,0.6780666666666667,27.05056392764408,1.2684132795435064,1.6277607818309432,-73.87969475419975,1.798876356449342,2007,0.7,-296_7
0,6615.409648652707,704.6931956532574,17358.50948940389,9761.300440217714,0.8512833333333334,25.08866574989088,0.5352546538168775,1.0196453217295158,-74.41868392467147,0.905052648750418,2012,-0.7,-298_3
1,219.5156587107236,498.1435849732485,9515.211242645672,26.674573578951243,0.7639833333333333,27.355181735683857,1.4548578785707285,1.1239583956970025,-74.1851219508004,2.2076098107237243,2007,0.7,-297_8
0,6407.636676401453,0.0,29752.13150364374,228.4523705540979,0.7248333333333333,25.318012736750745,0.9422598254598652,0.968424468022742,-74.64775432212194,2.194135081461931,2018,-0.8,-299_8
0,3311.3492998187558,3523.5846005878734,12877.124745433191,8021.151809077381,0.8052333333333334,25.890512720499657,0.7364067489396882,1.033143884554562,-74.13122303375322,0.6041170285703782,2018,-0.8,-297_2
0,401.4047184046936,0.0,9800.634941201992,1496.3678774018765,0.7838333333333334,25.717706939561538,0.8399024677333764,1.2020203746948772,-74.51749860592462,1.91565734338488,2012,-0.7,-299_7
1,4232.51665320637,996.4902784272408,17870.35445350165,624.587795722599,0.7952,26.2610092135252,0.9672054663733402,1.4334632215840306,-74.10427357522963,1.4575165484839236,2018,-0.8,-297_5
0,364.54001502358,498.1450435114255,24374.240349414897,1513.2748475957894,0.7101000000000001,26.38557671709549,1.002699514223573,1.128646955678989,-74.40071761898908,2.198626657882529,2018,-0.8,-298_8
0,66.22042735822471,498.0724721363348,14080.869017781348,1443.7663892701116,0.8163833333333333,27.146843222575683,1.2370180153175625,1.553200183297074,-72.52773025159988,2.607360112156911,2022,-0.8,-291_10
0,203.34415817394543,0.0,18013.36261528232,943.2199746487792,0.6876666666666668,25.494299090610586,0.6818822178135302,1.1380208210736729,-74.63427959286015,1.6955700987755968,2017,-0.2,-299_6
1,3739.5962972985976,2490.940224719373,25608.603739342994,1193.2084359098308,0.6205166666666667,26.626648099277247,0.975354316253598,1.1035560731492262,-74.04588308176186,1.91565734338488,2010,1.5,-297_7
0,41.63660199320914,0.0,22244.58919801479,294.0967789370741,0.7526166666666667,26.466597772560192,0.8332495727577447,0.4465671227495949,-75.2990329031086,1.008358906424163,2007,0.7,-302_4
0,2968.635583254031,2054.225854032365,27216.93144942288,600.5279662923797,0.7049333333333333,25.81714760979895,0.8667788744879985,1.7187098169038808,-74.09978199880904,1.6506543345696207,2012,-0.7,-297_6
1,80.2930174783167,0.0,21644.913431140518,2648.4134122364017,0.7130833333333333,26.08564736536698,0.8744311505498253,1.101126685536959,-74.50402387666281,1.1431061990420912,2018,-0.8,-299_4
1,280.3536828262369,0.0,30957.0540626052,1503.9350218352206,0.5654166666666667,27.024896449232187,1.2706975738073552,1.2046578663191632,-74.38724288972728,1.376668172913167,2022,-0.8,-298_5
1,4765.045700263716,3592.5571150644214,36410.60948764742,2075.899143355615,0.5140833333333333,26.455143741894855,1.1514356265236785,1.330504637495769,-74.11325672807082,1.843792120655318,2014,-0.3,-297_7
1,280.5060288496375,498.187417670298,30716.985389563804,2218.2848809936145,0.6156666666666667,27.281569876331503,1.4997690420905208,1.4926536301585347,-74.23452929142697,1.9201489198054773,2022,-0.8,-297_7
0,416.800319383992,996.4599214218302,6529.03625823505,3994.585399439293,0.8305666666666667,26.77058057120928,1.1628403937902858,1.4262534536508171,-73.91113578914393,1.592263841101852,2007,0.7,-296_6
1,445.33015732452026,0.0,18593.717595826245,798.4295032752855,0.6353166666666668,26.49655262818959,1.1398260420591937,1.1619307431833543,-74.52648175876581,1.637179605307828,2004,0.4,-299_6
0,102.44789793077952,498.272249252354,45702.930616379446,1271.6300741800335,0.7423666666666667,26.536117721837,0.9317563117375302,0.7611920655374987,-74.7196195448515,1.179038810406872,2007,0.7,-299_4
1,5831.967929896148,3341.9682519250537,28707.81338638495,1673.017042629009,0.4871166666666667,26.65313438814968,1.052156320223293,0.9885390579891994,-74.06384938744425,1.893199461281892,2010,1.5,-297_7
0,215.8453147268505,498.2678590627736,37785.78816263224,1921.232116007409,0.7479166666666668,26.355146045899687,0.9505491520822612,0.8378331581984373,-74.62529644001896,1.2284461510334457,2007,0.7,-299_4
0,408.7050020731385,498.0716094348281,26690.81472691796,1285.276112231321,0.7589,25.6783402276418,0.6220892034367527,1.178862264483506,-72.1189967973255,2.611851688577509,2005,0.6,-289_10
0,3548.094392056713,498.2526812521936,8004.427169905896,5911.920948062798,0.8139833333333334,26.409472938710167,1.0940380643012464,1.4090081561487748,-74.01893362323828,1.385651325754362,2004,0.4,-297_5
1,1792.5789243037614,0.0,22763.52587027709,1393.68890177665,0.6766833333333333,26.237624966201,0.9518520060819934,1.241831421715414,-74.38275131330668,2.2031182343031266,2011,-1.3,-298_8
1,3277.8513588780643,0.0,29382.648259928024,965.5761531484133,0.7615166666666667,26.04015040912816,0.7880360189941893,0.9695249744061272,-74.28842820847413,1.4620081249045214,2013,-0.3,-298_5
1,811.8987349731708,996.5007212741996,14408.674732641352,4464.844787021217,0.5483833333333333,25.60825724574892,0.7248950889613756,1.2556476484769206,-74.14918933943561,1.40810920785735,2002,-0.1,-297_5
1,577.6716060700481,1113.682552671541,41892.60326559328,1064.314754764997,0.6049333333333333,26.669613301686866,1.0833981258783376,1.5742840743222803,-72.2896767013082,2.701683216989461,2018,-0.8,-290_10
0,1220.1221036732306,0.0,13499.062260139444,7639.104867034103,0.8688333333333335,26.50697741935761,0.9583409585897936,0.88784436684744,-74.44563338319504,1.0622578234713342,2007,0.7,-298_4
1,199.6931097714269,0.0,34110.92998202123,2371.171377526284,0.61985,24.998988861459,0.5275560540894765,0.7525368545510277,-74.52648175876581,1.304802950183605,2015,0.7,-299_5
0,4811.89582327566,498.2531359660469,6069.164451345638,7912.950931600742,0.8343166666666666,26.04233603094156,0.9032926803680986,1.3479443910567823,-74.00096731755589,1.3811597493337644,2018,-0.8,-297_5
1,3944.053363404887,2054.3484330500023,13697.774963024482,2969.3898861172847,0.4837333333333333,26.428989449123605,0.7678146901994439,0.7987921819198838,-74.167155645118,1.385651325754362,2010,1.5,-297_5
1,705.5274807297201,0.0,25443.9670535736,453.6009412167732,0.6346666666666667,26.2689817921044,1.0237677467272412,0.986607585111924,-74.69267008632792,1.5069238891104977,2004,0.4,-299_6
1,2074.9573966639355,1409.1934750061826,33918.92665704503,1635.3251425056353,0.6553333333333333,25.42946538070629,0.6137357002747835,0.9755469486761352,-74.17164722153859,1.6326880288872303,2015,0.7,-297_6
0,222.86205295946235,0.0,12221.525385592471,627.141170545874,0.7374,26.23525537777971,1.0809394960048635,1.2532809432925864,-74.14918933943561,2.153710893676553,2018,-0.8,-297_8
0,3343.519187636576,996.2418757510648,20549.01609252617,8125.337881186421,0.8374666666666667,26.513381431021003,1.052177678174809,1.2897319526126474,-72.2851851248876,2.3423571033416524,2022,-0.8,-290_9
1,6.510971847864544,0.0,15542.264053788364,141.12925754382064,0.6426000000000001,26.094427990374182,0.9635338456006856,1.0653632131955553,-74.61182171075716,1.704553251616792,2008,-1.6,-299_6
0,13.03995560320081,0.0,7952.084029313063,1144.1580907516088,0.7212166666666667,25.55532404894228,0.8412980545894794,0.9094972607803492,-74.9352152130402,1.7135364044579873,2011,-1.3,-300_6
1,4761.263723681466,4593.252753700258,31279.91388616552,7091.52618081352,0.5733166666666667,25.24298938374244,0.6567999584589496,1.0868175504361928,-74.05037465818246,1.7674353215051586,2015,0.7,-297_7
1,6539.622034954626,1114.1457980780613,2268.7962724219938,1095.6067362972587,0.5892166666666667,26.33327843295143,1.0665622902224612,1.3047033865348616,-74.10427357522963,1.3003113737630074,2004,0.4,-297_5
0,6691.615745147848,498.24021565907344,30274.08351037601,2768.0661436424984,0.8702333333333334,26.559122746404626,0.8413784365588298,0.8001713405631857,-74.26147874995054,1.5024323126898995,2010,1.5,-298_6
1,86.455163416006,2490.340636213247,28531.3293477519,1231.391407773672,0.7417166666666667,26.595207956004455,1.0708433712388186,1.378080927892477,-72.11450522090489,2.6298179942599,2014,-0.3,-289_10
0,1066.8494428429683,0.0,22118.217926241603,482.4548412335211,0.8410166666666666,25.795272023776704,0.7337896844173919,1.0796451954440192,-74.44563338319504,1.61472172320484,2005,0.6,-298_6
0,284.2787668116816,0.0,39156.11953855403,108.11250210231158,0.6435500000000001,27.074545189251523,1.2146510481478827,1.028373544141254,-74.60283855791596,1.4215839371191428,2022,-0.8,-299_5
1,101.52703628269494,2054.1256389580944,36518.94193425659,2254.612374358904,0.5978833333333333,26.2555267244623,1.002849630645411,1.1302908033396732,-74.1626640686974,1.8393005442347203,2013,-0.3,-297_7
0,1249.7357272022716,0.0,23953.485878888296,264.27497877342705,0.5949833333333333,26.04900720716438,0.992863403897802,1.3598680091376103,-74.31986924341831,2.1357445879941626,2011,-1.3,-298_8
0,1286.5380854019334,996.344725735024,12899.387522796498,2027.1543512702867,0.5974166666666667,26.7250387087762,0.9996346759417348,1.0104928551911587,-73.9740178590323,2.023455177479222,2010,1.5,-296_8
0,228.1969749811532,1114.2686082134774,11511.353422522105,4760.822903202795,0.8007500000000001,26.27323149086817,0.8029830020807333,0.8470934632285525,-74.07732411670604,0.4514034302700596,2007,0.7,-297_1
1,1341.9053867805574,0.0,28088.976149798007,784.5240600172519,0.6595000000000001,25.93916753997456,0.8022036879164225,0.8564584140729892,-74.42317550109206,1.5653143825782665,2013,-0.3,-298_6
1,272.8339570235135,498.3105206595582,49343.702658734845,2611.639053688542,0.7431833333333333,26.04771365249519,0.8193445654463042,0.9004852081213519,-74.56690594655119,0.595133875729183,2004,0.4,-299_2
1,102.44789793077952,498.272249252354,45702.930616379446,1271.6300741800335,0.6461333333333333,25.81050637524009,0.7269147467851659,1.014779569759627,-74.7196195448515,1.179038810406872,2006,-0.9,-299_4
0,1564.9997766407337,0.0,5577.51671462974,261.8925590316728,0.6986333333333333,25.692848077042584,0.8306087662983103,1.193243674403357,-74.47707441813924,1.762943745084561,2012,-0.7,-298_7
1,445.33015732452026,0.0,18593.717595826245,798.4295032752855,0.6347,25.99493792177901,0.7778533056288491,0.724229028370913,-74.52648175876581,1.637179605307828,2013,-0.3,-299_6
0,1003.0270669320196,1114.047975010502,30153.49328938691,208.3428993801746,0.5546166666666668,26.217037573656683,0.8894077532311807,1.2035078303558349,-74.10427357522963,1.6955700987755968,2013,-0.3,-297_6
0,972.4806935239056,0.0,6826.489289804553,3700.278287617921,0.7654166666666667,26.23204067130609,1.0345030820334824,1.4304376246681931,-74.02342519965887,2.3019329155562738,2011,-1.3,-297_9
0,903.7117171917718,0.0,23042.19044614042,502.3282939796577,0.8226833333333334,25.916879236081684,0.7420981504841676,0.569122794649959,-74.67021220422492,1.5877722646812542,2003,0.9,-299_6
0,2248.657520563257,1993.0198192692412,14808.9699154154,68.35933924291587,0.53105,26.614053760331046,1.1336294231228752,1.3819079675350252,-74.19859668006218,1.363193443651374,2004,0.4,-297_5
1,4896.057058528244,498.2320618948564,32198.21899890976,2927.496256558978,0.5650666666666667,26.064590329484247,0.9033724161792884,1.5603518522079565,-74.17164722153859,1.5742975354194615,2011,-1.3,-297_6
1,287.464540102155,0.0,19419.3394340222,1134.519303777264,0.6141500000000001,26.291648397939586,1.1549310086047313,1.5833412680136785,-74.02342519965887,1.9875225661144411,2004,0.4,-297_7
0,2560.5754768364745,0.0,8287.755391389217,413.6572916859032,0.7481166666666668,26.29091605267911,0.9775073551524888,1.0718067611321178,-74.58936382865417,1.7898932036081467,2008,-1.6,-299_7
1,1282.1755232534472,0.0,20851.094443160437,286.05822852601176,0.6781833333333334,26.160128485918392,1.0096837859405745,0.9178135507493432,-74.3602934312037,1.6776037930932064,2014,-0.3,-298_6
1,9075.168608535105,2054.135660685535,30934.373897914164,1801.1884000203877,0.5159833333333333,26.65786897241304,0.9415513053925224,1.1374853770969655,-74.01444204681768,1.82133423855233,2010,1.5,-297_7
0,126.61819583738632,498.090321879476,12755.00108985622,296.2193329482233,0.7967166666666667,26.46458197430917,1.083274030747335,1.400675857897309,-72.50078079307629,2.5130370073243613,2004,0.4,-291_10
0,559.6911514343402,498.1271016266832,5682.15224394609,1322.496947861998,0.8550166666666666,26.115830671366098,0.917476073188304,1.679485521121821,-73.5787591340197,2.3064244919768715,2011,-1.3,-295_9
0,2855.074168212436,0.0,15143.524401606235,1502.5902589357313,0.6537666666666667,26.887561972325614,1.1815487967305158,1.4178083409345577,-74.11325672807082,1.430567089960338,2022,-0.8,-297_5
1,273.17895261421205,0.0,23588.43096767868,2152.2784897260062,0.75315,26.72730395775602,1.0349146343822169,1.0189766220829155,-74.32436081983892,1.3362439851277883,2007,0.7,-298_5
0,4525.325557883929,0.0,28539.999739450264,184.3002722489612,0.6007166666666667,24.53974029306221,1.1160510304496043,0.6917341914223716,-74.65673747496314,2.2749834570326883,2004,0.4,-299_9
1,301.91788595337687,0.0,4650.306038584668,508.4440683741086,0.7448833333333333,26.38756956338767,1.0452346091285332,1.408063690014772,-73.2149414439513,2.315407644818067,2018,-0.8,-293_9
0,84.97810395256319,3341.1308901328607,29505.882253527998,1681.799573408267,0.6726333333333333,25.6783402276418,0.6220892034367527,1.178862264483506,-72.11450522090489,2.6388011471010944,2005,0.6,-289_10
1,0.1293849668910181,0.0,210.6138131532974,6342.29117725397,0.7072666666666667,26.72854154353655,1.002292857128564,1.0697638212047105,-73.52486021697254,2.391764443968226,2020,0.6,-295_9
0,73.6062550065434,0.0,20981.24821361505,328.7156577905534,0.8654000000000001,25.979011878342305,0.9942911808556856,1.4234986110545524,-74.30190293773593,1.8033679328699397,2006,-0.9,-298_7
1,66.02132770070166,498.1263331224319,1650.5190313420874,2636.48128046208,0.7737,26.33703470415668,1.0258057123642863,1.4368272530232815,-73.38562134793402,2.310916068397469,2018,-0.8,-294_9
1,2288.194081230083,0.0,3937.92861978638,5220.025779962892,0.67425,26.640350338281053,1.1460100974705996,1.5374491730091584,-73.91113578914393,1.5024323126898995,2022,-0.8,-296_6
1,407.5113685361686,2053.6372952946194,23509.334129273124,7355.794537341697,0.8337166666666667,26.63282035636223,1.1008161322642678,1.4356020350484755,-71.95730004618397,2.5669359243715326,2022,-0.8,-288_10
1,3259.213141767628,498.189315170448,20637.45532433701,4300.981909363616,0.5158166666666667,26.496729184613173,1.1691139677365896,1.4580562433914572,-73.9740178590323,1.9066741905436844,2014,-0.3,-296_7
1,428.9170405611027,1992.194267635564,39057.78515889595,694.3733895460929,0.4564333333333333,26.86299511879696,1.1710332808429702,1.5311823398544646,-72.03814842175473,2.7286326755130466,2022,-0.8,-289_10
1,3.759827131937748,0.0,19722.89745269753,2386.655377779869,0.7652833333333333,27.022294555904352,1.095969407557453,0.717442720929248,-74.69716166274851,1.7225195572991825,2007,0.7,-299_6
1,215.2491604915413,0.0,38734.65542325996,2717.5577113443974,0.6784,26.119059691255814,0.9745204825917468,1.1333435165682726,-74.51749860592462,1.3676850200719717,2018,-0.8,-299_5
0,1341.5843924438814,1795.949235432338,1445.157271188955,1842.6504079108636,0.6208333333333333,25.04283286167629,1.0314437846037696,1.393200086754069,-73.76291376726421,2.4232054789124096,2004,0.4,-296_9
0,6251.6096436361,0.0,2158.8089442820083,2749.670226829288,0.8577166666666667,25.99720976786074,0.9441933403353276,1.4972682143837897,-73.84825371925557,1.5877722646812542,2018,-0.8,-296_6
1,1378.434798772546,0.0,5408.507809160872,2693.9856962220624,0.8493666666666666,25.93590193953446,0.9651106371010948,1.5115205785088748,-73.32723085446625,2.243542422088505,2008,-1.6,-294_8
1,730.2565331792407,0.0,34301.23992177931,452.55271820054224,0.6639833333333334,26.17527716417408,0.9774343051775456,1.210317536680467,-74.41419234825086,1.3946344785955571,2018,-0.8,-298_5
1,554.875685207616,498.0575550325484,34657.44645188,1182.1881200155392,0.5991500000000001,26.347520062719585,0.9775833635240766,1.509981047795517,-72.12797995016669,2.6837169113070707,2018,-0.8,-289_10
1,65.31126435352543,0.0,2343.440961353912,1248.929242703153,0.6071000000000001,27.12297938278988,1.3010098038367874,1.5260639932327436,-73.28680666668086,2.319899221238664,2022,-0.8,-294_9
1,3931.3815739235833,996.4912192287496,22883.451992616072,2284.603945931796,0.5468000000000001,26.726795432694644,1.17745179913529,1.4453339042566622,-74.21656298574457,1.453024972063326,2004,0.4,-297_5
1,281.9710355024669,0.0,10089.91076789921,1114.7368349852563,0.8062166666666667,26.88581910272535,1.220603491637322,0.8355180882300711,-74.55792279370999,2.005488871796832,2007,0.7,-299_8
1,6319.895731655441,996.4863584113934,24202.853830264063,1438.5751239254482,0.6307166666666667,26.726795432694644,1.17745179913529,1.4453339042566622,-74.20757983290338,1.475482854166314,2004,0.4,-297_5
0,280.77670294006657,498.1316655764819,6000.097628251246,825.4681265852904,0.8069833333333334,25.55530873009081,0.7491549074487072,1.4018523337159747,-73.45748657066358,2.279475033453286,2006,-0.9,-294_9
1,977.2183778320266,0.0,18536.58995851722,1056.7554972848843,0.63385,26.811935949744,1.0609693348913485,0.7265283038677253,-74.39173446614788,1.6776037930932064,2016,2.6,-298_6
1,3172.516321050556,0.0,17186.482464396126,1664.8607892542325,0.8212,25.172427522080227,0.6998365424503871,1.5606326702714532,-73.74494746158182,1.947098378329063,2017,-0.2,-295_7
1,4086.0540766811,498.2602858948323,23175.6341976998,4760.009141585912,0.6118166666666667,27.14047181480549,1.2395772980642048,1.202124043653468,-74.3602934312037,1.3092945266042026,2022,-0.8,-298_5
0,5.309820080217827,0.0,51459.20128194359,73.889305020637,0.7364166666666667,26.45746838450947,0.7498952973471753,0.439965752036559,-74.8947910252548,1.053274670630139,2016,2.6,-300_4
0,748.6111906679472,0.0,13393.373772011268,786.3753377108474,0.6367833333333334,26.74361364699132,1.2485606380410352,0.8156262349023006,-74.84538368462823,1.978539413273246,2004,0.4,-300_7
0,1089.349677707413,1114.239230372006,29050.668262248797,948.3032921646844,0.7867166666666667,26.04692353727268,0.7536616874074055,0.729199536761206,-75.2810665974262,0.7478474740295017,2004,0.4,-302_2
0,1317.8469568536868,0.0,24937.596777752875,1520.911983474525,0.7016833333333333,26.348913745665243,1.181493326374654,0.8277553354098958,-74.78250161473987,2.086337247367589,2018,-0.8,-300_8
0,408.97783013966654,498.2422070389059,13213.952899623291,1654.6073660862835,0.8094833333333333,26.509226969519887,1.1313400356699794,1.526850415373883,-73.99647574113528,1.4844660070075093,2004,0.4,-296_5
0,1647.5378771715095,0.0,6632.67407087146,2851.4377986858744,0.8583333333333334,26.0016098932187,1.0869360052517525,1.1770615837996523,-73.99647574113528,2.4995622780625686,2018,-0.8,-296_9
0,1263.2772824911506,0.0,35138.76299808545,1187.6815731450706,0.7647833333333334,25.977755704197136,0.9104212301591318,1.2903942178216974,-74.40970077183027,1.5024323126898995,2006,-0.9,-298_6
1,3447.2593705242543,0.0,2786.951487419768,1116.839339754117,0.7243666666666667,26.58391682028588,1.234275877982977,1.5408286227689534,-73.45299499424297,2.0189636010586245,2022,-0.8,-294_8
1,3735.235024098449,1408.9874023567422,8566.822567758403,371.33690396393246,0.5988333333333333,26.068389754776376,0.903956202440608,1.5114818224164863,-73.83927056641437,2.153710893676553,2006,-0.9,-296_8
0,102.28994473264268,0.0,9719.1779619736,1276.2161236853829,0.8032833333333333,26.392118917046275,0.9558716912830354,1.3297155169189196,-72.10552206806369,2.4546465138565927,2018,-0.8,-289_9
0,4562.998057674202,0.0,52652.20081457357,9012.40464002464,0.7521166666666668,25.894965099201897,0.7195445909786136,0.892851761100725,-74.67021220422492,0.7074232862441232,2018,-0.8,-299_2
1,5018.263967476658,1114.1800516523351,1454.1249470073926,4345.161777916044,0.6815833333333333,26.34540812735537,1.014236874144905,1.2086231455552854,-74.22105456216516,1.1296314697802985,2004,0.4,-297_4
0,225.1115849094774,498.1066966524341,3267.690396891825,7841.905178997504,0.8550000000000001,27.64757838656948,1.4118608811050857,1.5314910349843938,-73.6057085925433,2.4232054789124096,2007,0.7,-295_9
1,3185.909229774966,498.18355992043735,12820.551183880883,1154.9192438743064,0.8330166666666666,26.29029821302123,1.058806183857331,1.6704544015969702,-73.90215263630274,1.947098378329063,2018,-0.8,-296_7
0,1275.443219012937,498.10751224007856,10697.487468818505,2161.4871388485,0.7678166666666667,27.114593408587496,1.4182886346659065,1.2700706076411263,-74.144697763015,2.418713902491812,2022,-0.8,-297_9
1,6446.122111549245,4016.687816550472,13584.939588168572,2487.6065522048607,0.52835,26.206063907601163,1.082461632897054,1.6905173198078585,-73.76740534368481,1.762943745084561,2004,0.4,-296_7
0,9143.782727909094,3522.792083348093,22100.625795413107,3648.2520119516807,0.7408666666666668,26.71868388678439,0.999462828234896,1.0666367923928712,-73.73596430874062,1.843792120655318,2016,2.6,-295_7
0,6113.157499657709,3487.234532907129,3836.216978831876,8497.316825413242,0.8029666666666667,25.735434326732445,0.9015987596817868,1.378975983166188,-73.00832892860382,1.9965057189556368,2018,-0.8,-293_7
1,2565.2759936502166,2054.32328425932,22841.69725992292,1542.3032090718857,0.57655,25.795806872948503,0.7564909857338025,1.505434898445074,-74.22554613858577,1.444041819222131,2009,-0.8,-297_5
0,203.34415817394543,0.0,18013.36261528232,943.2199746487792,0.6312,26.021189508130533,0.7637766501513493,0.6618896681415252,-74.63427959286015,1.6955700987755968,2013,-0.3,-299_6
0,2135.6186559614366,0.0,3004.3274540345387,370.3943594823296,0.6800333333333334,27.5457013351882,1.3382760233129567,1.4158526445524078,-72.62654493285302,2.55346119510974,2007,0.7,-291_10
0,1249.7357272022716,0.0,23953.485878888296,264.27497877342705,0.5672333333333334,26.68337597375768,1.217441833250858,0.9856511269094854,-74.31986924341831,2.1357445879941626,2014,-0.3,-298_8
0,163.9239001918646,0.0,21446.372756626806,1045.1305399390496,0.6962666666666667,25.562576249343863,1.333776810910362,0.3501771862015458,-74.76902688547807,2.4007475968094214,2016,2.6,-300_9
1,22.533145795737084,498.10751224007856,2834.697532777252,6783.179746051174,0.84875,27.025796504310108,0.9102055521400142,0.8242410264637329,-73.58325071044031,2.418713902491812,2024,1.9,-295_9
1,2452.2460013704413,3341.491573758641,3296.051508531994,3338.4686279164625,0.6649166666666667,27.13637360696356,1.415196940462823,1.3478346908007266,-73.88418633062035,2.34684867976225,2007,0.7,-296_9
0,709.55530476693,0.0,19559.24201739823,1154.9365117747006,0.7267833333333333,26.224341799183776,0.9594370786671096,1.3774682246904175,-74.30639451415652,2.1761687757795407,2009,-0.8,-298_8
1,262.42333205555,0.0,5657.859726197494,80.10567003009551,0.7445833333333334,27.505988199797518,1.4429317967936843,1.3138876459121287,-73.9740178590323,2.1716771993589434,2007,0.7,-296_8
1,16.905967263445625,0.0,1885.523296710624,6645.06034390739,0.6945333333333333,27.256884428298747,1.3105114116947885,1.4684195795137185,-73.6102001689639,2.4097307496506164,2014,-0.3,-295_9
1,644.2927188854503,0.0,9004.470679362737,900.9921444320988,0.6129333333333333,26.30420234363345,1.1176343917675098,1.195558311466895,-74.52648175876581,1.9066741905436844,2004,0.4,-299_7
0,323.98370265418333,0.0,22855.335934295428,489.74600538864087,0.6703666666666668,26.160657322254224,0.9491069134870204,1.2659579297880708,-72.43340714676732,2.279475033453286,2018,-0.8,-290_9
0,185.21436355862596,0.0,17155.62434974094,1068.304254866746,0.7941,25.755348630788944,1.01455950307254,1.4119591513039722,-72.96790474081844,2.243542422088505,2004,0.4,-292_8
0,257.71012041732,0.0,24928.95054532816,806.0955859431731,0.6869666666666667,25.693619269465277,0.9317743925797034,1.250936042819031,-74.40520919540967,2.0324383303204177,2006,-0.9,-298_8
1,2748.025770516941,3486.8247173287905,4596.700942322255,4889.486679958472,0.7317666666666668,25.29952420973501,1.053006608053568,1.2780532126309851,-73.87969475419975,2.360323409024043,2018,-0.8,-296_9
1,869.6982551072823,498.03852762612655,46343.76047789811,114.69816988304426,0.53095,27.28376029305372,1.0476302280023368,1.2680699363604009,-72.18637044363444,2.77804001613962,2016,2.6,-289_11
1,219.8387950442088,0.0,28617.048386621915,523.655195684548,0.7399,26.350506378843814,1.0854293617066004,1.371708528127369,-74.25698717352995,1.704553251616792,2018,-0.8,-298_6
1,234.4873121287438,0.0,35132.6002873719,1867.0035828199036,0.6174833333333334,26.011631107086203,0.8838221833072889,0.8943919286686075,-74.43215865393326,1.3901429021749596,2014,-0.3,-298_5
1,137.75428718250296,498.1912126633708,10732.14010801082,1800.840922395816,0.81,26.72153783872443,1.2386370296892275,0.9970151889797964,-74.42766707751265,1.893199461281892,2007,0.7,-298_7
1,186.37582671611625,0.0,21225.639242578294,3989.406425002921,0.7407166666666667,26.06075752241702,0.671622153149694,0.738690226543238,-75.17326876333186,0.6265749106733662,2018,-0.8,-301_2
1,2721.640294950326,0.0,34240.72293144794,264.9897588937108,0.7573500000000001,25.71335525229477,0.7999688712145864,1.3568616521341743,-74.3602934312037,1.4350586663809357,2009,-0.8,-298_5
0,22.854428267319385,498.0827616972906,15367.894017394085,283.1989050226396,0.7424000000000001,27.01017179494022,1.1788955311839169,1.4369988396322488,-72.48730606381449,2.55346119510974,2014,-0.3,-290_10
0,3417.277936613979,5079.603724701366,6128.343200600229,7497.923405102655,0.7929666666666667,24.676969584989024,1.029439087874141,1.2874362238719284,-73.86622002493796,2.481595972380178,2018,-0.8,-296_9
0,2813.503827859484,2904.7513232633187,3503.4226697766567,968.277163520811,0.6556000000000001,26.601789648473076,1.0995817552311973,1.4625856099389274,-73.87071160135855,2.0998119766293817,2018,-0.8,-296_8
1,4262.582745759226,4700.081392247373,31977.784208521764,6540.090190128841,0.5798166666666668,26.490932734235685,0.9062873697171,0.8029317347831445,-74.05486623460305,1.7719268979257563,2024,1.9,-297_7
0,110.04365878807934,0.0,52657.62597817458,362.1175943030919,0.76585,26.21621028706778,0.8599456526318927,0.7124907190945192,-75.02953831787273,0.9005610723298203,2022,-0.8,-301_3
1,2769.0466093440123,1409.2941052172184,8419.103244555392,156.12018128756566,0.6243166666666667,26.973547319137825,1.1889134554418634,1.3094814432758668,-74.167155645118,1.304802950183605,2022,-0.8,-297_5
1,2252.6194088244665,704.5487696036379,31644.39388596336,215.7058341749641,0.4507,26.39807189438818,1.244041898370594,1.4875214034384605,-74.21656298574457,1.893199461281892,2004,0.4,-297_7
1,905.3124685137008,0.0,7960.179963762845,6150.074107622826,0.6943833333333334,26.256489111738745,1.076417570976173,1.1921597624529958,-74.08630726954723,2.3423571033416524,2018,-0.8,-297_9
0,6776.851501134377,1409.088579543529,16381.325824007366,5290.334264258009,0.8560666666666666,26.979252363704006,1.2936031154140524,1.5497561640897366,-73.80782953147019,1.91565734338488,2007,0.7,-296_7
1,6446.122111549245,4016.687816550472,13584.939588168572,2487.6065522048607,0.6023333333333334,25.87925929285336,0.9793049576202072,1.7382726388265273,-73.76740534368481,1.762943745084561,2008,-1.6,-296_7
1,15.230218840238644,0.0,41525.12320671279,2027.1302686387728,0.7647666666666667,26.019338754605144,0.9184497599651844,0.8940756906139002,-74.99809728292855,1.0712409763125297,2004,0.4,-300_4
1,199.38375240150648,0.0,38378.27445050142,1479.6927484818143,0.6672666666666667,25.66416318969613,0.5433484600352995,0.6017611461460207,-74.55343121728939,0.7658137797118921,2013,-0.3,-299_3
0,973.195569901123,0.0,33636.63109370181,197.51432466955188,0.81645,26.029016427754527,0.9080280823806056,1.4527974150159109,-74.26147874995054,1.61472172320484,2011,-1.3,-298_6
0,5190.865133474555,1575.5563005649783,30791.37109644593,756.7624999121033,0.6723833333333333,26.075071329125592,0.8437555994276337,0.9854392896938404,-74.19410510364158,1.5518396533164736,2003,0.9,-297_6
1,434.5121599933908,1494.1457007266729,39100.86691928695,1187.0936497860214,0.5565166666666668,25.34771275644846,0.639713723181273,1.3025109858612305,-72.03365684533414,2.7286326755130466,2006,-0.9,-289_10
0,196.95697391644555,0.0,37855.8054072393,715.2622548876898,0.75665,26.667716769176025,0.971518417317653,0.6506106788782738,-74.86784156673123,1.3137861030248,2007,0.7,-300_5
1,157.93567480236158,0.0,20736.541754406884,532.985282786051,0.67115,27.040655074727567,1.2006307571920751,1.2652587641464796,-72.4648481817115,2.2525255749297,2007,0.7,-290_9
1,3671.121514120992,498.184202880822,13651.252308232048,58.556741094051496,0.7104166666666667,26.29029821302123,1.058806183857331,1.6704544015969702,-73.91113578914393,1.9426068019084648,2018,-0.8,-296_7
0,428.9823541555651,498.05576683239,35571.44300096786,1326.9781528832077,0.7316,27.29471149058816,1.28615532273843,1.4237385210760074,-72.00221581038996,2.6927000641482657,2007,0.7,-289_10
1,1229.5550797332426,2054.207621718165,14506.765732495238,347.5568551667501,0.39125,26.491209536231736,1.1475119063180237,1.6988567013289797,-73.92011894198512,1.6865869459344016,2004,0.4,-296_6
1,1341.5843924438814,1795.949235432338,1445.157271188955,1842.6504079108636,0.7172166666666667,26.061714047501766,1.3355986423694866,1.4428937966522524,-73.76291376726421,2.4232054789124096,2007,0.7,-296_9
0,204.8773051658655,0.0,39347.162705877054,508.1106995215946,0.7015666666666668,25.636729581162,0.7242350640501006,1.1610337042267629,-74.58936382865417,1.4350586663809357,2017,-0.2,-299_5
0,270.25905028309467,0.0,19119.777847607114,1436.342999995618,0.8701166666666666,24.49907475147745,0.8099785730450727,1.221625802635729,-74.07283254028545,2.023455177479222,2001,-0.7,-297_8
1,138.12156078283485,0.0,12718.945884548675,410.71186564503176,0.6840333333333334,26.31757422529597,1.0277325856200832,0.733080386544767,-75.18674349259365,1.2509040331364338,2004,0.4,-301_5
1,810.1368887565865,498.17901212817065,8854.916805400491,1716.3946852614908,0.7415,27.108888785435,1.3288945703285897,1.5185590883781932,-73.83477898999378,1.978539413273246,2007,0.7,-296_7
1,217.6943797904084,0.0,29806.03608914132,2857.288980495732,0.7037333333333333,26.94265352943529,1.2495442874191505,1.157113195682437,-74.47258284171863,1.3003113737630074,2022,-0.8,-298_5
0,1242.015961861082,0.0,13863.31349608603,1850.809867467465,0.6896,22.860963756536307,0.9173647529096052,0.6151770524941904,-74.69267008632792,2.463629666697788,2004,0.4,-299_9
1,270.4280730390456,0.0,37814.03029040295,1556.4310207837088,0.7378666666666668,26.352087256387165,0.8135620187243212,0.7162040166580802,-74.51300702950401,0.7253895919265136,2007,0.7,-299_2
0,307.6287801679795,0.0,8480.681993959653,856.7066836111476,0.7783166666666668,26.197039195489708,1.0103156941445468,0.8061604571463307,-74.46809126529804,2.3872728675476287,2020,0.6,-298_9
1,1749.925155352838,498.3235959193584,4070.1707999972623,6426.59303978611,0.7757666666666667,25.689347699698143,0.5135242125067369,0.5842689350424766,-74.66122905138373,0.0067373646308964,2014,-0.3,-299_0
0,125.23644018573953,0.0,32660.43508366703,366.04054512188026,0.6327166666666667,26.74472589331657,1.1153674656103083,0.9958092084977016,-74.58487225223358,1.2059882689304575,2022,-0.8,-299_4
0,347.87634304893214,0.0,4733.017491369644,82.79797755739658,0.7158833333333333,21.33434044919636,0.6989792558664213,0.4690858040184633,-74.78250161473987,2.5938853828951185,2004,0.4,-300_10
0,241.13229850382743,0.0,1907.5894225370664,363.8056106419398,0.7625166666666667,25.1410992573056,0.9864426287766226,1.456356758930215,-73.94257682408812,2.378289714706433,2011,-1.3,-296_9
1,397.7549099568384,0.0,27670.87674847714,682.5717998303071,0.4839333333333333,27.245717125944964,1.0285660971397428,1.0265421853376715,-72.40645768824373,2.64778429994229,2010,1.5,-290_10
1,644.2927188854503,0.0,9004.470679362737,900.9921444320988,0.6740166666666667,24.77464151275018,0.7858595586404444,0.9954823458908266,-74.52648175876581,1.9066741905436844,2001,-0.7,-299_7
1,6436.091022401598,2490.996286629107,34862.02784035651,5228.028837672887,0.5174666666666667,26.011314205574703,1.0670608393088437,1.7107927176113584,-74.08630726954723,1.8348089678141228,2008,-1.6,-297_7
1,264.2393444365243,996.2648681450128,2137.367327257517,1382.7236872897367,0.8290166666666666,27.13637360696356,1.415196940462823,1.3478346908007266,-73.87520317777916,2.2749834570326883,2007,0.7,-296_9
1,226.92696431986897,0.0,23936.0271257318,4119.601201740423,0.84835,25.55385466828085,0.6504282657109521,1.0708759826463232,-74.27495347921234,0.6849654041411352,2006,-0.9,-298_2
0,235.45697992279,498.2283612963036,8044.1486077773725,3208.594394587206,0.69135,26.206852451105703,0.7697573500175084,0.958724774770313,-73.91562736556453,1.6057385703636446,2010,1.5,-296_6
1,1774.3341410270768,0.0,22229.29148526923,180.9829008972912,0.5493166666666667,26.489657790368256,1.1046186896280752,1.3339622642029216,-74.27495347921234,1.3676850200719717,2004,0.4,-298_5
0,28.54443700325278,1494.3176902436107,4152.354160766467,7806.258887459512,0.8057500000000001,26.44619211534712,1.0646652734765174,1.6254358163795546,-73.56977598117851,2.427697055333007,2008,-1.6,-295_9
0,32.83243994846277,498.1122959484137,2693.948000885057,724.582856351596,0.7913333333333333,26.94823398717051,1.2141049432123745,1.3733440063052953,-73.0218036578656,2.391764443968226,2014,-0.3,-293_9
1,273.17895261421205,0.0,23588.43096767868,2152.2784897260062,0.6631,26.59776706712057,1.102208956977942,1.3017516242342886,-74.32436081983892,1.3362439851277883,2004,0.4,-298_5
0,204.3326323807419,0.0,23058.800001169955,493.7609215493293,0.7085166666666667,26.373034508144087,0.8737214416419992,0.8715602146224523,-74.84987526104884,1.4485333956427284,2018,-0.8,-300_5
1,717.1972667147529,498.1763618438756,27736.348088140912,286.7534060397886,0.7595666666666667,25.879508322614697,1.0136074088176827,1.399388295749909,-74.19410510364158,1.9965057189556368,2006,-0.9,-297_7
0,1270.2062467815772,0.0,21375.13829237813,3671.090915962145,0.681,26.19294733107125,0.9083604134335316,1.0312775367828997,-74.23452929142697,0.6625075220381471,2004,0.4,-297_2
0,1852.1262684449148,1114.2552866152353,47916.816623925966,4904.32809489077,0.8370666666666666,25.88353886792305,0.7121802827725293,0.917856999303674,-74.63877116928074,0.6041170285703782,2018,-0.8,-299_2
0,152.39584947092115,498.3118532856709,16262.231859998448,2653.8041604543373,0.79625,26.307255793423508,0.8095874955923671,0.8070674755781683,-74.1581724922768,0.5636928407849998,2007,0.7,-297_2
0,102.2042423392788,0.0,47150.98814081695,426.95707708980495,0.7092666666666667,26.536117721837,0.9317563117375302,0.7611920655374987,-74.7330942741133,1.179038810406872,2007,0.7,-299_4
0,430.3091631534816,0.0,31226.35377917017,5650.754620516584,0.8121166666666667,25.92173093721556,0.7085654883618088,0.9961966146120048,-74.26597032637115,0.4514034302700596,2018,-0.8,-298_1
1,84.97810395256319,3341.1308901328607,29505.882253527998,1681.799573408267,0.6581333333333333,26.03302083271808,0.8824943563281087,1.267141882385287,-72.11450522090489,2.6388011471010944,2021,-0.9,-289_10
1,764.9364461962067,0.0,21860.13936000396,4250.313485448386,0.4739833333333333,26.15120812375551,1.0505570749350115,1.6635039805049552,-73.99647574113528,1.911165766964282,2018,-0.8,-296_7
0,120.87225829345624,498.1949449010899,27542.29650300139,618.4680068972671,0.7181500000000001,25.78541886192437,0.8429259274749735,1.2723869475608596,-74.24800402068875,1.866250002758306,2005,0.6,-297_7
0,1343.5456283700507,498.1293914486476,22369.6988115178,400.7001549693287,0.7353333333333333,24.862461925248795,0.9105043501779444,0.9092043416249772,-74.58936382865417,2.2929497627150788,2018,-0.8,-299_9
1,241.13229850382743,0.0,1907.5894225370664,363.8056106419398,0.8142166666666667,26.230578511077454,1.363196816350517,1.3139589066062611,-73.94257682408812,2.378289714706433,2007,0.7,-296_9
0,210.2233688265792,498.1730372069528,27065.53215492781,1132.2106149020892,0.8247,24.562191447196028,0.8316875206620433,1.0479248089341395,-74.3468187019419,2.0189636010586245,2001,-0.7,-298_8
0,971.7493143440004,0.0,5259.061500781406,1057.478451699683,0.6686333333333333,26.66161175345502,1.2091600209117652,0.9911194346377542,-74.44563338319504,1.798876356449342,2007,0.7,-298_7
1,1210.6155882097194,0.0,17829.177095589006,415.3916356874108,0.6053666666666667,27.20347890975961,1.3940572224004824,1.2991413469696491,-74.43665023035385,1.659637487410816,2022,-0.8,-298_6
1,251.53267493560637,0.0,14798.994613306377,838.4254223679592,0.7702833333333333,26.686784552014103,1.1326564764221896,1.3433520664756184,-72.81968271893871,2.117778282311772,2007,0.7,-292_8
0,32.66773957065288,0.0,42947.22364936489,610.0220444565539,0.7297166666666667,25.603193730033524,0.6325386481582731,0.6794273321831147,-75.05648777639632,1.008358906424163,2021,-0.9,-301_4
1,95.2246811396854,0.0,2164.2571882996967,20.26668770375317,0.658,26.553716174587635,1.135761534115244,1.409323889189441,-73.91562736556453,2.2480339985091025,2004,0.4,-296_8
0,1286.4552398615965,498.166262406438,12339.600159388534,731.5879458850718,0.80095,26.22956343537044,0.9869731347745536,1.119952266196705,-73.74045588516123,2.063879365264601,2003,0.9,-295_8
0,210.85482864483063,0.0,20978.247317419016,780.599391101646,0.7200666666666667,25.64635099283072,0.7980223555250197,1.0823625615971992,-74.3558018547831,1.9515899547496605,2005,0.6,-298_7
1,1354.8439618650614,0.0,14975.95580950451,402.2798137589247,0.7400333333333333,26.541015331426536,1.1477322273485142,1.35667915645242,-73.50240233486956,2.194135081461931,2014,-0.3,-295_8
1,101.52703628269494,2054.1256389580944,36518.94193425659,2254.612374358904,0.7423833333333333,25.787113532883325,0.8120409073262174,1.317739726394578,-74.1626640686974,1.8393005442347203,2005,0.6,-297_7
0,224.64139625589863,498.2576517224798,13698.143695487115,282.6834904244532,0.6771333333333334,26.601072878967045,1.0293427086286202,1.0385800094829138,-74.20308825648277,1.3362439851277883,2007,0.7,-297_5
1,1588.8425966172165,2818.247416391968,36435.95759537019,1694.4210317726042,0.5531,25.996392137407327,0.9502275232805144,0.9730997337326855,-74.1626640686974,1.825825814972928,2003,0.9,-297_7
1,167.19006988047036,0.0,30834.470159016662,237.19964970474888,0.66525,24.693660984503765,1.2185564454163555,0.5214897623589672,-74.78699319116046,2.315407644818067,2004,0.4,-300_9
0,820.2484378522125,0.0,13318.00878504962,1124.3351478214468,0.8480500000000001,26.86197182649965,1.2854638436743508,1.4753560199823816,-73.64164120390808,2.126761435152967,2007,0.7,-295_8
0,315.2433904307687,0.0,6773.298720822012,6.661750526683265,0.7988333333333334,27.13952971520456,1.292860873710084,1.388719313642354,-73.06222784565098,2.3423571033416524,2007,0.7,-293_9
0,551.8590263611479,498.11624835473896,17575.014159643742,2458.064841181982,0.8066166666666668,24.07720078865321,1.201993224113438,0.3905657439175065,-74.8947910252548,2.3693065618652382,2007,0.7,-300_9
0,288.26837612633244,0.0,15333.794638461732,2117.638830409514,0.7764500000000001,27.14610351092745,1.3292682506892348,1.495591318018496,-73.5877422868609,2.1582024700971503,2007,0.7,-295_8
0,1911.7914434501008,0.0,1235.787210767302,4065.2973613605454,0.7465333333333334,26.20444565748141,1.0555149373424912,1.4186287309838177,-73.15655095048353,2.2076098107237243,2004,0.4,-293_8
1,350.1893443657961,0.0,7837.642351404194,1302.8947990434676,0.7027333333333333,26.640350338281053,1.1460100974705996,1.5374491730091584,-73.94706840050871,1.5024323126898995,2022,-0.8,-296_6
0,1405.2661449341786,0.0,28065.76107456393,491.2299027780829,0.5669500000000001,25.91477833526659,1.0322700751616884,1.5316641571862817,-74.18063037437979,1.983030989693844,2011,-1.3,-297_7
0,227.1958925667964,0.0,29178.660299619405,286.561023045803,0.7270166666666668,26.373993322682,0.7735465704635817,0.5942766108362668,-75.20021822185545,0.7253895919265136,2022,-0.8,-301_2
0,270.84709508014646,0.0,15008.25672386853,3953.244028741793,0.74085,26.11945113593549,0.8288117745277468,1.0113220616101233,-74.09079884596784,0.3975045132228882,2004,0.4,-297_1
0,9455.008589999596,3891.055811489344,21604.86436371789,3799.888381085793,0.7598,26.07340279228981,1.048175707734945,1.6025420803728607,-73.73596430874062,1.8393005442347203,2004,0.4,-295_7
1,5022.054267903255,0.0,20179.958699435203,7887.308729267705,0.5218833333333334,27.085821254669725,1.1789157010390858,1.1630597901795932,-74.42317550109206,1.2284461510334457,2022,-0.8,-298_4
0,1814.148845186229,0.0,40627.10409262496,1741.8164039634376,0.5295833333333333,26.763009805430272,0.9502289580815626,0.698762798115596,-74.82292580252525,1.2913282209218122,2007,0.7,-300_5
0,113.76525790095994,0.0,22456.674587406946,919.3184875325912,0.8312333333333334,25.973893353735207,0.9770993080317228,0.8319624551171708,-74.29291978489474,1.8572668499171108,2003,0.9,-298_7
0,2220.6153046454046,498.2576517224798,15317.095729829494,951.4222266792632,0.6483,24.69763464681074,0.6654172018459753,1.0800080192586778,-74.22105456216516,1.3362439851277883,2001,-0.7,-297_5
1,2721.640294950326,0.0,34240.72293144794,264.9897588937108,0.6824166666666668,25.727878248661057,0.8223925413728544,1.270431740070006,-74.3602934312037,1.4350586663809357,2011,-1.3,-298_5
0,107.67437550126404,0.0,31981.64261035964,1167.3800370290228,0.78695,26.882991929842888,1.1925516131536986,1.5602222467068898,-72.33908404193477,2.575919077212728,2022,-0.8,-290_10
1,286.37696414533,0.0,36368.03233921533,351.9296996951672,0.7449833333333333,26.78462890780287,1.1165938452771738,0.9061865306553704,-74.5219901823452,1.475482854166314,2007,0.7,-299_5
0,8933.753909694484,8484.54142101976,3664.892878878992,9857.33474411451,0.8163666666666667,25.555352081986427,0.8043419612124573,1.6140389702715745,-73.70901485021705,1.5967554175224494,2011,-1.3,-295_6
1,272.673750965865,498.1316655764819,7885.903392885644,2284.6096888406887,0.8733666666666666,26.598855116913057,1.0680835495900218,1.5283069342542426,-73.55630125191672,2.279475033453286,2018,-0.8,-295_9
0,1228.0527238018087,498.3233450782735,7294.32976505539,624.215238641363,0.7866666666666667,25.658513288795803,0.5050799201440364,0.5895686342031099,-74.66122905138373,-0.0830941637810557,2014,-0.3,-299_-1
1,1869.3111041190648,1796.0662919280012,753.3760341070682,1278.0937326595565,0.5142666666666668,26.49266641395468,1.118935927412083,1.4804294659643074,-73.798846378629,2.2345592692473097,2004,0.4,-296_8
1,113.76525790095994,0.0,22456.674587406946,919.3184875325912,0.7654000000000001,26.83226323765001,1.3100749373151024,1.1060980848872717,-74.29291978489474,1.8572668499171108,2007,0.7,-298_7
0,214.36338139229196,0.0,39017.04437215498,629.446060541462,0.6153666666666667,26.362057509229487,0.6943457970230679,0.5582254487122279,-74.7286026976927,1.3317524087071906,2010,1.5,-299_5
0,1421.8931488754718,0.0,32159.174010506737,2748.5089917892733,0.6974666666666667,26.373034508144087,0.8737214416419992,0.8715602146224523,-74.78699319116046,1.376668172913167,2018,-0.8,-300_5
1,4430.889608236925,0.0,7468.445721674128,6509.267433711999,0.6903166666666667,26.869382496339146,1.4247004775302488,1.2905307860867847,-74.00995047039709,2.468121243118385,2022,-0.8,-297_9
0,807.0581952644662,498.3095015901262,43739.31697544376,3716.23979316483,0.6975833333333333,26.421806352139413,0.6571519239011687,0.434214242684158,-74.47707441813924,0.617591757832171,2016,2.6,-298_2
0,686.55962309612,0.0,16475.911336318124,1789.2942260514726,0.73705,26.87290221796451,1.0357034989483718,1.0381865483506525,-73.54282652265493,2.189643505041334,2016,2.6,-295_8
0,1178.6773097496152,498.30990921814913,43329.2452344553,2650.197918418666,0.7953666666666668,25.94658464915733,0.6134072274337007,0.5146922696629147,-74.78699319116046,0.6086086049909758,2020,0.6,-300_2
1,370.6103624447815,0.0,27104.31629920091,2072.2848195661327,0.75275,26.219918927496902,0.9038057836477876,0.9357017788377994,-74.7241111212721,1.4575165484839236,2018,-0.8,-299_5
0,234.75325226305915,0.0,26160.14840858485,780.574103441832,0.6623333333333333,26.24050573186884,1.0317349815728032,1.0296795003342736,-74.19859668006218,2.0189636010586245,2013,-0.3,-297_8
0,6539.622034954626,1114.1457980780613,2268.7962724219938,1095.6067362972587,0.6468666666666667,25.79885166400652,0.8830132025137231,1.2973631420939162,-74.10427357522963,1.3003113737630074,2008,-1.6,-297_5
0,24.973591127823752,498.0759229274188,23899.887770241865,664.8484393014878,0.8733333333333334,26.28952125749225,1.032763856590444,1.3749564603307225,-72.02916526891353,2.5893938064745208,2004,0.4,-289_10
0,217.10096040753075,0.0,17139.907190897222,815.4074308793593,0.7238666666666668,26.07567175215837,1.0906733516450728,1.5827744311542482,-73.70901485021705,2.000997295376234,2004,0.4,-295_8
1,1434.8089850094111,1409.0740754126448,15537.143006669956,943.3821211325402,0.6035333333333334,26.586952427650715,1.1980007143895988,1.3560567007212354,-73.95605155334991,1.9515899547496605,2014,-0.3,-296_7
1,6691.615745147848,498.24021565907344,30274.08351037601,2768.0661436424984,0.6629166666666667,27.253547395392676,1.3140266530119014,1.3925855350774674,-74.26147874995054,1.5024323126898995,2022,-0.8,-298_6
1,94.2379736239076,0.0,2757.853839671628,1055.0382646482708,0.5785666666666667,26.446198133950247,1.1485736232677557,1.3492131491320032,-73.99647574113528,2.2480339985091025,2004,0.4,-296_8
1,1222.5380978630285,498.0593275404046,37726.79832884193,643.1311323995906,0.5341833333333333,26.128950913893675,0.8558935811477298,1.3858766286988533,-72.23128620784043,2.6747337584658752,2002,-0.1,-289_10
1,311.1169719501141,0.0,37855.25319081971,900.0255046326364,0.7153833333333334,26.01835883941891,0.8161194762205951,1.0953183892965106,-74.58936382865417,1.4575165484839236,2011,-1.3,-299_5
1,291.95411776211046,0.0,10167.063165319938,459.3792271971304,0.6760333333333334,26.28624157776511,1.122543509922468,1.1748539424758626,-74.5219901823452,1.7135364044579873,2004,0.4,-299_6
1,468.3632630129512,0.0,13444.075042458882,1850.670234336643,0.7178833333333333,26.829736794707628,1.2947102341536398,1.0365948412659285,-74.48605757098042,2.3423571033416524,2007,0.7,-298_9
0,64.74712774571807,0.0,34671.543682176125,716.9972431497071,0.7384333333333334,26.20011494497101,0.9900419078647514,1.0927733676708706,-74.62978801643955,1.1251398933597008,2004,0.4,-299_4
0,53.91858459471574,2227.304214179105,44280.15802785899,172.03364984034638,0.5624333333333333,25.711083821716443,0.7465811521481983,1.6110963430354166,-71.97975792828696,2.769056863298425,2012,-0.7,-288_11
0,177.56880304176076,0.0,7448.998046586539,557.5578358328669,0.6931166666666667,26.05960126091628,0.9505691337666606,1.3638775856022896,-72.77027537831214,2.2031182343031266,2018,-0.8,-292_8
0,1222.5380978630285,498.0593275404046,37726.79832884193,643.1311323995906,0.5482166666666667,26.12482106915189,0.9595703890944236,1.6211043683062445,-72.23128620784043,2.6747337584658752,2008,-1.6,-289_10
0,217.53709655224048,0.0,19000.83147232595,2173.257439927504,0.7154833333333334,26.350257529177213,0.9440053498618972,1.2103254590959214,-72.52323867517927,2.2031182343031266,2014,-0.3,-291_8
0,82.54943224026132,0.0,4305.05055844206,719.0013138914202,0.7288,25.362629634468533,0.569090551295358,0.8436383466914378,-73.32723085446625,2.2929497627150788,2015,0.7,-294_9
1,157.53089830901482,498.3114770151296,48907.688073965735,4646.9311920645005,0.80455,25.90478350883012,0.711942933767639,0.9532584889100956,-74.49504072382162,0.572675993626195,2018,-0.8,-298_2
0,216.3753394998273,0.0,33984.91695849137,1920.7648931499052,0.8461666666666666,26.16562726793211,1.02230191903626,1.1276894274392388,-74.56241437013058,1.2643787623982266,2004,0.4,-299_5
1,177.8599897204866,0.0,44747.81767442995,5310.10733713556,0.7227666666666668,25.69137595450644,0.5996460441441047,0.6562070374699248,-74.46809126529804,0.5996254521497806,2014,-0.3,-298_2
0,213.95172716626055,498.2554095290888,41861.35736246214,3536.743289065504,0.8260166666666666,25.93286014338122,0.8285533978363198,1.0927459071637835,-74.57139752297178,1.3587018672307762,2006,-0.9,-299_5
1,233.691313083916,0.0,14260.683035552363,656.4574728035049,0.7744500000000001,26.353180357595704,1.107339794609714,1.3598742233034582,-72.86459848314469,2.131253011573565,2007,0.7,-292_8
1,2983.9689209189014,1113.910271857657,6749.153547732388,2159.6983185646613,0.5285500000000001,26.580443251499844,1.1510299211824515,1.4966485343652665,-73.85723687209676,2.131253011573565,2004,0.4,-296_8
1,116.96018761717002,0.0,26220.754280016587,1330.6306881048215,0.7385,26.396199021923,0.9959593559317318,1.3822738798361218,-72.2851851248876,2.495070701641971,2018,-0.8,-290_9
0,515.244793827226,704.3572202724979,39480.46630187585,8102.413846862881,0.8615666666666666,25.30113016725261,0.5346188662635005,0.7840522344721377,-71.88543482345442,2.6927000641482657,2015,0.7,-288_10
1,4262.582745759226,4700.081392247373,31977.784208521764,6540.090190128841,0.5731166666666667,27.1351931644719,1.395534247485519,1.6927881408678302,-74.05486623460305,1.7719268979257563,2022,-0.8,-297_7
0,1751.518579459984,704.5324247328863,17108.344822759234,3458.4663986129344,0.8499333333333334,25.80133524995796,0.862692219084102,1.2421409738938396,-73.64613278032867,1.9740478368526488,2013,-0.3,-295_7
1,213.03828794271,0.0,25434.400516410187,835.5328173022567,0.6041166666666667,26.322371101261524,0.9246464747869144,0.7647005500209074,-75.16428561049067,1.1296314697802985,2004,0.4,-301_4
0,6480.991695881708,5999.277189535002,26937.068376798743,7731.575184327092,0.8160000000000001,25.97047039955873,0.886611254726485,1.849876801868212,-74.03240835250007,1.7315027101403777,2011,-1.3,-297_6
0,885.7785551668649,0.0,18950.445488593487,590.1040668467776,0.7537833333333334,26.097338425362352,0.9174174648178448,0.8725378229623915,-74.79148476758107,1.8752331555995008,2011,-1.3,-300_7
1,3626.142798836724,2818.2127315020066,26532.87100634209,2535.9743503140144,0.5877166666666668,26.15120812375551,1.0505570749350115,1.6635039805049552,-74.01444204681768,1.8707415791789035,2018,-0.8,-297_7
1,747.7945174895467,0.0,9991.710182632232,169.0372151961304,0.6689333333333334,26.07331348151598,0.9358954085412942,1.7085535898844764,-73.7808800729466,2.12226985873237,2011,-1.3,-296_8
1,216.7864653584012,0.0,42010.19963624016,938.009757543436,0.8103666666666668,26.161478213658427,0.8438158542943198,0.6989816967338452,-75.03852147071393,1.0308167885271509,2007,0.7,-301_4
1,1838.4020476373732,0.0,22080.54222610181,764.5637194892736,0.7481166666666668,26.829242730616784,1.2815973376959284,0.743299753016086,-74.81843422610466,2.077354094526393,2006,-0.9,-300_8
0,537.8696701598294,498.287693004754,43697.07101045977,2026.7086824457087,0.8389833333333334,26.026048613546838,0.7737062989080711,0.9536944858455736,-74.7106363920103,0.9859010243211748,2018,-0.8,-299_3
0,9902.20072045809,1114.0141381508586,20083.37459378697,1105.945899794295,0.6351333333333333,26.910524598183716,1.2760550144835563,1.7268545330070966,-73.83477898999378,1.812351085711135,2022,-0.8,-296_7
1,3246.988404200856,4015.960550182857,4045.7919224167263,4705.470202710654,0.7360333333333333,25.1410992573056,0.9864426287766226,1.456356758930215,-73.87520317777916,2.355831832603445,2011,-1.3,-296_9
0,3666.566033697677,0.0,20579.71154794437,4461.286827023228,0.8634833333333334,26.035659259878173,1.0197372480322435,1.5858859966481669,-73.66859066243167,1.9426068019084648,2018,-0.8,-295_7
0,4441.491636906572,704.5959835253109,140.21437366207147,1168.9042193003802,0.8194333333333335,25.577545408609296,0.8095590523853265,1.6621620755586306,-73.7898632257878,1.637179605307828,2011,-1.3,-296_6
1,100.0967197753357,0.0,61790.33446902065,2799.9938744063884,0.7133,25.503051339231035,0.5900801377821517,0.5917520368424133,-74.903774178096,0.9095442251710156,2014,-0.3,-300_3
1,721.9921681131115,704.5370377063224,22987.86814772348,1686.0553734347352,0.7037333333333333,25.70694576347421,0.833517562688964,0.8750020353859974,-74.04139150534127,1.9515899547496605,2019,0.9,-297_7
0,4209.658692712435,1575.28444852033,5096.726142470185,529.3850450577495,0.6176333333333334,27.332197177497108,1.1394514109654454,1.1202870333549568,-73.81232110789078,2.1761687757795407,2016,2.6,-296_8
1,3742.144986126734,3793.6404226349655,3126.775620442834,3413.7070792757027,0.5183833333333333,27.074071744644414,1.3932754241071856,1.4535219494412075,-73.81681268431139,2.2929497627150788,2007,0.7,-296_9
0,766.6206722843037,0.0,8550.791646767875,493.85257037734425,0.6762166666666667,26.48687616901037,1.0733529764924823,1.550407001130707,-73.65960750959047,2.2929497627150788,2018,-0.8,-295_9
1,1426.5493064277864,0.0,16686.813992789175,1405.7298453784178,0.68835,26.753648745629164,1.2824753430617155,1.628118895005245,-73.73147273232003,1.969556260432051,2022,-0.8,-295_7
0,1774.3341410270768,0.0,22229.29148526923,180.9829008972912,0.5699666666666667,26.929513513501263,0.9813933451109426,0.8514594002063506,-74.27495347921234,1.3676850200719717,2016,2.6,-298_5
0,1667.9309559382864,0.0,33381.82075569631,482.2339923778377,0.6417666666666667,26.47318410033523,1.5751322116847877,0.5849617406345827,-74.80945107326346,2.2121013871443216,2007,0.7,-300_8
1,234.33943247707612,0.0,32382.322106674463,80.2346961746211,0.6528,26.307964718677567,0.9586587798190842,1.2032358454776144,-74.44114180677445,1.349718714389581,2018,-0.8,-298_5
1,2773.708813745636,1113.9949926952097,32628.09464570777,2362.7240453665527,0.4935166666666667,27.18931872724181,1.2599944503105276,0.9627145102974296,-74.20308825648277,1.8752331555995008,2016,2.6,-297_7
0,100.1424609234518,0.0,31991.873773374784,1394.1660343869637,0.8052833333333334,25.932309762942,0.754805573902818,1.193461957263741,-74.33334397268011,1.569805958998864,2005,0.6,-298_6
0,3344.306047197482,3342.7896284390977,41419.22083031742,9843.012694348114,0.8866166666666666,25.84128000710604,0.6998140796747712,0.9105240309631308,-74.57139752297178,0.5187770765790237,2018,-0.8,-299_2
1,76.5581683708532,0.0,35729.16211356514,783.8218576852489,0.5913666666666667,25.94277890513513,0.7987873946193959,1.3530595278190385,-72.13247152658728,2.6927000641482657,2002,-0.1,-289_10
0,296.59429481890834,498.3088901474667,21011.76752428066,1461.0254649709648,0.8047500000000001,25.91635437436554,0.7260721526859474,1.0183885506544654,-74.20757983290338,0.6310664870939638,2018,-0.8,-297_2
1,8761.582975102217,1494.8048001745915,6295.998785653126,4719.535115718545,0.5923166666666667,24.63952714668073,0.6466119277479523,1.0243523347030636,-74.1626640686974,1.2239545746128482,2001,-0.7,-297_4
0,1724.6004489360396,1114.13797956088,4364.485695269776,2986.0778831494376,0.7435666666666667,25.77820846222636,0.8177532093528517,1.0792233666042474,-74.07283254028545,1.3362439851277883,2021,-0.9,-297_5
1,2918.177599450934,0.0,35972.76972629468,1618.2741552199377,0.78185,26.419256622609453,1.0538169001507764,1.3539088567060056,-74.26597032637115,1.5787891118400592,2018,-0.8,-298_6
1,2252.6194088244665,704.5487696036379,31644.39388596336,215.7058341749641,0.4677666666666667,27.038286944163303,1.1850539679740206,0.8764963988091016,-74.21656298574457,1.893199461281892,2010,1.5,-297_7
1,234.83335625283587,0.0,31117.024747296065,187.75325588084087,0.7747,26.307964718677567,0.9586587798190842,1.2032358454776144,-74.42317550109206,1.349718714389581,2018,-0.8,-298_5
0,381.73031504452814,3150.3437312458464,7912.95308206385,7178.610188939077,0.8657333333333335,26.74804074340642,0.8275992484339497,0.9159889757440484,-72.15942098511087,2.3872728675476287,2010,1.5,-289_9
1,6436.091022401598,2490.996286629107,34862.02784035651,5228.028837672887,0.5824,25.941808783965318,0.9804303198377466,1.8187294349313976,-74.08630726954723,1.8348089678141228,2011,-1.3,-297_7
0,197.8847684356171,0.0,4244.049555560326,2631.423965997324,0.8637666666666667,26.31237687117249,1.1299643695714268,1.3602289056898351,-73.00383735218321,2.1132867058911744,2007,0.7,-293_8
1,236.15424069549107,0.0,15495.6431500174,656.5135580153591,0.6615166666666668,25.60067803261819,0.8492228145379221,1.4991063768876496,-72.8376490246211,2.131253011573565,2008,-1.6,-292_8
0,114.07862164432456,0.0,4991.327661358077,2340.1837171055963,0.72185,26.97745281908982,1.3648437116318746,1.3779165756820904,-74.12223988091202,2.221084539985517,2022,-0.8,-297_8
0,4032.8688386800914,0.0,10834.4090820753,4516.230064986868,0.8546666666666667,25.996606203917796,0.8873937041148734,1.2407137633001344,-74.26147874995054,1.237429303874641,2008,-1.6,-298_4
0,202.3696600729563,0.0,22195.83489228167,862.1490869296198,0.7277666666666668,26.0394605961813,0.874722862722388,0.8570525483334547,-75.06547092923752,1.3901429021749596,2011,-1.3,-301_5
1,939.6245469913822,498.0584491302201,35677.496138407936,737.0310836781604,0.6500333333333334,27.31124314236388,1.2811728129145257,1.51235149478108,-72.17738729079326,2.679225334886473,2007,0.7,-289_10
1,662.5163257217071,704.4493860455839,27172.574865313232,1473.514590495694,0.7960166666666667,26.021488839577216,1.414671591677137,0.3707883585944223,-74.80945107326346,2.3423571033416524,2016,2.6,-300_9
0,49.75980653517079,0.0,796.2196832949494,671.4227956259781,0.7702166666666668,25.8482588600026,0.9994698706037228,0.8604637597011967,-74.88131629599302,1.659637487410816,2018,-0.8,-300_6
0,1206.2399311522688,1575.8368312582368,12666.081043062037,5281.0267365739055,0.7923833333333333,25.624466172280396,0.5293132936442615,0.6150361371540558,-74.60283855791596,0.0786025873604581,2014,-0.3,-299_0
0,6638.160878647506,704.5460861434119,16503.904353730173,1382.837315747465,0.8502833333333334,25.904556588604464,1.0128866398399268,1.7284905736512248,-73.84376214283498,1.9066741905436844,2008,-1.6,-296_7
1,4063.390032526573,1114.03910389178,33802.37978902037,2029.8724766376645,0.54315,26.152641664325188,1.0377607539410447,1.6486909335736393,-74.12223988091202,1.7270111337197802,2008,-1.6,-297_6
0,125.23644018573953,0.0,32660.43508366703,366.04054512188026,0.70225,25.64429604319878,0.6525465773577713,0.7079194460896648,-74.58487225223358,1.2059882689304575,2013,-0.3,-299_4
0,1703.1298965207557,1494.550679761312,24099.717147272884,1615.2552419011731,0.6487833333333334,25.643093750524315,0.942646846322566,1.7591441006694184,-74.05037465818246,1.947098378329063,2012,-0.7,-297_7
1,207.46522710923676,0.0,1479.0120073651992,277.8931472505378,0.7778833333333334,25.51335682739557,0.7171221988728584,1.5707709032174997,-73.34519716014863,2.315407644818067,2009,-0.8,-294_9
0,1251.381799168771,1796.3443129380846,7851.412829463138,1979.8428717635827,0.79035,25.96853532478616,1.0888211362387925,1.6120581127373586,-73.70003169737585,1.704553251616792,2023,-0.5,-295_6
0,215.8453147268505,498.2678590627736,37785.78816263224,1921.232116007409,0.8072,26.230611974367093,1.03196805988258,1.1199809597244224,-74.62529644001896,1.2284461510334457,2004,0.4,-299_4
1,203.34415817394543,0.0,18013.36261528232,943.2199746487792,0.6737333333333333,26.836782433128462,1.1126535022369417,0.7948063127936799,-74.63427959286015,1.6955700987755968,2007,0.7,-299_6
0,83.30728922955086,498.12787012974894,5863.441222603941,1774.4343093834486,0.7513666666666667,27.09189098688256,1.2962644314632283,1.538718382991859,-73.21044986753071,2.3019329155562738,2022,-0.8,-293_9
1,94.2379736239076,0.0,2757.853839671628,1055.0382646482708,0.6216833333333334,27.505988199797518,1.4429317967936843,1.3138876459121287,-73.99647574113528,2.2480339985091025,2007,0.7,-296_8
0,792.0295105572455,0.0,30906.904590133567,852.4873081695748,0.62575,27.051559147588197,1.2975895295346704,1.029802937965608,-74.38275131330668,2.095320400208784,2007,0.7,-298_8
0,160.85406533822294,0.0,6489.565692464484,121.27427275494873,0.7098333333333333,26.28202204380733,1.1742023698956343,1.4178577085279735,-74.08630726954723,2.1582024700971503,2008,-1.6,-297_8
0,350.7258163881174,498.08528699912426,12571.84451405807,2489.4528892005087,0.7325333333333334,23.384655809524588,1.1232456942356934,0.492737781166712,-74.84538368462823,2.539986465847947,2007,0.7,-300_10
1,554.875685207616,498.0575550325484,34657.44645188,1182.1881200155392,0.5754333333333334,24.9550366205371,0.7708185312735635,1.343174261079801,-72.12797995016669,2.6837169113070707,2001,-0.7,-289_10
1,181.17873151475916,0.0,17370.554978564574,1627.272766943311,0.5937,26.29388231148522,1.1969034329240087,1.3886275000369055,-74.19410510364158,2.131253011573565,2008,-1.6,-297_8
1,217.88374221073576,0.0,16108.515252458174,7.816754111252685,0.5921333333333333,26.02471724196209,0.9665384784794284,1.4462950031385422,-74.21207140932397,2.153710893676553,2009,-0.8,-297_8
0,2395.224766432555,0.0,55686.03807686908,5296.411630338212,0.76275,25.6614106304757,0.6104838159801295,0.6274469859512463,-74.7286026976927,0.7523390504500993,2014,-0.3,-299_3
0,2097.6234662035845,704.6013057041549,10496.666770014866,1740.9913455808653,0.7673500000000001,26.092942550276405,0.7376166024682562,0.9790390775847864,-74.78699319116046,1.6057385703636446,2011,-1.3,-300_6
0,6980.519238337871,6992.814447032396,22293.06311446671,5044.527959734779,0.5014833333333333,25.78473613414775,0.8184868552467434,1.5628746189081522,-74.00995047039709,1.6955700987755968,2002,-0.1,-297_6
1,113.2438838219733,0.0,26869.10177330802,1071.1442810078588,0.6384000000000001,25.86473192428849,0.7793368034335323,0.8209630132567803,-74.53546491160701,1.1880219632480673,2014,-0.3,-299_4
1,1193.241032993522,498.1809723885488,27838.42817138528,1027.6431438032132,0.6331333333333333,25.746800485563146,0.9663580935178951,1.510578853757681,-74.144697763015,1.9650646840114532,2006,-0.9,-297_7
0,96.46979146690124,0.0,35174.413850355915,7841.836924806268,0.7560166666666668,26.23573634117855,0.7921688395991607,0.5789473748007281,-75.21369295111724,0.927510530853406,2007,0.7,-301_3
0,6528.468241890139,704.5540477848382,24630.13080103576,2048.4028174446803,0.8397666666666667,25.62139296485293,0.8759575602211914,1.7797047877204977,-73.72248957947883,1.866250002758306,2011,-1.3,-295_7
1,251.1853253301092,1494.4040775088242,191.587618851353,1789.1673921337283,0.7208333333333333,26.03057003806248,1.0901515008383391,1.4324669039980942,-73.84825371925557,2.261508727770896,2004,0.4,-296_9
1,2773.708813745636,1113.9949926952097,32628.09464570777,2362.7240453665527,0.5355333333333333,27.038286944163303,1.1850539679740206,0.8764963988091016,-74.20308825648277,1.8752331555995008,2010,1.5,-297_7
0,1054.1204958679891,498.2218538211667,31038.95445864531,356.135654721286,0.6460833333333333,26.01597803079716,0.9588123517443056,1.4898738579176,-74.25698717352995,1.659637487410816,2011,-1.3,-298_6
1,354.339204548754,0.0,33890.19217286372,1797.8305848864577,0.6517000000000001,25.864942539574542,0.7709654589775196,0.8529116791346266,-74.41868392467147,1.511415465531095,2013,-0.3,-298_6
1,246.55941893781332,498.13767236076416,1165.0865187714526,934.9428516458884,0.7572666666666668,27.60188899369831,1.4274409200667506,1.3920511248653529,-73.86172844851735,2.243542422088505,2007,0.7,-296_8
1,1292.540839859562,0.0,9653.61213574622,152.61981309620103,0.64515,27.444154467763667,1.1713234661843035,1.1376391561011394,-73.94257682408812,2.0998119766293817,2016,2.6,-296_8
1,335.7890564246842,0.0,35078.730991435856,2309.19360278614,0.6040333333333333,26.361574634575447,0.7155804094533731,0.567877327565775,-74.68817850990732,1.3946344785955571,2010,1.5,-299_5
0,48.13454876873616,498.0759229274188,16710.055196845937,14.991444143678608,0.7556333333333334,25.78595517994012,0.7269349877952843,1.544444133683447,-72.48730606381449,2.5893938064745208,2009,-0.8,-290_10
0,740.3643702437149,2114.162799727116,13643.483268431297,6524.566065688112,0.7949166666666667,26.019265793039096,0.6887317870045808,0.6789759351909838,-75.17776033975245,0.5367433822614142,2004,0.4,-301_2
1,249.96686404586197,704.5469732388325,8782.385579462612,489.9764535726946,0.7247666666666668,26.823083775164378,1.1787332863840705,0.9139932605329868,-74.47258284171863,1.9021826141230869,2007,0.7,-298_7
1,3022.0687684591885,0.0,13002.573524007752,168.0533777883026,0.67855,26.83948246457305,1.3224171951954613,1.122221267359264,-74.14020618659441,2.4411717845948,2014,-0.3,-297_9
1,2647.1123333242167,1575.490994896512,8779.610823065948,116.47047012010889,0.5040166666666667,26.255635541973504,0.797055552721276,0.8900123452678561,-73.72698115589944,1.7225195572991825,2010,1.5,-295_6
1,275.2266346999505,0.0,2470.5646849670816,2089.191704142534,0.7552500000000001,27.366433299533924,1.3796452301717448,1.54728970615281,-73.70452327379644,2.2031182343031266,2007,0.7,-295_8
1,295.6876158750563,0.0,9139.40584124439,49.56805691206736,0.69125,26.141939336949637,0.9811339003883276,1.1703016400552997,-74.3513102783625,2.337865526921054,2006,-0.9,-298_9
0,724.8928317830887,498.3044062117051,33188.7209424504,2889.3852343462004,0.8408166666666667,26.152758543471634,0.8515565628513931,0.95747378555398,-74.45012495961565,0.720898015505916,2004,0.4,-298_2
0,220.26732448017032,0.0,29540.311533302745,421.8087118812646,0.8567,26.98049131799712,1.2443677252195218,1.2587179063483982,-74.23902086784756,1.7270111337197802,2007,0.7,-297_6
1,8970.798884879154,0.0,14470.947652025956,8821.162372319292,0.6436166666666667,26.32397957321808,1.0897804947671532,1.3033508928236073,-74.33334397268011,1.2284461510334457,2023,-0.5,-298_4
0,892.2489463816715,0.0,22393.66846181033,733.4457825848297,0.7233333333333334,25.992244965738397,0.7787394510206037,0.6104738377666802,-74.63877116928074,1.6461627581490232,2003,0.9,-299_6
0,5190.865133474555,1575.5563005649783,30791.37109644593,756.7624999121033,0.6640666666666667,26.463387634494158,1.050693213255691,1.4448152808454529,-74.19410510364158,1.5518396533164736,2018,-0.8,-297_6
1,428.9170405611027,1992.194267635564,39057.78515889595,694.3733895460929,0.6219333333333333,26.58845642014643,1.0667852528984845,1.4683054247162215,-72.03814842175473,2.7286326755130466,2018,-0.8,-289_10
0,2854.2196688238987,0.0,29946.895807154146,240.40825755188996,0.68315,25.940717089096893,0.9047541363642324,1.157107165680742,-74.49054914740103,2.185151928620736,2011,-1.3,-298_8
1,18.824286037925305,0.0,22344.93622155519,1921.9233505310708,0.7004333333333334,26.651561937659324,1.089166613872988,1.3557448067527904,-72.41094926466434,2.508545430903764,2014,-0.3,-290_10
1,2537.086709682952,498.2111280621901,35038.16254780355,198.21002971492587,0.4279333333333333,27.29344482382811,1.3709908242148738,1.5891340082760366,-74.12223988091202,1.7449774394021706,2022,-0.8,-297_6
1,20.32818346371308,0.0,12545.725853951932,186.27401076972487,0.6093833333333333,26.447337547389964,1.1064232349174417,1.078835849041476,-74.60733013433656,1.740485862981573,2004,0.4,-299_6
1,177.8599897204866,0.0,44747.81767442995,5310.10733713556,0.7005333333333333,25.90478350883012,0.711942933767639,0.9532584889100956,-74.46809126529804,0.5996254521497806,2018,-0.8,-298_2
1,1229.5550797332426,2054.207621718165,14506.765732495238,347.5568551667501,0.4498,26.997076762522227,1.2584553317195668,1.7185955577228915,-73.92011894198512,1.6865869459344016,2022,-0.8,-296_6
1,9902.20072045809,1114.0141381508586,20083.374593786943,1105.945899794295,0.6800166666666667,26.8897863566296,1.2350691022919331,1.5490656548102242,-73.83477898999378,1.812351085711135,2007,0.7,-296_7
0,212.3503150158361,0.0,9529.708984020914,1840.9187719049755,0.8449666666666666,24.85959398657377,0.6429629021036102,1.5881990572192013,-72.96790474081844,2.1492193172559557,2009,-0.8,-292_8
0,172.23408025662576,0.0,29829.293683449618,90.30869743656376,0.6061500000000001,26.138197098608146,0.8461983574344333,0.9891479092583166,-74.28393663205354,0.5906422993085854,2004,0.4,-298_2
1,1872.598671144209,1494.469570407842,6372.033947693201,1469.3491432433636,0.58995,26.00569845981869,0.7680923996850445,1.3708888473899117,-73.84825371925557,2.126761435152967,2005,0.6,-296_8
1,286.37696414533,0.0,36368.03233921533,351.9296996951672,0.6249,25.976483565651392,0.8694245258724821,1.1842145826143262,-74.5219901823452,1.475482854166314,2011,-1.3,-299_5
0,1803.722587489031,498.1339396939341,1869.3344741819672,4530.215238566378,0.7531333333333333,26.283320097686957,1.0666743831223873,1.413962292384116,-73.15655095048353,2.266000304191493,2004,0.4,-293_9
1,178.2859180521478,0.0,36596.627548741366,95.01096196923724,0.6913666666666667,26.82259602519838,1.067361232631327,0.8125544408086073,-74.59385540507476,1.4709912777457166,2007,0.7,-299_5
0,725.1405532186944,498.3082473479643,42069.53925680924,2776.509812736497,0.8126166666666668,26.066150720398586,0.816384243398281,0.9367598805754386,-74.48605757098042,0.6445412163557567,2004,0.4,-298_2
0,212.60628809502356,0.0,24584.61642605253,1878.3399480105488,0.6844833333333333,25.860958854198717,0.7141840588662868,0.8989963149929618,-74.84538368462823,1.4350586663809357,2006,-0.9,-300_5
0,4270.176497178746,0.0,12971.751769621038,656.2839633445632,0.6183833333333333,27.001756178948256,1.3189130655473809,0.69154005642315,-74.68817850990732,2.023455177479222,2007,0.7,-299_8
0,6506.140326343178,1796.2379609895788,33389.43636346367,2644.6890919622147,0.7152000000000001,25.345756927662197,0.8022492254081705,1.4823746741096648,-74.1761387979592,1.9246404962260748,2017,-0.2,-297_7
0,1063.1371182259577,498.0376021195588,47425.13392817038,2142.7113346374786,0.8521666666666666,26.943034285004785,1.084974461048605,1.3046080125441355,-72.20433674931684,2.782531592560218,2003,0.9,-289_11
1,249.5331497124939,0.0,25245.79364107544,59.13303569855503,0.7161333333333333,25.949116895483314,0.7431171351334466,0.9253470258350168,-74.30639451415652,1.3676850200719717,2013,-0.3,-298_5
1,113.84721172111284,498.27146529276587,22570.98758778584,301.1858849430077,0.7202833333333334,26.129517923082688,0.9214478382119582,1.1421748565744574,-74.49054914740103,1.1880219632480673,2018,-0.8,-298_4
0,3873.68778984476,0.0,15153.739765152726,7136.75723453839,0.7425833333333334,25.89498252463352,0.6790037407245809,0.8026714421895519,-74.40071761898908,1.1880219632480673,2013,-0.3,-298_4
0,175.39851701372126,498.1696655006204,14221.671906308624,857.4912921129574,0.7329333333333333,26.00448113337461,1.1245964566923403,0.750600805593844,-74.88580787241361,2.0414214831616126,2006,-0.9,-300_8
0,296.2251858295311,0.0,17353.35832821076,2933.8312312505623,0.7662666666666668,26.65325215594072,1.0351766249452183,0.7316168303426243,-74.7286026976927,1.5832806882606567,2007,0.7,-299_6
0,719.352094789849,498.11388005154,6407.789140852432,3525.561853052287,0.8481333333333334,25.853076906950378,1.1084800918825155,1.1773384524183423,-74.1626640686974,2.382781291127031,2004,0.4,-297_9
0,655.5967514082905,0.0,895.2431333997037,3614.0764888992,0.7803,19.944779275901965,0.629155106409199,0.3857715797960067,-74.9082657545166,2.643292723521692,2004,0.4,-300_10
1,528.8445750690759,0.0,20365.9092494234,2393.254392783517,0.80205,26.42880508747095,1.083010645675296,1.0205381134877742,-74.3288523962595,1.7270111337197802,2014,-0.3,-298_6
0,693.5921526262927,0.0,5216.354160856106,2649.3025536999444,0.7557166666666667,27.1482090206801,1.0890799549413344,0.6608280189570981,-74.83640053178704,1.704553251616792,2007,0.7,-300_6
0,214.7212233787618,0.0,48241.79877979841,108.51593914962822,0.7221666666666667,26.373462664224974,1.0013879548604223,1.0324394338290876,-74.7420774269545,1.1835303868274696,2004,0.4,-299_4
0,807.3799613113081,0.0,39432.95073103789,2577.6705500629887,0.6914833333333333,26.00039881058251,0.8065159376804855,1.1313243475055872,-74.57139752297178,1.453024972063326,2009,-0.8,-299_5
0,702.3385377206122,498.1614321683284,27450.15022856481,716.7805770717584,0.6919000000000001,27.051559147588197,1.2975895295346704,1.029802937965608,-74.42317550109206,2.095320400208784,2007,0.7,-298_8
1,107.16838661649702,498.2942309770403,35863.64927625864,2778.5650875449587,0.7644166666666667,25.67068320560992,0.6564573076864183,0.773643793603419,-74.60283855791596,0.8915779194886251,2021,-0.9,-299_3
1,202.95302742616605,0.0,1223.1114164765129,5399.894739853606,0.6902333333333334,26.17298992404068,0.8768906393253921,1.1998575529553337,-72.08306418596071,2.310916068397469,2018,-0.8,-289_9
0,287.6256197087309,1114.236425764299,31799.21002312574,1778.0988142446658,0.8348833333333334,25.546967639132102,0.5839232913548867,0.7240606905404182,-75.26310029174381,0.7703053561324897,2011,-1.3,-302_3
0,3185.909229774966,498.18355992043735,12820.551183880883,1154.9192438743064,0.8405166666666667,25.729513134813143,0.8714045302564685,1.8829699295575064,-73.90215263630274,1.947098378329063,2012,-0.7,-296_7
0,7964.654985377146,6243.753797546393,37167.016186500456,7961.073138320286,0.8617833333333335,26.161732425484672,0.793666729644727,0.6688845662385741,-75.01606358861095,0.6939485569823304,2022,-0.8,-301_2
0,1365.131108403899,0.0,4040.340861774656,402.3732676271598,0.7542833333333333,27.220918674097906,1.2883618192031825,1.3664102941816472,-72.58612074506765,2.517528583744959,2007,0.7,-291_10
0,447.34390568519217,498.06638613743047,37528.99774195436,297.92701637521645,0.6016166666666667,27.010530271849632,1.0056403957733548,1.1325821504643383,-72.280693548467,2.6388011471010944,2016,2.6,-290_10
0,1243.1685525892842,1113.785949195356,17301.56035756647,5457.405379798457,0.76485,23.50607140889616,0.9854100128531972,0.3859465147257879,-74.80495949684286,2.45913809027719,2016,2.6,-300_9
1,485.81753013858895,0.0,13583.458299149366,1396.9161695637442,0.7445666666666667,25.303738322455786,0.8783970880700706,0.8967230246373786,-74.9127573309372,1.798876356449342,2011,-1.3,-300_7
0,1721.6218275551091,498.2576517224798,14903.786276341618,621.8663214114372,0.5498166666666667,26.601072878967045,1.0293427086286202,1.0385800094829138,-74.21656298574457,1.3362439851277883,2007,0.7,-297_5
0,7923.454364164292,3150.922979858441,18038.50085882194,426.8762713475904,0.69555,25.53363192138829,0.7357810132927712,0.9095508234091356,-73.83028741357317,1.7943847800287442,2019,0.9,-296_7
0,1517.17208162135,0.0,11891.966617485885,9081.667860358926,0.8123666666666667,26.83948246457305,1.3224171951954613,1.122221267359264,-74.07732411670604,2.378289714706433,2014,-0.3,-297_9
1,301.6767923667995,498.1803137419221,30562.28271371643,668.6549196450968,0.7113166666666667,26.10792497863423,1.090079265614171,1.2669849107702535,-74.26147874995054,1.969556260432051,2018,-0.8,-298_7
0,1024.3412971656342,0.0,3688.72015843227,209.17520927875464,0.62955,27.5457013351882,1.3382760233129567,1.4158526445524078,-72.61756178001183,2.5579527715303376,2007,0.7,-291_10
1,82.5494322402093,0.0,4305.05055844206,719.001313891312,0.7242500000000001,25.472509837211703,0.71308562695866,1.3285771832348905,-73.32723085446625,2.2929497627150788,2006,-0.9,-294_9
1,127.29755742308669,0.0,5322.25467921377,82.25682568910287,0.7876500000000001,25.855589605293343,0.9335626733392216,1.506668884725385,-74.10427357522963,2.2031182343031266,2009,-0.8,-297_8
0,769.0732995447883,0.0,17562.431721552402,2024.3930186854093,0.73505,25.798068272072555,0.9907346979970276,1.6434866209212442,-74.06834096386486,2.036929906741015,2011,-1.3,-297_8
1,786.9928422692286,498.1750445375601,9282.900411219083,820.1544906083565,0.7546833333333334,26.302724995151664,0.9322513199693726,1.2989534139194685,-73.92910209482632,2.005488871796832,2013,-0.3,-296_8
1,286.37696414533,0.0,36368.03233921533,351.9296996951672,0.6598166666666667,26.22835844638593,0.92577823602621,0.8296564085019767,-74.5219901823452,1.475482854166314,2014,-0.3,-299_5
0,2592.30089375032,1114.0492372983342,6760.526166722827,3642.654410787872,0.7774166666666668,25.368455272446056,0.7244758126412648,1.7033651514662391,-73.66859066243167,1.6910785223549991,2009,-0.8,-295_6
1,6980.519238337871,6992.814447032396,22293.06311446671,5044.527959734779,0.5461333333333334,24.814034221383565,0.7544389836021971,1.4482693339130035,-74.00995047039709,1.6955700987755968,2001,-0.7,-297_6
1,97.01730961456865,498.0628725371929,32081.835237573207,2225.5253183253726,0.7333500000000001,27.40692922476921,1.0727725508687296,1.0831387687016027,-72.36603350045836,2.656767452783485,2010,1.5,-290_10
1,8763.933050454787,1575.46714302457,29066.468136277,5049.283209277878,0.5772333333333334,26.65786897241304,0.9415513053925224,1.1374853770969655,-74.01444204681768,1.7809100507669515,2010,1.5,-297_7
0,1594.4159341678378,704.669337349086,2384.830144677117,1174.3178134972325,0.63695,26.209189664163944,1.0419923436750402,1.2525186664271457,-74.27944505563293,1.1296314697802985,2023,-0.5,-298_4
1,4761.275057785057,4932.015564781807,30890.48810145677,7179.457149055511,0.5572333333333334,26.90215515911825,1.097281312108133,1.1172260685145656,-74.05037465818246,1.762943745084561,2016,2.6,-297_7
1,447.821023004441,498.1271016266832,309.10190720935026,685.6961686651172,0.7298666666666668,26.144075698530287,1.048457288939771,1.154444249537894,-74.1851219508004,2.3064244919768715,2018,-0.8,-297_9
1,287.4867385412029,0.0,38824.147952196894,1168.5410624350934,0.7907166666666667,24.73275948855064,0.6801481156560566,0.902178290031339,-74.63877116928074,1.3901429021749596,2001,-0.7,-299_5
1,217.06908301327917,0.0,22593.35373042796,441.9934105509589,0.6941333333333334,25.51320295670797,0.7804939023662283,1.424830782245896,-74.31088609057711,1.718027980878585,2017,-0.2,-298_6
0,795.334184624609,498.090321879476,4319.763447512775,2353.0075988550902,0.8228000000000001,25.69637770210852,0.948915025526984,1.034386217519501,-74.31986924341831,2.5130370073243613,2018,-0.8,-298_10
1,221.951801714576,0.0,21619.134258537044,1467.7348778907954,0.7433833333333333,26.236762803364968,1.2017534974941884,1.3912038145060492,-74.167155645118,2.0459130595822104,2004,0.4,-297_8
1,735.5462093253807,0.0,1090.9496108919316,3048.147050298154,0.6526333333333333,26.75830745687256,1.3063558077828623,1.4751495719795429,-73.70901485021705,2.3737981382858355,2014,-0.3,-295_9
0,48.821659930822456,498.1170325586147,4902.023913493324,715.2599631788086,0.7141666666666667,26.565932103590228,1.0925775688164638,1.3969350858669296,-73.06222784565098,2.3648149854446405,2018,-0.8,-293_9
0,6736.759568798606,7732.708037534458,7932.221723743901,9749.420720168631,0.8160000000000001,25.05391338019774,1.072571872405849,1.556863332673748,-73.84376214283498,2.418713902491812,2008,-1.6,-296_9
0,799.5326248254836,498.2022681602323,5925.930724781124,1272.3056046813017,0.7788333333333334,25.59799382082332,0.6678159989699646,1.1541242196030563,-74.57139752297178,1.812351085711135,2017,-0.2,-299_7
0,2040.1211797560136,0.0,11602.175198389312,942.7532702841876,0.5554833333333333,26.282006367056454,1.1511678583301048,1.289537749281577,-74.43665023035385,1.7225195572991825,2004,0.4,-298_6
1,3246.988404200856,4015.960550182857,4045.7919224167263,4705.470202710654,0.7380666666666668,25.29952420973501,1.053006608053568,1.2780532126309851,-73.87520317777916,2.355831832603445,2018,-0.8,-296_9
1,2773.708813745636,1113.9949926952097,32628.09464570777,2362.7240453665527,0.5590166666666667,26.58745677242877,1.245407312818633,1.1428449978071324,-74.20308825648277,1.8752331555995008,2014,-0.3,-297_7
1,88.94606750322227,3591.4597223830865,40520.55703376087,770.6482006147668,0.6429833333333334,25.323458033736078,0.5270519082935562,0.8530601311294325,-72.0920473388019,2.7421074047748397,2015,0.7,-289_10
1,116.96018761717002,0.0,26220.754280016587,1330.6306881048215,0.6894166666666667,26.797127340759232,1.1441927022572924,1.4655476429862817,-72.2851851248876,2.495070701641971,2022,-0.8,-290_9
1,220.1938582245076,0.0,30106.34909959194,2612.711219359933,0.6452,26.877954068113127,1.2911900268091208,1.2814062177253052,-74.22105456216516,1.843792120655318,2007,0.7,-297_7
0,274.2266224768338,0.0,36641.79095391974,783.8502379647284,0.5729666666666667,26.569443900080444,0.7340729592837737,0.4982483662983605,-74.5219901823452,0.7523390504500993,2016,2.6,-299_3
1,3384.3199261396708,0.0,35535.07966108787,531.052831765723,0.5959,27.33986404465827,1.3723819654979288,1.4299614877384148,-74.29741136131533,1.556331229737071,2022,-0.8,-298_6
1,3508.8744084438435,1993.0548161051668,7433.930140657856,1009.6344827209264,0.7638333333333334,25.93777700350409,0.9001298861761048,1.3106702254790907,-74.17164722153859,1.2733619152394218,2008,-1.6,-297_5
1,209.1851544286888,0.0,33421.96108387421,272.936400554472,0.6845666666666668,26.55387748346169,0.9550825649747712,0.7511822394176394,-74.7241111212721,1.3901429021749596,2007,0.7,-299_5
1,303.7495224277991,0.0,20314.99558710505,1231.3845672672498,0.5926166666666667,26.028573039564947,1.123837528409824,1.2523440572892997,-74.38275131330668,1.969556260432051,2004,0.4,-298_7
1,2884.345062099495,0.0,19790.443112443125,2780.495638968558,0.5311666666666667,24.60084951506235,0.7825927671109137,1.458481513894306,-73.97850943545289,1.9201489198054773,2001,-0.7,-296_7
0,211.33812301591507,0.0,4783.452441480103,5924.481185513694,0.8591500000000001,26.576761385531483,1.1717010970453725,1.3614926275782877,-73.06222784565098,2.1402361644147603,2007,0.7,-293_8
0,302.80773574391907,0.0,9538.815938231144,9.434265900949612,0.6744666666666668,26.090631608464435,0.7925605676420617,0.9307140873846396,-74.66572062780433,1.843792120655318,2012,-0.7,-299_7
1,4089.828907319319,7734.483096214317,21756.28158926672,124.49254513144687,0.4838666666666667,26.09116898007335,0.9907637808071944,1.744783208190011,-74.03689992892066,1.659637487410816,2008,-1.6,-297_6
0,799.5326248254836,498.2022681602323,5925.930724781124,1272.3056046813017,0.8288500000000001,26.146646356948903,0.8550572219736977,1.0841099624606398,-74.57139752297178,1.812351085711135,2006,-0.9,-299_7
1,300.67267281429366,0.0,53914.43708049728,3089.3923219699773,0.6755,25.94050604507248,0.7407339095286732,0.913092458179804,-74.7196195448515,0.7703053561324897,2018,-0.8,-299_3
1,303.8031354479867,0.0,8990.097117536516,1978.2946847946257,0.7292333333333333,26.35316570529068,1.0886692632775208,1.1944224463783906,-74.20757983290338,2.221084539985517,2018,-0.8,-297_8
1,228.01565350771503,0.0,26850.21514046962,1090.5796204466287,0.6827166666666667,26.299345232704297,0.7595009337735378,0.6035168931641263,-75.11936984628468,0.6490327927763543,2022,-0.8,-301_2
1,1652.543899519727,498.2372050539783,33218.40831737988,1369.6335341512895,0.7879666666666667,25.825564281817208,0.8559803221903189,1.296254184027004,-74.38724288972728,1.5293817712134854,2011,-1.3,-298_6
1,92.77717880554208,0.0,43617.302832092784,5359.36870001996,0.7995666666666668,25.909147694388025,0.7374680348915796,0.8283411347995466,-75.11038669344349,0.927510530853406,2018,-0.8,-301_3
0,411.2062888801059,996.1257450743856,35268.56254192477,1248.0038042791048,0.6529,27.176606265349847,1.014249736122273,1.0850087349512203,-72.21781147857864,2.656767452783485,2010,1.5,-289_10
1,1050.459513932602,0.0,20189.796894125844,661.1182511988933,0.7696666666666667,24.835135321853954,0.7232213682721245,0.868338392926948,-74.59385540507476,1.6416711817284255,2001,-0.7,-299_6
0,75.15211523655167,498.1247961103723,5399.468732955799,604.054507062746,0.7903666666666668,26.27998951383995,1.0741802375986726,1.4053711221665943,-73.14307622122175,2.319899221238664,2004,0.4,-293_9
1,199.08408158640196,0.0,4983.31841905711,5011.343574678065,0.6557333333333333,26.147582019858703,1.1037236303125668,1.5204976701713893,-73.0487531163892,2.131253011573565,2022,-0.8,-293_8
0,370.6103624447815,0.0,27104.31629920091,2072.2848195661327,0.7102,25.91084912578941,0.7762950889838236,0.7405278758444296,-74.7241111212721,1.4575165484839236,2014,-0.3,-299_5
0,117.34742375720386,0.0,1769.841376398385,993.16170785526,0.7799333333333334,27.048393069959214,1.4501699248119493,1.0429107534183844,-74.26597032637115,2.535494889427349,2007,0.7,-298_10
0,8343.698737293333,3986.238201613145,5210.780610606381,7469.298713714098,0.6580833333333334,25.55875635894216,0.6586785424737603,1.0823659611416707,-74.21207140932397,1.08920728199492,2002,-0.1,-297_4
1,119.02251679431426,0.0,29925.760584357347,1414.9292749022002,0.6158666666666667,26.118230479250656,0.9591524794045118,1.0584491215884442,-74.60733013433656,1.5518396533164736,2008,-1.6,-299_6
0,265.07547547592395,704.6028136475187,8866.571512717675,2659.768467953561,0.7163833333333334,24.618020989036665,0.7123584045855847,1.341194923176263,-73.93808524766752,1.5967554175224494,2001,-0.7,-296_6
1,213.18710400826853,0.0,43858.27329822389,1027.7629994684892,0.6338833333333334,26.849355879102237,0.9439425528836706,0.5909395735510133,-74.56241437013058,1.4036176314367523,2016,2.6,-299_5
0,1026.8091292720187,2053.7564820348102,4408.861892843767,8713.793970891016,0.8024,26.26999193865032,1.0678259875064504,1.463598369492426,-73.48443602918717,2.4097307496506164,2004,0.4,-294_9
0,53.468015270450806,0.0,3986.178906262448,27.489474260193223,0.8259500000000001,27.33500063159317,1.3425031958101357,1.4055782511752668,-73.08468572775398,2.355831832603445,2007,0.7,-293_9
1,769.0732995447883,0.0,17562.431721552402,2024.3930186854093,0.7737666666666667,26.04540732125412,1.08045519224357,1.4329819679964335,-74.06834096386486,2.036929906741015,2018,-0.8,-297_8
1,3172.516321050556,0.0,17186.482464396126,1664.8607892542325,0.77435,26.035659259878173,1.0197372480322435,1.5858859966481669,-73.74494746158182,1.947098378329063,2018,-0.8,-295_7
1,28.702775304259365,0.0,41244.710587087386,224.7955002136958,0.7430833333333333,26.277993858159675,0.8869109340900861,0.6615966076725374,-74.98462255366677,1.08920728199492,2007,0.7,-300_4
0,2447.649631859309,0.0,33439.94065069832,245.93453869447785,0.6109833333333333,25.168291149627407,1.1384059161943192,0.7862788652715,-74.7330942741133,2.2076098107237243,2004,0.4,-299_8
1,1265.6948920662187,5389.152177059023,15671.46270579208,1305.578253558567,0.5779166666666667,26.44598580910741,0.9004382546866788,1.1124561571025444,-74.00096731755589,1.61472172320484,2020,0.6,-297_6
1,226.0249121460294,498.306491403634,35505.21537849787,945.277103774614,0.7960166666666667,25.47711116831789,0.624593803360114,1.0741145659130658,-74.43665023035385,0.6804738277205375,2011,-1.3,-298_2
0,4589.215844972133,1494.7382870840634,21856.031328725538,1300.7766395201045,0.52445,25.6949985784442,0.7308668330278163,1.2585877243101384,-74.20757983290338,1.4485333956427284,2002,-0.1,-297_5
1,1950.0802418080848,498.2465817745266,29337.719631718504,1530.232468129184,0.7984833333333333,26.184726403935144,0.8947325074095952,0.9692853442437164,-74.30190293773593,1.444041819222131,2014,-0.3,-298_5
1,2220.6153046454046,498.2576517224798,15317.095729829494,951.4222266792632,0.67295,25.53279571064428,0.6840982536981639,1.3245261346800437,-74.22105456216516,1.3362439851277883,2017,-0.2,-297_5
1,2748.025770516941,3486.8247173287905,4596.700942322255,4889.486679958472,0.6992333333333334,26.230578511077454,1.363196816350517,1.3139589066062611,-73.87969475419975,2.360323409024043,2007,0.7,-296_9
0,8013.742149004983,2054.4646048301734,4149.124888662227,5274.898403694022,0.79305,25.817290874288403,0.8397271980895878,1.201872247439702,-74.23902086784756,1.075732552733127,2008,-1.6,-297_4
0,164.49557972894775,0.0,42835.36268571655,837.3461199618661,0.6675333333333333,26.414702997571908,1.0135601638703944,0.8908058937368514,-74.85436683746943,1.2688703388188245,2004,0.4,-300_5
0,32.83243994846277,498.1122959484137,2693.948000885057,724.582856351596,0.81005,27.30523363275529,1.3170033705352544,1.3628024747882552,-73.0218036578656,2.391764443968226,2007,0.7,-293_9
0,4986.848438591514,498.1848458403768,15753.47671947582,4116.566415416344,0.8685833333333335,25.904556588604464,1.0128866398399268,1.7284905736512248,-73.77638849652601,1.938115225487868,2008,-1.6,-296_7
0,5418.548357621261,0.0,30788.741649573563,739.9999569368065,0.7646333333333334,24.925582746231328,0.9898357920375372,0.8179032865514483,-74.65224589854253,2.2031182343031266,2018,-0.8,-299_8
0,301.6767923667995,498.1803137419221,30562.28271371643,668.6549196450968,0.7039500000000001,26.05155676385704,1.1480118630546416,1.367736469046698,-74.26147874995054,1.969556260432051,2008,-1.6,-298_7
1,120.6844581712522,498.1428478609324,5144.048932275791,640.6073189636263,0.77775,25.855589605293343,0.9335626733392216,1.506668884725385,-74.10427357522963,2.2121013871443216,2009,-0.8,-297_8
1,291.9906028346986,0.0,22084.96099976534,472.7664164730869,0.7116833333333333,26.469918669305912,1.100919356048345,1.0650956725514569,-74.58487225223358,1.6192132996254376,2004,0.4,-299_6
0,272.8847873092595,0.0,14325.022025962307,684.0208990287075,0.70055,26.399334066315816,0.970500295657875,1.34759418235948,-72.58612074506765,2.1806603522001384,2018,-0.8,-291_8
1,1193.241032993522,498.1809723885488,27838.42817138528,1027.6431438032132,0.59125,26.946682372974635,1.3698913927433292,1.3304780045238307,-74.144697763015,1.9650646840114532,2007,0.7,-297_7
1,397.6276281092527,704.3917810778318,25214.06063997223,465.5972081343992,0.7331500000000001,25.744094092139107,0.6454018161247665,1.224108436934651,-72.19086202005505,2.5669359243715326,2005,0.6,-289_10
1,1019.7414776044224,0.0,33331.2009430038,730.7893664571474,0.6921833333333334,26.55640531220968,1.0960860470314684,1.071020118950252,-74.58038067581298,1.511415465531095,2004,0.4,-299_6
0,265.5826343456879,0.0,13765.635147587938,61.77070537794085,0.5560833333333334,25.58316654619415,0.6969652571657329,1.1914283026104846,-74.19859668006218,1.3452271379689835,2002,-0.1,-297_5
1,307.59340902614474,0.0,9627.07922293488,1084.3185245124253,0.7276,25.755348630788944,1.01455950307254,1.4119591513039722,-73.0352783871274,2.221084539985517,2004,0.4,-293_8
0,283.5453303442578,0.0,37084.113197133,392.17734499637095,0.73485,26.16562726793211,1.02230191903626,1.1276894274392388,-74.60283855791596,1.2553956095570311,2004,0.4,-299_5
1,323.98370265418333,0.0,22855.335934295428,489.74600538889854,0.5855666666666667,26.638523283849565,1.1064758865489763,1.3304455578642698,-72.43340714676732,2.279475033453286,2022,-0.8,-290_9
0,50.86093670116882,498.2886650828012,51328.91526771641,4868.658019842185,0.6013833333333334,26.238289293301705,0.9135239294062854,0.9706744252645392,-74.77801003831927,0.972426295059382,2004,0.4,-300_3
1,2537.086709682952,498.2111280621901,35038.16254780355,198.21002971492587,0.5311166666666667,25.81714760979895,0.8667788744879985,1.7187098169038808,-74.12223988091202,1.7449774394021706,2012,-0.7,-297_6
1,1837.522519450168,0.0,10010.852807178286,2975.816782872337,0.6559,26.754090711414904,1.146515166741532,1.4093378694911711,-73.9740178590323,1.4485333956427284,2022,-0.8,-296_5
0,68.54820587018422,0.0,3168.652195923556,532.7161498604878,0.6451666666666668,26.22359969799521,1.0520027049062657,1.3550965691772403,-72.72086803768556,2.382781291127031,2004,0.4,-291_9
1,3508.8744084438435,1993.0548161051668,7433.930140657856,1009.6344827209264,0.5043666666666667,26.489751994673213,1.098259658262522,1.3177823419893484,-74.17164722153859,1.2733619152394218,2004,0.4,-297_5
0,6189.038913633497,5999.331948486015,21656.970722850318,5082.949530786074,0.6086666666666667,25.872311485552306,0.7211136869979717,1.4881618286011828,-74.00096731755589,1.6955700987755968,2005,0.6,-297_6
1,248.27722340054785,498.1912126633708,9369.946699963408,2242.3396755826943,0.7071500000000001,26.18600868010111,1.1554951066046124,1.2819855362887669,-74.44563338319504,1.893199461281892,2004,0.4,-298_7
0,5679.589034597402,1114.102322219553,70.684297937997,8612.993245292424,0.8734833333333334,26.65658549427434,1.1120413779020273,1.3076636287647858,-73.87520317777916,1.488957583428107,2007,0.7,-296_5
0,4705.060924564695,0.0,1211.5120133051946,7463.456144892229,0.67905,26.137103596065742,0.8577211539480202,1.1520521804831985,-74.33334397268011,1.053274670630139,2018,-0.8,-298_4
1,212.2418585140483,0.0,8573.504102209494,1646.1873464896105,0.7655666666666667,25.57511306617181,0.971100904067336,1.0708533126080169,-74.23902086784756,2.45913809027719,2018,-0.8,-297_9
1,3074.4447509752977,1796.0636342081534,10.41539753793814,2509.861373345257,0.6395833333333333,26.49266641395468,1.118935927412083,1.4804294659643074,-73.82130426073198,2.2390508456679075,2004,0.4,-296_8
1,22.19402983398964,0.0,41547.75436038999,660.918059221965,0.7591666666666668,26.277993858159675,0.8869109340900861,0.6615966076725374,-74.98911413008736,1.080224129153725,2007,0.7,-300_4
1,126.61819583738632,498.090321879476,12755.00108985622,296.2193329482233,0.7260666666666667,27.281595776182428,1.285931003392114,1.3588754879697642,-72.50078079307629,2.5130370073243613,2007,0.7,-291_10
1,2170.6044875489724,704.5115329077304,8828.054829457686,524.9056998098093,0.5635166666666668,26.580443251499844,1.1510299211824515,1.4966485343652665,-73.94257682408812,2.072862518105796,2004,0.4,-296_8
0,2524.8737681591783,0.0,15393.533808004086,3577.016778457257,0.8574,26.43446245564604,0.7463384767598411,0.7260607484937349,-74.27046190279174,1.2778534916600195,2010,1.5,-298_5
1,2537.086709682952,498.2111280621901,35038.16254780355,198.21002971492587,0.4563166666666667,26.03571485108256,0.9254824180832876,1.6338133942503743,-74.12223988091202,1.7449774394021706,2006,-0.9,-297_6
1,5422.100066469698,1575.5381025224367,31104.34914786544,2354.791492809476,0.5507000000000001,27.30018178624374,1.3379429328453494,1.5162431128421507,-74.1536809158562,1.6012469939430471,2022,-0.8,-297_6
0,1882.459875594632,0.0,15140.92540424686,1706.7727489838485,0.6629,26.379293252899917,1.15722884902741,0.8799611468890189,-74.75555215621628,1.8752331555995008,2004,0.4,-300_7
0,221.61422389883856,0.0,41572.33845949608,5232.417839179711,0.7451500000000001,26.15096151035806,0.8822491128061508,0.9777622024289652,-74.67021220422492,0.9140358015916132,2004,0.4,-299_3
1,248.20313437313268,0.0,34946.06136773165,1875.2413877639567,0.8321333333333334,26.46821331345484,1.0522465508796948,0.9163058308904491,-74.45012495961565,1.3721765964925692,2007,0.7,-298_5
1,397.7549099568384,0.0,27670.87674847714,682.5717998303071,0.3887166666666666,27.066740408495548,1.2346253255979425,1.5723297846681403,-72.40645768824373,2.64778429994229,2022,-0.8,-290_10
0,279.2993961982684,0.0,55029.65154522648,97.80088475707032,0.83235,26.11979138945168,0.8089829771129242,0.6918259768184876,-74.96216467156377,0.9409852601151988,2007,0.7,-300_3
1,32.19734662629177,0.0,2328.2782885855686,917.8364015952608,0.7779166666666667,26.772091620309027,1.2015339749955891,1.3941425293764165,-73.54731809907553,2.34684867976225,2014,-0.3,-295_9
1,1774.3341410270768,0.0,22229.29148526923,180.9829008972912,0.6740666666666667,26.30620816875836,0.970761392009749,1.2840050147598547,-74.27495347921234,1.3676850200719717,2018,-0.8,-298_5
0,1961.170923324156,498.2465817745266,12422.322042547734,3983.292089309199,0.8510500000000001,24.67092009332936,0.6848421904603379,1.147746523380218,-74.02342519965887,1.444041819222131,2001,-0.7,-297_5
1,263.6787738639232,0.0,6341.467430095981,735.169875523292,0.6869833333333334,26.41413973307465,1.1141326421758326,1.5281417607870218,-73.65511593316987,2.2525255749297,2004,0.4,-295_9
0,104.3483260418272,704.4060884887353,15148.277245823296,927.3790350620666,0.8459,26.392118917046275,0.9558716912830354,1.3297155169189196,-72.06060630385772,2.5130370073243613,2018,-0.8,-289_10
1,119.02251679431426,0.0,29925.760584357347,1414.9292749022002,0.7206666666666667,26.789310613682066,1.0897449620430113,0.8014343443515953,-74.60733013433656,1.5518396533164736,2007,0.7,-299_6
1,750.1791578639588,2053.864992215895,763.5441316145076,2458.041980533218,0.5991333333333333,27.074071744644414,1.3932754241071856,1.4535219494412075,-73.84376214283498,2.257017151350298,2007,0.7,-296_9
1,224.36946162299463,0.0,34492.64451826008,713.7991388119397,0.7130833333333333,26.197004995934265,0.8971192819458097,1.001808925367089,-74.52648175876581,0.7882716618148802,2004,0.4,-299_3
1,263.2305478454771,0.0,14260.16406754064,34.862922271607474,0.7368333333333333,25.93648413068752,0.9731075601602486,1.7500283758149973,-73.9650347061911,1.978539413273246,2011,-1.3,-296_7
1,76.5581683708532,0.0,35729.16211356514,783.8218576850776,0.5662,26.854929050440376,0.9300382480431816,1.1477021526151467,-72.13247152658728,2.6927000641482657,2016,2.6,-289_10
0,389.29160648620336,0.0,29443.3166758384,1229.6165114002629,0.6829333333333333,27.245717125944964,1.0285660971397428,1.0265421853376715,-72.36154192403775,2.5714275007921303,2010,1.5,-290_10
1,1249.7357272022716,0.0,23953.485878888296,264.27497877342705,0.5606833333333333,24.782340692997707,0.8381986757898754,0.9944237305778686,-74.31986924341831,2.1357445879941626,2001,-0.7,-298_8
0,782.9790458480614,0.0,18571.680005969283,2550.713875919901,0.6503833333333333,26.324987760107035,0.9949365926525054,0.9126377987486084,-74.78250161473987,1.511415465531095,2004,0.4,-300_6
0,0.321473696366158,498.11388005154,8919.5569390362,1251.408791539889,0.8428166666666667,25.76094585961709,0.9863362316241906,1.0730446526598256,-74.46809126529804,2.382781291127031,2006,-0.9,-298_9
0,255.87494640032477,3189.6374034715923,4175.400382288918,4280.704519562883,0.878,25.56899337117926,0.7263161605346795,1.2305571573689849,-72.1189967973255,2.243542422088505,2008,-1.6,-289_8
1,285.8262388085117,0.0,44808.5275709078,33.95771416197913,0.8042833333333334,26.38112730993481,0.9954935363701466,1.0314125718747402,-74.65673747496314,1.3003113737630074,2004,0.4,-299_5
1,218.2979538799353,0.0,3556.246959255812,3254.545583207824,0.67095,26.194726772541745,1.1502806053109866,1.2233778645246507,-74.19410510364158,2.2704918806120906,2004,0.4,-297_9
1,2220.6153046454046,498.2576517224798,15317.095729829494,951.4222266792632,0.5966166666666667,25.791527466009825,0.6852290015657321,0.9024482392318436,-74.22105456216516,1.3362439851277883,2013,-0.3,-297_5
0,8511.292796116584,1575.7046538771156,1772.5371207195844,3374.2953803373425,0.7427,26.79737070291304,0.8855348622932576,0.7202046076327421,-74.28842820847413,1.0667493998919315,2016,2.6,-298_4
1,129.29477909500784,0.0,29963.95535699233,1417.216671625746,0.72735,25.976483565651392,0.8694245258724821,1.1842145826143262,-74.49054914740103,1.5338733476340831,2011,-1.3,-298_6
0,91.56796645142646,0.0,19711.558098314843,309.7550255866228,0.8167000000000001,24.85048711686892,0.8256789750409484,0.9554888288221918,-74.40520919540967,2.257017151350298,2001,-0.7,-298_9
1,788.5216746067517,0.0,16174.770593685273,250.04001574119093,0.6598,25.62979392519759,0.8350125737263475,1.2011068306369972,-74.49953230024222,2.02794675389982,2012,-0.7,-298_8
0,120.6844581712522,498.1428478609324,5144.048932275791,640.6073189636263,0.8238500000000001,26.60493958128677,1.0589303706320388,0.8947791582466351,-74.10427357522963,2.2121013871443216,2020,0.6,-297_8
1,316.3632283385218,0.0,19460.08000197936,3534.9561943433528,0.7244833333333334,26.28501108851242,0.7036605465786967,0.5299033545417342,-75.19572664543485,0.6220833342527686,2007,0.7,-301_2
1,250.804749298982,0.0,29963.235823250478,6383.353360614146,0.7908000000000001,25.390132642707897,0.5603922158323741,1.0494602927798693,-74.36927658404488,0.6939485569823304,2017,-0.2,-298_2
1,1252.2730922747216,0.0,23591.30262966054,41.64919961971941,0.6533333333333333,26.60275998580533,1.1879006394850904,1.2182973256614562,-74.3468187019419,2.162694046517748,2004,0.4,-298_8
1,911.6422431660504,704.3685115051637,32902.25241785732,2064.179023811689,0.59365,25.57860253437076,0.6869949809340224,1.6131836652308669,-72.17738729079326,2.6522758763628875,2009,-0.8,-289_10
0,1.734069344292497,2227.625908338292,3333.416146570125,6852.050930123951,0.8401333333333334,27.09904128825184,1.3259085588788833,1.564750264374143,-73.48443602918717,2.391764443968226,2022,-0.8,-294_9
0,2757.94380192685,0.0,5303.038432486896,2477.228674224495,0.8739666666666667,25.59883388923612,0.6580345031234381,1.3798613060962912,-73.87969475419975,1.5967554175224494,2005,0.6,-296_6
0,120.6719095415971,498.09364706850056,28115.357490725983,2768.6774964214787,0.7848333333333334,25.571620081381862,0.7297363832928908,1.4621842205740323,-72.35705034761716,2.495070701641971,2012,-0.7,-290_9
1,7181.649117417398,1113.9837717624075,16474.414981261423,1713.6658106001828,0.6531166666666667,27.184652196793365,1.343969683126694,1.604020151556848,-73.89766105988214,1.911165766964282,2007,0.7,-296_7
1,107.75031052967216,0.0,8289.386528407958,452.96259578290784,0.6591833333333333,26.069186155069133,1.0022430815061236,1.5180875610162703,-73.05773626923039,2.283966609873884,2008,-1.6,-293_9
1,721.9921681131115,704.5370377063224,22987.86814772348,1686.0553734347352,0.6501,26.20849763403413,1.0686078131770445,1.524489802507109,-74.04139150534127,1.9515899547496605,2018,-0.8,-297_7
1,397.7549099568384,0.0,27670.87674847714,682.5717998303071,0.5492333333333334,26.60641998297621,1.1167287343963506,1.4567568930098964,-72.40645768824373,2.64778429994229,2004,0.4,-290_10
1,812.661725770812,0.0,1737.9631239567434,2146.656643040601,0.6808833333333333,26.084727926640028,1.3961488050940425,1.0076103133672625,-74.45461653603624,2.4905791252213736,2007,0.7,-298_9
1,284.6730900451516,0.0,40023.1969183725,1104.577021634963,0.7398833333333333,26.019338754605144,0.9184497599651844,0.8940756906139002,-74.98013097724616,1.1116651640979078,2004,0.4,-300_4
1,752.1397598404718,996.3514063823064,28305.64303479908,625.8105849221132,0.71385,26.236762803364968,1.2017534974941884,1.3912038145060492,-74.20757983290338,2.000997295376234,2004,0.4,-297_8
0,6226.550659379051,2491.1809291729496,27671.31666965156,274.6586381735264,0.6977166666666668,26.2610092135252,0.9672054663733402,1.4334632215840306,-74.14918933943561,1.5383649240546806,2018,-0.8,-297_6
1,2773.708813745636,1113.9949926952097,32628.09464570777,2362.7240453665527,0.5092666666666668,25.640886129407647,0.8755688427804352,0.7185525971788386,-74.20308825648277,1.8752331555995008,2019,0.9,-297_7
0,182.279536831821,498.14868199665045,4755.237293047712,4008.746182333671,0.84655,26.05441299073556,1.04766757131566,1.4194150830655892,-73.10265203343637,2.1761687757795407,2004,0.4,-293_8
1,1468.7957941392012,498.1066966524341,5161.709943303527,2097.819302159504,0.8121166666666667,26.803536461636327,1.35404984295414,1.042025037308324,-74.50402387666281,2.4232054789124096,2007,0.7,-299_9
1,104.50557566027462,498.0750759172757,33378.90559024812,595.9105002092273,0.6969666666666667,25.72894362934545,0.7990951345643181,1.5320749782135283,-72.33010088909357,2.5938853828951185,2011,-1.3,-290_10
0,51.383608878945125,0.0,34855.11917893642,591.6821706037493,0.6857666666666667,26.20011494497101,0.9900419078647514,1.0927733676708706,-74.63427959286015,1.1071735876773103,2004,0.4,-299_4
0,51.71958811360168,0.0,8203.594564593166,8.931289197374316,0.7412333333333333,25.853076906950378,1.1084800918825155,1.1773384524183423,-74.22105456216516,2.4456633610153973,2004,0.4,-297_9
1,279.45038062514294,704.6755459074766,28025.35522435309,1220.0393160901092,0.8588666666666667,25.991813953778603,0.842013207716484,1.0407347396389433,-74.57588909939238,1.075732552733127,2018,-0.8,-299_4
0,275.8873580485001,0.0,57607.63605961255,8424.867542136843,0.7468833333333333,26.370855465609168,0.8624769594746461,0.7206883258938005,-74.83640053178704,0.801746391076673,2022,-0.8,-300_3
0,1682.4595531836096,498.0503865072288,41501.44379511398,635.3418627816563,0.5569500000000001,25.57860253437076,0.6869949809340224,1.6131836652308669,-72.21781147857864,2.719649522671852,2009,-0.8,-289_10
1,8535.276106215584,996.4764171820626,27662.67634799214,951.8810456758592,0.6484166666666668,25.987341823079877,0.8428151179296698,1.4933382049137809,-74.19410510364158,1.5203986183722902,2011,-1.3,-297_6
0,398.4879668317974,0.0,21951.769123334863,2026.1362410862628,0.7307,26.361095014936893,1.053390290094472,1.409576984999925,-72.14594625584907,2.5579527715303376,2004,0.4,-289_10
1,25.57660351054602,0.0,33964.12110388395,299.1822998793663,0.6345333333333333,26.270843923513095,0.928989806936316,1.106730209894903,-74.22105456216516,1.6686206402520112,2013,-0.3,-297_6
0,1912.4099336933389,3150.1733087244584,7620.133282987794,7535.613183244895,0.6532166666666668,22.18078144906548,0.9968104947250136,0.4530250850663148,-74.9127573309372,2.535494889427349,2007,0.7,-300_10
0,188.13328741284528,0.0,13412.106265026554,470.08697526527845,0.6825333333333333,26.399334066315816,0.970500295657875,1.34759418235948,-72.55917128654406,2.2390508456679075,2018,-0.8,-291_8
1,2387.667720603792,2228.001065978201,33263.60540920102,3088.759572199676,0.6734833333333333,25.345756927662197,0.8022492254081706,1.4823746741096648,-74.19410510364158,1.8572668499171108,2017,-0.2,-297_7
1,182.27953683185848,498.14868199665045,4755.237293047712,4008.746182333671,0.75215,26.0420595132444,0.9833591832839824,1.40128739925526,-73.10265203343637,2.1761687757795407,2018,-0.8,-293_8
0,792.0838458582095,498.2058591837314,4337.99080660063,725.7104043364286,0.6999333333333333,26.887063882931727,1.033732962343105,0.644911716349947,-74.46359968887744,1.785401627187549,2016,2.6,-298_7
1,1171.57147995472,0.0,12471.042210926576,760.6584857726027,0.63665,26.18600868010111,1.1554951066046124,1.2819855362887669,-74.40071761898908,1.8842163084406964,2004,0.4,-298_7
1,284.06685720138825,0.0,39767.71853186225,1457.8303376982033,0.6557666666666667,26.019338754605144,0.9184497599651844,0.8940756906139002,-75.00708043576975,1.0847157055743222,2004,0.4,-301_4
1,1341.9053867805574,0.0,28088.976149798007,784.5240600172519,0.6390333333333333,26.21859591533388,0.9767782712383254,0.9100231550534096,-74.42317550109206,1.5653143825782665,2014,-0.3,-298_6
0,750.365633834966,498.1696655006204,13417.212332076651,815.7077063989659,0.6930000000000001,24.67078883492883,0.7971731393337942,1.3272775458478134,-73.9830010118735,2.0414214831616126,2001,-0.7,-296_8
0,218.97090246737787,498.27419346681,25438.32217090503,1263.168196700898,0.81665,25.084547680973458,0.5071432673794251,0.7464274361820377,-74.53546491160701,1.156580928303884,2015,0.7,-299_4
0,155.58808952607433,498.0985877564802,4056.140963659298,956.848802603466,0.7935500000000001,26.22340383632212,1.070605364571925,1.3824239553153594,-72.8421406010417,2.468121243118385,2004,0.4,-292_9
0,197.88214412187804,0.0,2499.3571981614327,1556.386264596185,0.6605500000000001,26.65279682235604,1.198064586402366,1.5393030410956914,-73.11163518627755,2.198626657882529,2022,-0.8,-293_8
0,87.60788328584064,498.0928157733255,4486.168246445545,1764.1230956488196,0.7545666666666667,26.43140737218124,1.382594366078653,1.10771630018234,-74.41419234825086,2.4995622780625686,2022,-0.8,-298_9
0,1423.9649032624457,1114.247679210058,46617.32557305892,6810.954833350012,0.7962,25.98376318375597,0.6262865104560533,0.5265591486038316,-74.83190895536644,0.6759822512999399,2020,0.6,-300_2
0,155.29838172111332,0.0,10088.43061361487,53.69661577617125,0.6634,26.79917722195165,1.1377708844323282,1.3901824156636895,-72.54569655728226,2.3064244919768715,2022,-0.8,-291_9
1,4271.078267898246,1992.7521797754985,34285.63529772879,371.7403443108551,0.54395,26.05122599052396,1.004865243946506,0.9248951079793084,-74.19859668006218,1.91565734338488,2003,0.9,-297_7
0,243.39413655457983,0.0,17769.28247035233,2230.301054466041,0.8453666666666666,26.859498418201557,1.2885131064041986,1.510026350871729,-73.65960750959047,1.9965057189556368,2007,0.7,-295_7
1,246.55941893781332,498.13767236076416,1165.0865187714526,934.9428516458884,0.73065,26.553716174587635,1.135761534115244,1.409323889189441,-73.86172844851735,2.243542422088505,2004,0.4,-296_8
1,2537.086709682952,498.2111280621901,35038.16254780355,198.21002971492587,0.5109,26.122928579489667,0.9012034104752552,1.0650911167361845,-74.12223988091202,1.7449774394021706,2003,0.9,-297_6
0,186.2212339469396,498.29985952235626,37694.03314743112,2482.7741207658337,0.8194166666666667,25.53545165210892,0.5898487752400957,0.8164566325431645,-75.18225191617306,0.801746391076673,2011,-1.3,-301_3
0,273.4443899232106,0.0,37274.8356026235,348.6548292421937,0.7891666666666667,26.015601663692053,0.7083657263930849,0.7059097580229531,-75.30352447952919,0.824204273179661,2018,-0.8,-302_3
0,311.9600311105574,498.0827616972906,6611.873748050607,894.2864062301139,0.8776166666666666,26.796096641737847,1.447091350249177,1.0631851209122978,-74.18961352722098,2.55346119510974,2007,0.7,-297_10
0,280.16414708231537,0.0,28521.889416506863,114.8446886515958,0.6224666666666667,25.0376983388656,0.4775449412543411,0.6839179099351246,-74.57588909939238,1.1116651640979078,2015,0.7,-299_4
0,4217.996304654607,0.0,54106.25009773854,9356.278580236309,0.8248666666666666,25.623930294234185,0.5923173988796924,0.6026418929372148,-74.67021220422492,0.6849654041411352,2014,-0.3,-299_2
0,220.2061119881491,498.3073850546468,47186.02034198683,3173.675569489489,0.8374833333333335,25.889095848569863,0.7123781457806143,0.8572412361139784,-74.80046792042226,0.6625075220381471,2018,-0.8,-300_2
0,229.95990520144323,0.0,6772.858730510426,1537.5180916009722,0.8639166666666667,26.10234526215737,1.0019580286023635,0.9007882516233616,-74.05935781102366,2.1357445879941626,2003,0.9,-297_8
0,1827.7770289424668,0.0,11567.366436178689,13.725585465048855,0.7381000000000001,26.571761486680487,1.1722782625585657,1.430779913395552,-73.66409908601106,2.131253011573565,2014,-0.3,-295_8
0,819.51193901274,0.0,9706.176811474908,869.9622960231756,0.85845,26.782498646466134,1.1212984868135425,1.3071456740133736,-73.96054312977051,1.4620081249045214,2007,0.7,-296_5
0,281.2737523855,0.0,28656.15492324142,396.273491573379,0.6372833333333333,26.939730717375312,1.191430767077924,1.118086842122447,-74.5489396408688,1.1970051160892623,2022,-0.8,-299_4
1,492.1035512752449,0.0,25559.03670287292,1591.0983660642553,0.7790166666666667,25.968450582790467,0.8709344184238793,1.192488256390058,-74.48605757098042,1.5742975354194615,2011,-1.3,-298_6
0,201.9495130846624,0.0,11.433899489620073,5939.027520377431,0.7943333333333333,26.147582019858703,1.1037236303125668,1.5204976701713893,-73.00383735218321,2.059387788844003,2022,-0.8,-293_8
0,308.63171326392126,0.0,1756.3298657118044,311.08113470618133,0.71465,26.194056133816677,1.0292170789468182,1.5143826254544084,-73.16104252690413,2.351340256182848,2008,-1.6,-293_9
1,783.0704562489489,0.0,38651.919806695645,1756.0245834961484,0.6585833333333333,26.38192995245248,1.0052471349989676,1.1102357121491724,-74.46359968887744,1.4575165484839236,2018,-0.8,-298_5
0,220.51242527004732,0.0,58384.902483553495,301.0315832074548,0.6854,26.04657606153876,0.6578431853534497,0.5951060431724519,-74.83190895536644,0.9230189544328083,2020,0.6,-300_3
0,2841.959965781258,2682.729382084596,3085.775788958513,9644.273092443991,0.8338833333333334,25.735434326732445,0.9015987596817868,1.378975983166188,-73.0307868107068,2.036929906741015,2018,-0.8,-293_8
1,239.5808533698741,0.0,9875.829738579438,335.8991142690772,0.7385833333333334,25.910522901297725,0.9067161533459308,1.6419196946326664,-73.90664421272334,1.978539413273246,2006,-0.9,-296_7
0,233.27548150804165,0.0,29713.025036258157,2350.488978312669,0.7547666666666667,26.933282679700937,1.3896886758834477,1.3378775970576198,-74.31088609057711,2.0189636010586245,2022,-0.8,-298_8
0,3074.4447509752977,1796.0636342081534,10.41539753793814,2509.861373345257,0.6451833333333333,25.94573996964317,0.8605837751198813,1.3833356260486618,-73.82130426073198,2.2390508456679075,2002,-0.1,-296_8
1,2521.3551896720983,0.0,11631.364442177632,1599.4884415662204,0.7401500000000001,26.23812206124751,1.0491082647520396,1.5716699476024063,-73.80333795504959,1.9650646840114532,2018,-0.8,-296_7
0,19.561678815083763,0.0,22837.202954922308,2306.8063473580137,0.8042166666666667,25.708121421724115,0.7881767451558518,1.4644301022011172,-72.40645768824373,2.508545430903764,2011,-1.3,-290_10
0,275.6740224202315,0.0,49849.72556881276,395.0864968837074,0.7652666666666668,25.59253982943386,0.6196995025674061,0.7114554350168931,-74.69267008632792,0.7972548146560754,2021,-0.9,-299_3
0,21.901221761207744,498.0690056357653,29406.058667171663,1773.5838194702494,0.7551166666666668,25.986447799469545,0.9299752268091525,1.5112851234615576,-72.15942098511087,2.6253264178393017,2008,-1.6,-289_10
0,353.0782879104332,498.1224905833905,23881.17484629881,3191.610826635168,0.7826500000000001,26.870488277802508,1.1640084815301155,1.2047532448364155,-72.41544084108493,2.3333739505004574,2007,0.7,-290_9
1,50.25823755757914,0.0,44568.13131394188,1758.6901630997866,0.6617666666666667,26.095049112999103,0.9198722640354005,0.9274890338306406,-74.926232060199,1.1161567405185056,2004,0.4,-300_4
1,488.35478533248914,0.0,10472.225722296664,272.966193964657,0.6220833333333333,26.803536461636327,1.35404984295414,1.042025037308324,-74.48605757098042,2.3693065618652382,2007,0.7,-298_9
0,157.0728670025522,498.0690056357653,3868.73831233802,2051.8011439298743,0.5769833333333333,19.944779275901965,0.629155106409199,0.3857715797960067,-74.88131629599302,2.6253264178393017,2004,0.4,-300_10
1,228.3559150678361,498.3080435333149,24974.86617369984,1049.6610082916372,0.8528166666666667,25.73746912883479,0.5486327108442014,0.5245727866064054,-75.14631930480827,0.6490327927763543,2003,0.9,-301_2
1,212.0495767474374,0.0,40555.05811853775,2001.1101816908013,0.6708500000000001,26.026965932265,0.8202788277167699,0.7858881612848888,-74.62529644001896,1.3811597493337644,2014,-0.3,-299_5
0,639.0904340373314,704.7201793974684,43999.18492161848,7803.919175062893,0.8267333333333334,25.63753813388593,0.5909135526999768,0.6223435908299834,-74.58487225223358,0.550218111523207,2014,-0.3,-299_2
0,483.7299735086599,0.0,30612.19063317233,285.6203612302317,0.7158833333333333,25.31089748763992,1.2544369746225532,0.655220790861824,-74.84538368462823,2.2076098107237243,2004,0.4,-300_8
0,339.07192937512536,0.0,25134.450771589924,3236.443769128894,0.6733,26.093223586084942,1.0425264754077015,1.395508890114381,-72.40645768824373,2.3064244919768715,2023,-0.5,-290_9
1,116.96018761717002,0.0,26220.754280016587,1330.6306881048215,0.6938666666666667,26.256886685523284,1.0922587876008696,1.547625328193897,-72.2851851248876,2.495070701641971,2023,-0.5,-290_9
0,214.07300856678063,0.0,22813.253064534045,1140.1582655710895,0.7234333333333334,26.432660209198787,1.1884421908197829,1.013244290836403,-74.31088609057711,1.91565734338488,2014,-0.3,-298_7
1,219.4196757917626,0.0,38669.85270914588,585.9349882672429,0.7393666666666667,26.201455047978985,0.91175863722324,1.0140509737589476,-74.67021220422492,1.0218336356859556,2004,0.4,-299_4
1,2096.404681045968,2053.702936161898,2675.2719829381117,32.55703259389374,0.50565,24.980830177574774,0.8150849656336975,1.2177468194387515,-72.71188488484437,2.481595972380178,2001,-0.7,-291_9
0,2171.079875914975,2491.2815163585988,11514.586956621071,2717.134265219709,0.6373666666666667,25.920888093722738,0.8331901854352597,1.0938383624204586,-74.17164722153859,1.349718714389581,2021,-0.9,-297_5
0,257.5086044267317,0.0,5.853114834729199,1429.291641487042,0.6939333333333333,26.8573792662184,1.2280138987644236,1.455462312363108,-73.72698115589944,2.243542422088505,2014,-0.3,-295_8
1,3259.213141767628,498.189315170448,20637.45532433701,4300.981909363616,0.5590666666666667,27.04070626550373,1.3312352031520571,1.5863698165176452,-73.9740178590323,1.9066741905436844,2007,0.7,-296_7
1,718.4518296667974,498.2093874567199,27139.895703753737,211.03044417217055,0.6383666666666667,27.06717874217929,1.167784618776433,0.8426966047719063,-74.25249559710934,1.7584521686639634,2016,2.6,-298_7
1,913.39782771942,498.1018501521551,1781.1660136409987,1455.571150675187,0.7322833333333333,26.21691072157768,1.0233910998574614,0.7531823459060062,-74.3468187019419,2.450154937435995,2020,0.6,-298_9
0,212.6436064336997,0.0,31740.96274047089,342.3789835030619,0.5913666666666667,25.375354432742316,0.6267466410097748,0.8610177816993979,-75.04750462355513,1.1475977754626887,2009,-0.8,-301_4
1,214.7890935234177,0.0,40521.79364102987,2866.4105428441862,0.6904,26.119059691255814,0.9745204825917468,1.1333435165682726,-74.52648175876581,1.3811597493337644,2018,-0.8,-299_5
1,1191.4674549126928,0.0,4469.314857639231,755.6153495270881,0.62355,26.88581910272535,1.220603491637322,0.8355180882300711,-74.64326274570135,1.960573107590856,2007,0.7,-299_7
1,393.0292601189224,498.136182434081,8493.524909723861,369.3449893564797,0.7469666666666668,26.33703470415668,1.0258057123642863,1.4368272530232815,-73.44850341782238,2.2525255749297,2018,-0.8,-294_9
1,3392.031653639317,4108.424424277511,18859.958928183398,2882.405190524173,0.6340166666666667,25.937766801157352,0.8658889005699392,1.7334120736741516,-73.9830010118735,1.6776037930932064,2006,-0.9,-296_6
1,1499.866754842865,0.0,12207.91328242373,9614.21779454907,0.627,27.114593408587496,1.4182886346659065,1.2700706076411263,-74.06834096386486,2.378289714706433,2022,-0.8,-297_9
0,5022.054267903255,0.0,20179.958699435203,7887.308729267705,0.8237,25.24944404684089,0.5111698917148081,0.7611573909558839,-74.42317550109206,1.2284461510334457,2015,0.7,-298_4
0,261.2175777799805,0.0,36290.63686466353,43.09100739516063,0.71225,25.743740478199243,0.7101717437548635,1.0149638210102765,-74.7196195448515,1.363193443651374,2009,-0.8,-299_5
1,1994.158501942993,0.0,14114.322591413533,293.0143417191064,0.7226166666666667,26.667447251926887,1.1403838344760664,0.8860391413015526,-74.49504072382162,1.6776037930932064,2007,0.7,-298_6
1,269.1993328823783,0.0,5899.15618261798,737.9363187429421,0.7254,26.13625758223776,0.7137671701713025,0.7815020885358531,-74.68368693348673,-0.0830941637810557,2004,0.4,-299_-1
1,95.2246811396854,0.0,2164.2571882996967,20.26668770375317,0.7540666666666668,27.60188899369831,1.4274409200667506,1.3920511248653529,-73.91562736556453,2.2480339985091025,2007,0.7,-296_8
0,1814.2435164889669,0.0,11257.823973183777,90.4158924481322,0.6990500000000001,26.167034116591083,1.1456314409082988,0.916461502345827,-74.69267008632792,2.000997295376234,2004,0.4,-299_8
0,5429.322959196445,1494.6753932710608,3735.2629081168006,1804.6155691889087,0.6944333333333333,26.682941001583515,1.1792575106797785,1.555458147935222,-73.83927056641437,1.6326880288872303,2022,-0.8,-296_6
0,427.2822273793667,0.0,34589.351287836216,1795.3549632819452,0.7976500000000001,25.45476329615957,0.6545483213662955,1.514961378337233,-72.00221581038996,2.6837169113070707,2009,-0.8,-289_10
1,280.77670294006657,498.1316655764819,6000.097628251246,825.4681265852904,0.73365,26.36517469261588,1.0399423638838023,1.4792670699936126,-73.45748657066358,2.279475033453286,2018,-0.8,-294_9
1,1148.471201016995,498.1339396939341,19631.632208579485,428.8923089668169,0.71145,27.226583192877115,1.3662995256172128,1.0658141687575091,-74.43215865393326,2.266000304191493,2007,0.7,-298_9
1,2776.27590742223,704.5370377063224,29610.971414236425,2706.341876019715,0.5431833333333334,27.20662884370995,1.2844931821571808,0.9361781337924636,-74.1536809158562,1.9515899547496605,2016,2.6,-297_7
1,289.8288841262131,0.0,32274.241581707447,1022.4318126224696,0.7080000000000001,26.45814954925669,0.9619433618341882,1.0175342532559917,-74.63877116928074,1.475482854166314,2018,-0.8,-299_5
0,1244.6153414643622,1113.933626837793,1555.941210108561,7474.57742222525,0.8477833333333334,25.573257978696176,0.911867438568756,1.3970626515868272,-73.0307868107068,2.063879365264601,2018,-0.8,-293_8
0,1075.8479547941977,1795.9111197383904,2884.3943365385785,5015.780316412308,0.8206,24.676969584989024,1.029439087874141,1.2874362238719284,-73.89766105988214,2.481595972380178,2018,-0.8,-296_9
1,180.5329942958918,0.0,45655.97100576469,412.0962188560431,0.5615666666666668,25.164650870077537,0.4397848816004586,0.5810315403819372,-74.64775432212194,0.7927632382354778,2015,0.7,-299_3
0,47.40013861801495,498.063750939576,33915.540654924334,1804.1870365843683,0.6335833333333334,26.558804522424964,1.0428530058249272,1.549372167856755,-72.19984517289625,2.6522758763628875,2018,-0.8,-289_10
0,284.3681611945731,0.0,26646.05634567094,808.1785418480462,0.7566833333333334,26.27062764160462,0.8209269984970406,0.745111090942754,-75.19572664543485,1.08920728199492,2018,-0.8,-301_4
0,403.3979807931631,498.0919844767631,13600.525894604149,1210.3315779475408,0.7860333333333334,26.958029044718216,1.4011434888030423,1.2754173637445598,-74.14020618659441,2.5040538544831663,2022,-0.8,-297_10
0,220.31961734068216,0.0,35110.31185168116,7640.094866667106,0.8331833333333334,25.631056734213075,0.6301948182213869,0.7443336841686934,-75.20021822185545,0.9409852601151988,2006,-0.9,-301_3
0,206.36807685699085,0.0,7203.0031546684895,963.7999578926222,0.7154666666666667,26.25390482134412,1.022693107184939,1.1193498565817437,-74.31986924341831,2.3333739505004574,2018,-0.8,-298_9
0,1300.3152681397748,0.0,11997.347245626195,2644.455789801196,0.7955,25.994045747736493,0.7275585220878794,0.9072688636204728,-74.79148476758107,1.5787891118400592,2009,-0.8,-300_6
1,705.059155512886,0.0,21396.97512925075,345.76077286162234,0.6623,25.939524630943595,0.719208625693423,0.9133382873839094,-74.62978801643955,1.6506543345696207,2005,0.6,-299_6
1,548.8070533150901,2113.75508574196,36374.90580225418,346.5927206738738,0.6409333333333334,27.29862587416534,1.398053122707936,1.5207374669214488,-74.167155645118,1.7000616751961946,2022,-0.8,-297_6
0,1243.1685525892842,1113.785949195356,17301.56035756647,5457.405379798457,0.7906833333333333,22.3758610720335,0.8663911922290627,0.4059814741894079,-74.80495949684286,2.45913809027719,2004,0.4,-300_9
1,214.35580501161775,0.0,41758.76500124324,2168.5265444471625,0.7081500000000001,25.916614651033,0.8662726348178835,0.8361518501670079,-74.54444806444819,1.3811597493337644,2014,-0.3,-299_5
0,112.54952076024314,1114.221105470095,29272.045657606675,1944.033393110713,0.7678333333333334,26.23176050045896,0.9521154024555668,1.055167366879899,-74.52648175876581,0.8825947666474299,2004,0.4,-299_3
1,280.5060288496375,498.187417670298,30716.985389563804,2218.2848809936145,0.6521333333333333,26.58745677242877,1.245407312818633,1.1428449978071324,-74.23452929142697,1.9201489198054773,2014,-0.3,-297_7
1,939.0477234878036,704.7233499750098,18180.57622737635,3535.704713982646,0.8413333333333335,26.15722917441957,0.8397470543823274,1.0057764411067809,-74.1536809158562,0.491827618055438,2004,0.4,-297_1
0,164.49557972894775,0.0,42835.36268571655,837.3461199618661,0.7010333333333333,26.667716769176025,0.971518417317653,0.6506106788782738,-74.85436683746943,1.2688703388188245,2007,0.7,-300_5
1,278.1658610810205,0.0,60792.54513924775,674.518650475466,0.8482666666666666,25.54799916852886,0.6483616259669346,0.9274330705946796,-74.9352152130402,0.8960694959092227,2006,-0.9,-300_3
0,282.0993622104711,1113.8339965519997,250.593403554104,494.8180832038395,0.809,26.0382317731266,0.9975265175803306,1.5614843519014103,-73.51138548771074,2.337865526921054,2008,-1.6,-295_9
1,286.7449531572136,0.0,42007.73490593873,2438.3318896637693,0.7559833333333333,26.46821331345484,1.0522465508796948,0.9163058308904491,-74.49054914740103,1.4215839371191428,2007,0.7,-298_5
0,178.2859180521478,0.0,36596.627548741366,95.01096196923724,0.7647333333333334,26.49290088063748,0.8539083676980067,0.6215825070300939,-74.59385540507476,1.4709912777457166,2020,0.6,-299_5
0,398.4879668317974,0.0,21951.769123334863,2026.1362410862628,0.7871333333333334,26.74935628947333,0.9535676040747662,0.9679982628964682,-72.14594625584907,2.5579527715303376,2020,0.6,-289_10
1,1311.758290642972,1408.946104363116,330.3513855091171,917.8726532344074,0.5830166666666667,27.49844365444665,1.4011495262613525,1.4683536429531412,-73.798846378629,2.243542422088505,2007,0.7,-296_8
1,1263.2772824911506,0.0,35138.76299808545,1187.6815731450706,0.5790500000000001,26.12150810796425,0.9335220089038462,0.9017191499864424,-74.40970077183027,1.5024323126898995,2014,-0.3,-298_6
1,1883.9417176209229,0.0,31188.36878142823,373.704981807437,0.7188666666666668,26.84684289930607,1.017556819724987,0.7468104619217399,-74.39173446614788,1.5473480768958758,2016,2.6,-298_6
0,243.9042820146834,498.2554095290888,7767.943742513722,5081.409307938586,0.8256166666666667,26.41654114558781,0.7490760884853297,0.7092642721715174,-74.04588308176186,1.3587018672307762,2024,1.9,-297_5
0,270.93852212080066,498.31801467536775,19951.132489755364,2782.8551241175924,0.6393333333333333,26.11945113593549,0.8288117745277468,1.0113220616101233,-74.1357146101738,0.388521360381693,2004,0.4,-297_1
0,1810.5224903877477,0.0,13721.409709357236,104.52245903459504,0.6786500000000001,26.33348560201415,1.0754711909018064,0.8938565713341039,-74.84089210820764,1.888707884861294,2018,-0.8,-300_7
1,76.5581683708532,0.0,35729.16211356514,783.8218576850776,0.6278,25.898621566521683,0.8896722945152153,1.579389376596015,-72.13247152658728,2.6927000641482657,2008,-1.6,-289_10
0,2204.952995601228,498.2465817745266,12088.206898908822,4464.144660481691,0.8739333333333335,25.80878267459121,0.885190590553607,1.4079803737230463,-74.01893362323828,1.444041819222131,2008,-1.6,-297_5
1,3266.9345998806584,2227.8549801322347,7579.664974788683,54.95794001551724,0.5770333333333333,27.035454475531765,1.257449728713626,1.3402808655388572,-73.92910209482632,2.0818456709469912,2014,-0.3,-296_8
0,242.09045192612297,0.0,6857.387511737681,1274.8771446845938,0.6834666666666668,27.0688362057125,1.263418978472708,1.2991075701098933,-73.90664421272334,2.2031182343031266,2014,-0.3,-296_8
0,1499.866754842865,0.0,12207.91328242373,9614.21779454907,0.8613166666666666,27.239489581385957,1.453020708765168,1.1673507574859645,-74.06834096386486,2.378289714706433,2007,0.7,-297_9
0,296.2251858295311,0.0,17353.35832821076,2933.8312312505623,0.7973333333333333,26.27536066326803,0.931957632505478,0.93935639445764,-74.7286026976927,1.5832806882606567,2018,-0.8,-299_6
0,1775.9270656769502,0.0,15812.9354059645,351.3090863234028,0.6748666666666667,25.841986828465625,0.9155625268123012,0.952595024572856,-74.7330942741133,2.0189636010586245,2009,-0.8,-299_8
0,1961.170923324156,498.2465817745266,12422.322042547734,3983.292089309199,0.8713500000000001,26.62338977599842,1.059674461410025,1.166424536493287,-74.02342519965887,1.444041819222131,2007,0.7,-297_5
0,811.0807394296513,0.0,29605.42509426464,908.8604524089528,0.7741166666666668,26.649712485545763,0.9447109762146224,0.7131116021906082,-74.48605757098042,1.2868366445012147,2016,2.6,-298_5
1,92.92533226089634,0.0,18386.502993976443,749.1085614454461,0.7106666666666668,27.119884145388085,1.2422036417637692,1.3053392372008168,-72.4648481817115,2.391764443968226,2007,0.7,-290_9
0,3956.011521755115,2113.9374990760725,7291.920421513371,1815.2458515448316,0.60505,26.475444932528436,1.0089395699464838,1.0328684710113236,-74.14918933943561,1.3137861030248,2007,0.7,-297_5
1,191.21884885575952,0.0,40055.18537486702,1670.0273622489826,0.8033,26.35044374495243,0.9630575058929876,0.8477143256761343,-74.60733013433656,1.2958197973424097,2007,0.7,-299_5
1,781.768938679586,0.0,32621.246326939006,2343.671350802351,0.5124500000000001,27.024896449232187,1.2706975738073552,1.2046578663191632,-74.38724288972728,1.3946344785955571,2022,-0.8,-298_5
0,795.334184624609,498.090321879476,4319.763447512775,2353.0075988550902,0.7771,26.619571852207912,1.3439494919274244,1.1486474504389208,-74.31986924341831,2.5130370073243613,2022,-0.8,-298_10
1,548.8070533150901,2113.75508574196,36374.90580225418,346.5927206738738,0.6479666666666667,26.110802531694105,0.9726494601163131,1.5333375216040086,-74.167155645118,1.7000616751961946,2006,-0.9,-297_6
1,406.39537816449433,1574.9448403039391,43096.446179844825,990.193786078744,0.6698666666666667,26.22436339529247,0.8650145688409142,1.4213123001365346,-72.02916526891353,2.7645652868778274,2002,-0.1,-289_11
1,1193.241032993522,498.1809723885488,27838.42817138528,1027.6431438032132,0.6011333333333333,26.40817604846245,1.2024638630860225,1.2273458747983534,-74.144697763015,1.9650646840114532,2014,-0.3,-297_7
0,1199.1403759841332,498.0977721542228,262.00639517051013,1233.3144270396874,0.74675,25.11656420830269,0.828693637273751,1.2290645332177217,-72.61307020359122,2.472612819538983,2001,-0.7,-291_9
1,263.9686632203497,0.0,24476.89407697609,273.61240870075613,0.6365666666666667,25.574731224106984,0.8815599134124873,1.3648783737522805,-74.39622604256847,2.023455177479222,2009,-0.8,-298_8
0,160.27852867053133,0.0,17852.537255877643,7306.423560158738,0.7120500000000001,23.384655809524588,1.1232456942356934,0.492737781166712,-74.84089210820764,2.472612819538983,2007,0.7,-300_9
0,1719.219939820891,2539.831053682508,3998.205100545835,7543.706543646006,0.7622166666666668,19.14435724291627,0.754470917451528,0.5759332844747772,-74.98911413008736,2.450154937435995,2007,0.7,-300_9
1,963.4113150742104,1796.3067710235352,36666.45833043494,1217.9414608241118,0.6521166666666667,26.883844757617283,1.2745372076487338,1.4514721613790564,-74.10427357522963,1.785401627187549,2007,0.7,-297_7
1,4489.409478226612,2682.8552129680797,28178.1023643468,126.10712391829816,0.5389166666666667,26.298309022495403,1.153680757830616,1.7334045371955502,-74.04139150534127,1.8752331555995008,2004,0.4,-297_7
1,1774.3341410270768,0.0,22229.29148526923,180.9829008972912,0.5149166666666667,27.144017260464068,1.2572746218031676,1.3132876886925986,-74.27495347921234,1.3676850200719717,2022,-0.8,-298_5
1,5780.730083215824,498.2718572727141,13511.585283841678,8667.071255570196,0.8294166666666667,27.085821254669725,1.1789157010390858,1.1630597901795932,-74.38275131330668,1.1835303868274696,2022,-0.8,-298_4
1,89.30524551849749,0.0,5403.445091753549,97.33015697164892,0.7491666666666668,25.51335682739557,0.7171221988728584,1.5707709032174997,-73.32273927804565,2.283966609873884,2009,-0.8,-294_9
1,2813.503827859484,2904.7513232633187,3503.4226697766567,968.277163520811,0.6859000000000001,26.52810330162856,1.1399882626513078,1.5960824007947398,-73.87071160135855,2.0998119766293817,2008,-1.6,-296_8
1,809.3043283464187,0.0,10357.5212885285,1134.3867936022298,0.6149,25.899974946241457,1.059909189137085,1.304664042991318,-74.40520919540967,1.8527752734965133,2008,-1.6,-298_7
0,413.0576611117379,1113.6905497601208,40370.053860985936,1905.6339990060333,0.4817,26.925532690537523,1.1191813124377548,1.085468784566763,-72.2627272427846,2.6837169113070707,2019,0.9,-290_10
1,2295.4105828098573,1409.08316823387,19738.5263006099,2030.7806802216069,0.5311,26.298309022495403,1.153680757830616,1.7334045371955502,-73.98749258829409,1.9291320726466723,2004,0.4,-296_7
1,217.88374221073576,0.0,16108.515252458174,7.816754111252685,0.5441666666666667,26.39627199471181,1.180336026881493,1.2558824611988648,-74.21207140932397,2.153710893676553,2004,0.4,-297_8
1,434.5121599933908,1494.1457007266729,39100.86691928695,1187.0936497860214,0.6162833333333333,26.58845642014643,1.0667852528984845,1.4683054247162215,-72.03365684533414,2.7286326755130466,2018,-0.8,-289_10
1,2252.6194088244665,704.5487696036379,31644.39388596336,215.7058341749641,0.5173166666666668,25.9805836664367,1.0332262335706204,1.4920518096227031,-74.21656298574457,1.893199461281892,2006,-0.9,-297_7
0,393.99044082763226,704.7012664952434,41662.78111829686,1431.7848786350655,0.6642666666666668,25.95808896823945,0.8065724577798083,0.8551594597468575,-75.12835299912588,0.8152211203384658,2004,0.4,-301_3
1,278.84862236796,0.0,17756.1494248776,532.6952835008578,0.6160333333333333,25.830527172684413,0.7406174576499739,0.7822442938999655,-74.46809126529804,1.1386146226214937,2014,-0.3,-298_4
1,6.510971847864544,0.0,15542.264053788364,141.12925754382064,0.6654166666666668,25.920571706042324,0.8208714991486223,1.1133105397800362,-74.61182171075716,1.704553251616792,2011,-1.3,-299_6
0,244.1921565632576,0.0,29212.58468358112,7053.783409206673,0.8414666666666667,25.47711116831789,0.624593803360114,1.0741145659130658,-74.36927658404488,0.7029317098235256,2011,-1.3,-298_2
1,772.4280657032423,0.0,29326.61846354689,6717.731090347131,0.6780166666666667,25.699138388802226,0.6249971644086897,0.6890406484584503,-74.41868392467147,0.7388643211883065,2014,-0.3,-298_2
0,2716.0966338906696,498.2571970127476,25461.77805356716,1335.4449991848735,0.7986166666666668,26.07793053774975,0.836844611735981,0.8886024524047981,-74.3513102783625,1.3407355615483858,2014,-0.3,-298_5
1,271.0201299177508,498.3151456407883,21352.907145027635,303.0795127152362,0.6801166666666667,26.15722917441957,0.8397470543823274,1.0057764411067809,-74.18063037437979,0.4783528887936452,2004,0.4,-297_1
1,3022.0687684591885,0.0,13002.573524007752,168.0533777883026,0.7228333333333333,26.186886469669616,1.062887701454864,1.1411693278707018,-74.14020618659441,2.4411717845948,2018,-0.8,-297_9
0,3243.1387726381176,1992.7521797754985,25213.41452276736,1504.5501144586942,0.5552666666666667,27.04070626550373,1.3312352031520571,1.5863698165176452,-74.04139150534127,1.91565734338488,2007,0.7,-297_7
0,19.52121903012699,0.0,57100.90756408848,2088.793403704813,0.7359166666666668,26.238289293301705,0.9135239294062854,0.9706744252645392,-74.83640053178704,1.017342059265358,2004,0.4,-300_4
1,5472.433958338304,2682.942784402045,12839.931394481364,653.8293416576133,0.625,26.789189613994665,1.2484705914677805,1.6447784934076417,-73.70003169737585,1.753960592243366,2022,-0.8,-295_7
1,419.1417715567554,1113.7024400619764,31011.907748903308,638.9113430295256,0.6771666666666667,26.748831135173816,0.9393644373855656,1.0379939942130971,-72.07408103311951,2.656767452783485,2020,0.6,-289_10
1,3626.142798836724,2818.2127315020066,26532.87100634209,2535.9743503140144,0.5443166666666667,26.298309022495403,1.153680757830616,1.7334045371955502,-74.01444204681768,1.8707415791789035,2004,0.4,-297_7
1,447.821023004441,498.1271016266832,309.10190720935026,685.6961686651172,0.66505,26.251291434807,1.1765666649106117,1.3481406868396546,-74.1851219508004,2.3064244919768715,2008,-1.6,-297_9
1,3023.2224652868467,4982.111280621902,12461.61327183055,98.11258698473512,0.4902166666666667,25.93818188314248,0.8235131357366994,1.1645261529844937,-73.67757381527285,1.7449774394021706,2013,-0.3,-295_6
0,271.0193140606209,3151.003510788269,28127.62418203129,2401.6297497276,0.5722833333333334,26.257889474311128,1.0127144265799255,1.3346233164283066,-74.08181569312664,1.6955700987755968,2021,-0.9,-297_6
0,1143.9250601586089,996.6244591118564,13663.374022333835,4777.349519293221,0.76465,26.289876024868303,0.8265603406718073,0.8422460948801426,-74.13122303375322,0.5547096879438046,2007,0.7,-297_2
0,251.1853253301092,1494.4040775088242,191.587618851353,1789.1673921337283,0.7930166666666667,26.947075406185377,1.379354303950789,1.5592487473276735,-73.84825371925557,2.261508727770896,2022,-0.8,-296_9
0,275.4424802447368,0.0,38745.93326190237,643.667099808273,0.6769666666666667,25.66416318969613,0.5433484600352995,0.6017611461460207,-74.59385540507476,0.824204273179661,2013,-0.3,-299_3
0,419.40613559288033,2490.2155403699494,42583.50868335072,108.50171654843008,0.6024666666666667,26.201318706379997,0.9679933950570644,1.6594235973917044,-71.99323265754876,2.7555821340366324,2008,-1.6,-288_11
1,3835.057566568898,2490.793203228642,5263.832241735933,514.2209869934999,0.60965,25.669222754475072,0.7616960418036042,1.4916251537806309,-73.87969475419975,2.1132867058911744,2017,-0.2,-296_8
1,129.29477909500784,0.0,29963.95535699233,1417.216671625746,0.7947333333333333,26.78462890780287,1.1165938452771738,0.9061865306553704,-74.49054914740103,1.5338733476340831,2007,0.7,-298_6
1,277.8871988489125,0.0,23191.740433672025,2901.678362027174,0.8238166666666666,26.366343668797583,0.9170923642780698,0.8183108226839749,-74.5309733351864,1.0308167885271509,2007,0.7,-299_4
1,210.85482864483063,0.0,20978.247317419016,780.599391101646,0.62755,24.502675388168257,0.8064319910378259,1.0341157175918378,-74.3558018547831,1.9515899547496605,2001,-0.7,-298_7
1,219.8387950442088,0.0,28617.048386621915,523.655195684548,0.5131,27.355481137902245,1.431931737729626,1.435677491485445,-74.25698717352995,1.704553251616792,2022,-0.8,-298_6
0,214.9205621034812,704.5286988476765,24301.44182701325,1351.4342125906503,0.7317833333333333,26.478653556126915,0.9220608773981612,0.7054071025095037,-74.12673145733262,1.992014142535039,2024,1.9,-297_7
0,732.5806601376987,498.1450435114255,28190.556488919032,3386.6986238836885,0.8092333333333334,23.366259255924437,1.0088204940891057,0.5652251997947221,-74.87233314315182,2.198626657882529,2006,-0.9,-300_8
1,279.2732537307605,0.0,19982.389683161167,1082.4119547010537,0.7195666666666667,26.08564736536698,0.8744311505498253,1.101126685536959,-74.48605757098042,1.1475977754626887,2018,-0.8,-298_4
0,1226.7541005237274,1409.2375598173646,20858.25331235221,1114.094354663658,0.7462500000000001,26.42533436672545,0.8733662186118859,1.0307827675973376,-74.07732411670604,1.4979407362693022,2020,0.6,-297_5
0,428.9823541555651,498.05576683239,35571.44300096786,1326.9781528832077,0.7214666666666667,25.14849231420152,0.8258525357654963,1.3054575001448698,-72.00221581038996,2.6927000641482657,2001,-0.7,-289_10
1,4262.582745759226,4700.081392247373,31977.784208521764,6540.090190128841,0.5832333333333334,26.72094247786748,1.0193004735883633,1.0163730011929124,-74.05486623460305,1.7719268979257563,2010,1.5,-297_7
0,3490.2974786880204,498.09364706850056,2259.0154257880613,344.0557134375424,0.5925,27.12646483754844,1.026996486364785,0.9793671835265356,-72.6445112385354,2.495070701641971,2010,1.5,-291_9
0,265.99256812572,0.0,48159.444884893295,4560.309041980837,0.8330333333333334,26.14132334179118,0.8489984016777212,0.925848679945944,-74.59385540507476,0.6759822512999399,2004,0.4,-299_2
1,8269.297194834653,1114.174968025669,1776.1791145072937,4923.046332018451,0.4775166666666667,26.753463470436373,0.9174074484352418,0.7926639077443052,-74.18961352722098,1.156580928303884,2016,2.6,-297_4
0,2179.1498264932884,0.0,16231.60242865392,10.85804822519876,0.64415,24.70460466613423,0.8903008128678463,0.8601854418849681,-74.58038067581298,2.355831832603445,2018,-0.8,-299_9
1,2179.1498264932884,0.0,16231.60242865392,10.85804822519876,0.6191166666666668,26.106760180454277,1.3311642259047691,0.8670048175304325,-74.58038067581298,2.355831832603445,2007,0.7,-299_9
0,283.7089506057913,0.0,37626.17558348627,1060.3355884257967,0.8035666666666668,26.16562726793211,1.02230191903626,1.1276894274392388,-74.60283855791596,1.2643787623982266,2004,0.4,-299_5
1,204.59790538913944,0.0,13633.91741327741,826.3068506621792,0.658,26.291574621666143,1.056874296814077,0.8055464840244047,-75.13733615196708,1.327260832286593,2004,0.4,-301_5
0,414.0433798687792,498.1565234692807,7366.172238286528,297.4920891424314,0.8154,27.238215351641884,1.377664675835505,1.48410028207045,-74.04588308176186,2.126761435152967,2022,-0.8,-297_8
1,263.6787738639232,0.0,6341.467430095981,735.169875523292,0.7336666666666667,25.988481232916115,0.7647518673652552,1.366174247854917,-73.65511593316987,2.2525255749297,2005,0.6,-295_9
0,769.7363346514977,1114.2647169209838,9638.174631120626,7124.859628358259,0.6863666666666667,26.13620483748275,0.8560843575059346,1.0300756367700223,-74.07732411670604,0.5008107708966333,2004,0.4,-297_2
0,9300.238101831905,704.5505437866045,22106.82410711515,5900.4659268101805,0.8482666666666666,25.904556588604464,1.0128866398399268,1.7284905736512248,-73.75393061442301,1.8842163084406964,2008,-1.6,-296_7
0,74.76961902731954,0.0,50258.755136052125,2526.448358270972,0.6421333333333333,26.52615855320016,0.9001316305168116,0.7160160778353437,-74.76902688547807,1.1431061990420912,2007,0.7,-300_4
1,281.68088013944254,498.2028797337486,23452.297848149312,842.4393923493715,0.8583500000000001,26.91676064548409,1.2907992219228113,1.126492594401474,-74.27944505563293,1.8078595092905367,2007,0.7,-298_7
1,208.11872989277143,0.0,20870.3654065766,329.93062381995173,0.6561166666666667,25.93389996090616,0.9746423985089208,1.4962042657029748,-74.20308825648277,2.095320400208784,2009,-0.8,-297_8
0,59.95950908724085,498.1217063881075,3448.1102362017373,1886.3517867378137,0.8265,27.162390553298167,1.2953281556030458,1.3924466458913318,-73.17002567974532,2.337865526921054,2007,0.7,-293_9
0,9143.782727909094,3522.792083348093,22100.62579541308,3648.2520119516807,0.8543666666666666,26.04644226249036,0.9920832267515852,1.5743271822224572,-73.73596430874062,1.843792120655318,2018,-0.8,-295_7
1,8980.033997381945,1114.1012353013527,24804.995870046783,1861.84377626188,0.6372166666666668,26.60189417127583,0.8259330144309751,0.8610884047210194,-74.18961352722098,1.4934491598487043,2010,1.5,-297_5
0,21.419149816401244,498.0827616972906,23984.244320410173,1431.3832130511937,0.77085,26.421130012349124,1.0754025786850785,1.4445381909698758,-72.19086202005505,2.55346119510974,2004,0.4,-289_10
0,113.2438838219733,0.0,26869.10177330802,1071.1442810078588,0.6773833333333333,25.73500406726231,0.6799593211939315,0.7684685127637964,-74.53546491160701,1.1880219632480673,2013,-0.3,-299_4
1,720.2257119994725,0.0,23401.178472153984,343.3006492951443,0.6014166666666667,26.0493065259908,0.7648846247812583,0.7821255132954953,-75.21818452753784,0.6759822512999399,2004,0.4,-301_2
0,37.36778853689937,0.0,14532.593982772256,604.429772014565,0.6665833333333333,27.01017179494022,1.1788955311839169,1.4369988396322488,-72.50078079307629,2.5714275007921303,2014,-0.3,-291_10
1,1837.522519450168,0.0,10010.852807178286,2975.816782872337,0.7681666666666668,25.09021501243268,0.5072411835268006,0.8595609967647801,-73.9740178590323,1.4485333956427284,2015,0.7,-296_5
1,124.7354611488161,0.0,13399.882999417365,410.0923454510586,0.7098833333333333,26.34772826354441,0.9839703319872612,1.3195124265626934,-72.50976394591748,2.337865526921054,2018,-0.8,-291_9
1,1066.8494428429683,0.0,22118.217926241603,482.4548412335211,0.7307,25.88090457359584,0.8807901881561175,1.321170582831994,-74.44563338319504,1.61472172320484,2011,-1.3,-298_6
0,2538.4986177686324,498.177020495727,8411.132373628698,9006.115408089414,0.7942166666666667,26.593145192151667,1.253579434352691,1.5981480298752675,-73.56977598117851,1.992014142535039,2022,-0.8,-295_7
1,81.70443016900897,0.0,20504.83342440784,60.00763551308495,0.59775,26.320433153957023,1.0493313118693186,0.9805005518534468,-74.68817850990732,1.6057385703636446,2004,0.4,-299_6
1,1251.3840062373329,1992.4459842113663,2457.8707279920027,4170.774124772348,0.5762166666666667,25.16186573409044,1.0427593091251346,1.267057127891514,-73.89316948346155,2.396256020388824,2004,0.4,-296_9
0,300.67267281429366,0.0,53914.43708049728,3089.3923219699773,0.6524500000000001,26.132705910965228,0.8696444143569374,0.93242421504439,-74.7196195448515,0.7703053561324897,2004,0.4,-299_3
1,2647.1123333242167,1575.490994896512,8779.610823065948,116.47047012010889,0.5285833333333333,25.61405155750282,0.8369743771037128,1.6951275901845462,-73.72698115589944,1.7225195572991825,2011,-1.3,-295_6
1,1210.5118353170824,0.0,23015.6228851774,1056.7679479868757,0.7231666666666667,26.183738288129742,1.021012394341949,1.176147486032336,-74.46359968887744,1.6012469939430471,2008,-1.6,-298_6
1,657.6484193606135,2540.3277347617964,37480.41214511978,1185.0615859303855,0.5069833333333333,25.86618756481272,0.9551540427063262,1.7288914900275294,-74.1536809158562,1.8348089678141228,2009,-0.8,-297_7
0,2721.640294950326,0.0,34240.72293144794,264.9897588937108,0.8117000000000001,26.54513642403396,1.0635742001729318,0.9895424330217992,-74.3602934312037,1.4350586663809357,2007,0.7,-298_5
0,219.8387950442088,0.0,28617.048386621915,523.655195684548,0.7155,25.638861562335364,0.7879610279772512,0.6961612705924484,-74.25698717352995,1.704553251616792,2019,0.9,-298_6
0,178.5564912016459,0.0,24564.00436988172,679.0906282214739,0.7338333333333333,26.4437864998946,1.1422578310820342,0.7590509806116498,-74.79597634400166,2.086337247367589,2009,-0.8,-300_8
1,274.4278982006235,0.0,23238.90192772519,16.590099154610446,0.5782833333333334,27.21488850691719,1.43424469519933,1.132223891256245,-74.21207140932397,2.072862518105796,2007,0.7,-297_8
1,375.441437298242,0.0,7537.503820575551,31.52713224589373,0.4533166666666667,27.4430580370132,1.0693365290900163,0.996279180377654,-72.58612074506765,2.580410653633326,2010,1.5,-291_10
0,277.71973063246634,498.291518591276,38536.67166119704,5755.740034044137,0.7366333333333334,26.239596234704607,0.9292477058584768,1.0185197655413736,-74.64775432212194,0.9320021072740036,2004,0.4,-299_3
0,185.21436355862596,0.0,17155.62434974094,1068.304254866746,0.7623166666666668,24.84861830024312,0.5428536140592278,0.8539223150886407,-72.96790474081844,2.243542422088505,2015,0.7,-292_8
0,230.64146179082908,0.0,8839.327773809746,7675.250883134304,0.8837666666666667,27.280263472165014,1.4447901643590275,1.193621449996078,-74.05037465818246,2.3423571033416524,2007,0.7,-297_9
0,238.02182570973795,704.4559292461098,3266.027230287034,1602.200410108975,0.8264166666666667,27.304200355932156,1.4302247776237875,1.3340165089630374,-73.9695262826117,2.315407644818067,2022,-0.8,-296_9
1,219.92435686674708,0.0,28154.50875402247,686.3786585985758,0.7221166666666667,25.549639365054134,0.5650994977292519,0.6731028571679736,-75.12835299912588,0.6714906748793423,2021,-0.9,-301_2
0,766.6206722843037,0.0,8550.791646767875,493.8525703774946,0.6041166666666667,26.25682725030612,1.0684390142723297,1.659848092672658,-73.65960750959047,2.2929497627150788,2008,-1.6,-295_9
1,162.74250358681095,0.0,34867.557857462976,2523.225533942188,0.7366833333333334,25.9897785915818,0.770938251813409,0.7361935211953522,-74.49953230024222,1.488957583428107,2013,-0.3,-298_5
1,1746.6653292211631,0.0,796.0656130937424,1394.6693245705987,0.76415,26.58391682028588,1.234275877982977,1.5408286227689534,-73.46646972350477,2.0414214831616126,2022,-0.8,-294_8
1,1080.848781421978,0.0,23989.727797946573,880.3848265546304,0.58365,24.782340692997707,0.8381986757898754,0.9944237305778686,-74.31537766699772,2.131253011573565,2001,-0.7,-298_8
0,276.0558258246812,0.0,44448.98745604487,5939.301144606093,0.7300666666666668,26.14132334179118,0.8489984016777212,0.925848679945944,-74.59834698149537,0.7343727447677089,2004,0.4,-299_2
0,6161.2615337285215,0.0,33444.926112419525,141.09236139410132,0.6748833333333334,26.5987997539022,1.1598466208086335,1.3713482199226548,-74.25698717352995,1.5428565004752783,2004,0.4,-298_6
0,188.13328741284528,0.0,13412.10626502666,470.08697526527845,0.7297333333333333,26.392118164211468,1.0369005923040746,1.379257874228205,-72.55917128654406,2.2390508456679075,2004,0.4,-291_8
0,2272.961010643234,0.0,21032.926755035103,384.2974193481169,0.6295166666666667,26.40976893088242,0.8605868982283326,0.8784720016064348,-74.27046190279174,1.3542102908101787,2020,0.6,-298_5
1,4765.045700263716,3592.5571150644214,36410.60948764742,2075.899143355615,0.4424333333333333,26.011314205574703,1.0670608393088437,1.7107927176113584,-74.11325672807082,1.843792120655318,2008,-1.6,-297_7
0,7641.695567574246,1113.985174385189,17078.563096906706,1431.4636254833756,0.5855333333333334,25.707621556724973,0.7965653373876442,0.9574775331334132,-73.90215263630274,1.9066741905436844,2019,0.9,-296_7
1,284.06685720138825,0.0,39767.71853186225,1457.8303376982033,0.7358333333333333,25.375354432742316,0.6267466410097748,0.8610177816993979,-75.00708043576975,1.0847157055743222,2009,-0.8,-301_4
0,204.25664339000204,498.1614321683284,28573.110038294777,1230.8278185344152,0.7543500000000001,27.051559147588197,1.2975895295346704,1.029802937965608,-74.40970077183027,2.095320400208784,2007,0.7,-298_8
0,296.49876555553374,0.0,17392.09495327379,1670.8552430515872,0.6771,25.93153697914255,0.8856024496474234,0.9523015469021024,-74.7196195448515,1.6012469939430471,2008,-1.6,-299_6
0,1270.9256116065865,498.31128887975234,45961.83916584157,7414.996667354426,0.8527166666666667,25.88353886792305,0.7121802827725293,0.917856999303674,-74.60733013433656,0.5771675700467925,2018,-0.8,-299_2
0,769.7363346514977,1114.2647169209838,9638.174631120626,7124.859628358259,0.7778333333333334,25.89619483415493,0.7231821544225846,1.022363788135624,-74.07732411670604,0.5008107708966333,2018,-0.8,-297_2
1,285.4881326050943,0.0,42428.4381439558,443.4628507450629,0.7350333333333333,26.27082517301181,1.102105576380888,1.1868589539540118,-74.5399564880276,1.4215839371191428,2004,0.4,-299_5
0,1308.878357639297,0.0,13369.187607805145,2120.569605995389,0.7491333333333333,25.62777080632543,1.13430757110276,0.879570138762376,-74.89029944883421,1.7898932036081467,2004,0.4,-300_7
0,2224.5519180707533,1114.2720788142367,26391.62429370481,4296.059189531105,0.8156,26.277823284742965,0.7737823098487876,0.8110023094463027,-74.20308825648277,0.4019960896434859,2007,0.7,-297_1
0,48.821659930822456,498.1170325586147,4902.023913493324,715.2599631788086,0.8019833333333334,26.40125996480401,1.091067735259827,1.4001557861201803,-73.06222784565098,2.3648149854446405,2004,0.4,-293_9
0,214.7608231833995,1113.886179946138,551.8330357578716,4620.847005121671,0.8478666666666667,26.419711667845547,0.7174417098896985,0.8513549779589736,-72.04713157459592,2.198626657882529,2010,1.5,-289_8
0,222.1844294662995,0.0,43572.93307741921,2562.24556720447,0.7841166666666667,25.683901832852086,0.6017810346795733,0.6339677372446623,-75.15530245764947,0.8781031902268323,2021,-0.9,-301_3
1,4262.582745759226,4700.081392247373,31977.784208521764,6540.090190128841,0.552,25.74414744174487,0.890998252165352,1.8674031638168325,-74.05486623460305,1.7719268979257563,2009,-0.8,-297_7
0,1558.93564841107,0.0,33943.881994192205,315.4105485869936,0.6516166666666667,26.602761947137765,1.185556439863806,1.3952934638495575,-74.31537766699772,1.5608228061576688,2004,0.4,-298_6
0,189.3915612402437,0.0,17944.730270613254,733.0816474750485,0.6659833333333334,24.915770388748285,0.7220339463497849,1.1314124930632947,-72.49628921665568,2.2480339985091025,2001,-0.7,-290_8
0,1210.5118353170824,0.0,23015.6228851774,1056.7679479868757,0.54105,27.38395289759489,1.3633690651307304,1.1668099151728957,-74.46359968887744,1.6012469939430471,2022,-0.8,-298_6
1,156.7273957154771,0.0,33916.28340756148,639.1309678199746,0.7449166666666668,26.22835844638593,0.92577823602621,0.8296564085019767,-74.52648175876581,1.4979407362693022,2014,-0.3,-299_5
0,644.3639477145408,498.0952939699391,13193.266514374332,2078.231527382817,0.8713166666666666,25.84302504310477,0.952674003360096,0.9124444530105826,-74.1536809158562,2.486087548800776,2013,-0.3,-297_9
1,3765.183760281219,0.0,12119.191390604292,4280.199269361673,0.7599833333333333,26.958029044718216,1.4011434888030423,1.2754173637445598,-74.06834096386486,2.508545430903764,2022,-0.8,-297_10
1,5831.967929896148,3341.9682519250537,28707.81338638495,1673.017042629009,0.4757166666666667,25.61249389091762,0.903698540265916,1.808370935872589,-74.06384938744425,1.893199461281892,2009,-0.8,-297_7
0,281.3648559159305,0.0,42112.90437169694,417.0386804958207,0.7038333333333333,25.603193730033524,0.6325386481582731,0.6794273321831147,-75.07894565849931,1.0038673300035654,2021,-0.9,-301_4
1,300.87493001094987,0.0,20667.33012545693,1844.5036261375576,0.6668833333333334,27.21488850691719,1.43424469519933,1.132223891256245,-74.21656298574457,2.1087951294705767,2007,0.7,-297_8
1,292.12885084497026,0.0,2448.6823577280443,1501.5725426341469,0.6728666666666667,26.41994169831884,1.0556702517019545,0.8013894606762547,-74.30639451415652,2.378289714706433,2020,0.6,-298_9
0,5966.353097871303,0.0,31321.867225386897,572.9346940700515,0.5678166666666667,25.50783321652653,1.0867500500548528,0.9882167124405172,-74.63427959286015,2.2255761164061147,2004,0.4,-299_8
0,375.58906926814376,704.4269834411514,15266.573365140588,5791.227893415581,0.8205333333333334,26.32005017964701,0.9313958070364482,1.2720276486177948,-72.20882832573744,2.432188631753605,2018,-0.8,-289_9
1,71.87413833051458,0.0,6099.603978500589,846.82667647287,0.671,26.36517469261588,1.0399423638838023,1.4792670699936126,-73.54731809907553,2.2929497627150788,2018,-0.8,-295_9
0,1885.4149625079783,0.0,20433.296170436424,1203.7077235295867,0.6888833333333333,25.87464738846808,0.8462617495529928,1.097000883225656,-74.38275131330668,2.230067692826712,2002,-0.1,-298_8
1,226.92696431986897,0.0,23936.0271257318,4119.601201740423,0.7974,25.83400701038425,0.7330098054589477,1.0080182643814153,-74.27495347921234,0.6849654041411352,2018,-0.8,-298_2
1,4683.932277087286,7133.443494817213,22452.91928848609,248.94290366411573,0.4447666666666667,27.05884564420586,1.0642685264706082,1.1740180278454195,-74.04139150534127,1.6641290638314137,2016,2.6,-297_6
0,272.673750965865,498.1316655764819,7885.903392885644,2284.6096888406887,0.8568333333333334,27.491846607235573,1.37503540105586,1.516996621743446,-73.55630125191672,2.279475033453286,2007,0.7,-295_9
1,4550.594943300242,2113.723417928656,13737.53670516693,833.5343696992371,0.5788,26.4698044675348,0.8768190859710483,1.0124878886392632,-73.81232110789078,1.7584521686639634,2010,1.5,-296_7
1,32.00524865522751,0.0,54818.27325459393,171.27832380326706,0.7850333333333334,26.56207686002847,0.9151593184630382,0.7746180919424678,-74.81394264968405,0.9993757535829676,2022,-0.8,-300_3
0,155.08110123213228,498.1435849732485,3951.753125850349,2815.704169331227,0.8506333333333335,26.435654807406024,0.8058447632085083,0.7220473737487744,-72.16840413795207,2.2076098107237243,2020,0.6,-289_8
1,548.8070533150901,2113.75508574196,36374.90580225418,346.5927206738738,0.6662666666666667,26.092945629330814,0.9050413497495828,0.9782256690162248,-74.167155645118,1.7000616751961946,2003,0.9,-297_6
0,946.0848157053616,1575.120828698548,2269.8745188989424,4101.683190726572,0.8241666666666666,25.158451337935787,1.0492590584212065,0.979796861467318,-73.90664421272334,2.4771043959595804,2020,0.6,-296_9
1,221.73667893581765,0.0,26148.22971285658,767.4096012384551,0.6891333333333334,26.507473028469175,1.2371028964857729,1.0930685031325107,-74.1761387979592,2.000997295376234,2014,-0.3,-297_8
1,5422.100066469698,1575.5381025224367,31104.34914786544,2354.791492809476,0.4225333333333333,26.64295622646813,1.173916341051618,1.4894373872710975,-74.1536809158562,1.6012469939430471,2004,0.4,-297_6
0,279.45038062514294,704.6755459074766,28025.35522435309,1220.0393160901092,0.7598666666666667,25.624246510028627,0.6143040132702952,0.6862768910771484,-74.57588909939238,1.075732552733127,2013,-0.3,-299_4
1,241.13229850382743,0.0,1907.5894225370664,363.8056106419398,0.7763833333333333,25.30398226822723,1.125792448655812,1.445460386976604,-73.94257682408812,2.378289714706433,2008,-1.6,-296_9
1,2170.6044875489724,704.5115329077304,8828.054829457686,524.9056998098093,0.5650666666666667,26.601789648473076,1.0995817552311973,1.4625856099389274,-73.94257682408812,2.072862518105796,2018,-0.8,-296_8
1,3266.9345998806584,2227.8549801322347,7579.664974788683,54.95794001551724,0.5007833333333334,27.10143182918597,1.0192166507453562,0.945703667818196,-73.92910209482632,2.0818456709469912,2010,1.5,-296_8
0,59.3228716794165,0.0,7445.076995026862,191.31579583237652,0.5861500000000001,25.889028733729333,1.0886981156393791,0.851486435845513,-74.94419836588138,1.6506543345696207,2004,0.4,-300_6
0,279.45038062514294,704.6755459074766,28025.35522435309,1220.0393160901092,0.7431166666666668,25.0376983388656,0.4775449412543411,0.6839179099351246,-74.57588909939238,1.075732552733127,2015,0.7,-299_4
0,197.9053093095065,0.0,26512.346694821324,8643.888333209166,0.7462833333333333,26.440250752408645,0.7370149901314863,0.515720815781621,-74.40970077183027,0.7658137797118921,2016,2.6,-298_3
1,3243.1387726381176,1992.7521797754985,25213.41452276736,1504.5501144586942,0.5667833333333333,26.298309022495403,1.153680757830616,1.7334045371955502,-74.04139150534127,1.91565734338488,2004,0.4,-297_7
0,1219.123294599208,0.0,23846.866155680476,2331.702326499907,0.7918166666666667,25.86132213281968,0.7748943357321721,1.2975466985965287,-74.3378355491007,1.3317524087071906,2011,-1.3,-298_5
1,23.320793234551605,1575.021428425658,29702.709333394298,262.3830119709625,0.5234166666666668,26.361095014936893,1.053390290094472,1.409576984999925,-72.0965389152225,2.643292723521692,2004,0.4,-289_10
0,3846.4736665540327,0.0,10692.68271156449,4308.138299276416,0.8492500000000001,25.543819292130024,0.6222400757200547,0.6747810059220701,-74.25698717352995,1.237429303874641,2019,0.9,-298_4
0,4232.51665320637,996.4902784272408,17870.35445350165,624.587795722599,0.6484833333333333,26.50035251362368,1.1108627715288522,1.4855050616256562,-74.10427357522963,1.4575165484839236,2004,0.4,-297_5
1,281.3407441881878,0.0,27984.50253553593,851.6748958874742,0.6978333333333333,26.34081612878498,0.8377105981784766,0.5621180133214488,-75.22267610395843,1.0128504828447604,2007,0.7,-301_4
0,295.0259213103299,0.0,20391.756691388928,1135.5135458511695,0.52415,26.32438030052481,0.8805715412666619,0.8641723250931047,-74.80046792042226,1.4844660070075093,2018,-0.8,-300_5
0,1104.065052761296,0.0,2220.7288152223723,59.74445663617597,0.6240333333333333,26.22359969799521,1.0520027049062657,1.3550965691772403,-72.6669691206384,2.418713902491812,2004,0.4,-291_9
1,9418.26066180454,1114.0181705766745,20524.081185438983,1354.4628847411625,0.6770833333333334,24.698090707248696,0.7543162968911362,1.4939991196995646,-73.87969475419975,1.798876356449342,2001,-0.7,-296_7
0,190.3401243061284,0.0,28938.392514139192,1093.3981862808885,0.7481166666666668,25.318012736750745,0.9422598254598652,0.968424468022742,-74.55343121728939,2.2121013871443216,2018,-0.8,-299_8
0,828.9246830028678,0.0,5949.002032581922,243.60480631437787,0.6768000000000001,27.10540090596072,1.149167555252611,0.7892758193277611,-74.56690594655119,1.7898932036081467,2007,0.7,-299_7
1,1129.951683504324,2053.476838194188,44370.449440098935,2140.5688824441686,0.5768833333333333,27.260708391007825,1.0820096165136832,1.1836418258500063,-72.16840413795207,2.7645652868778274,2020,0.6,-289_11
1,397.4929209237244,0.0,28960.43711590534,75.41985314618337,0.7209333333333333,27.46103476027741,1.3346066650146546,1.425185799899566,-72.38849138256134,2.6388011471010944,2007,0.7,-290_10
0,4227.210564433523,704.5842080617476,18514.03044009401,4355.420703108476,0.8370000000000001,25.314109997961797,0.5853806693357978,1.1333402782343376,-73.95155997692932,1.704553251616792,2015,0.7,-296_6
0,1267.933243307457,3031.184097221744,8847.43966737089,7973.306828007436,0.8186666666666668,26.011925147145007,0.6549636065138396,0.8571990034185987,-74.61182171075716,0.0022457882102988,2018,-0.8,-299_0
0,348.2231942254376,0.0,35636.70995174593,274.5603648429017,0.7784166666666668,26.045983170078102,1.0021318339318075,1.285917912329388,-74.39622604256847,1.5024323126898995,2008,-1.6,-298_6
1,703.5889419253339,498.17901212817065,31485.75816589535,1125.476778187921,0.71655,25.998867514581548,1.0083699895706246,0.8578923276479745,-74.22554613858577,1.978539413273246,2003,0.9,-297_7
1,2681.674658516397,4700.059053817835,34771.4632608193,4739.403135944344,0.45985,26.313790090869983,1.15631523405752,1.6735861425384269,-74.07283254028545,1.7898932036081467,2004,0.4,-297_7
0,427.2822273793667,0.0,34589.351287836216,1795.3549632819452,0.7517,27.049088197943547,0.98861593377529,1.010348239421554,-72.00221581038996,2.6837169113070707,2010,1.5,-289_10
0,575.6027892451375,996.2542032533664,22685.067813968104,3800.07230496744,0.8445333333333335,23.153552883102464,1.0103032193302113,0.3800344958645567,-74.89029944883421,2.3064244919768715,2004,0.4,-300_9
0,2531.2781171526585,498.287693004754,20092.170978439997,5997.20784522478,0.7908666666666667,25.98018355318294,0.8242758588156641,1.0611976552619966,-74.49054914740103,0.9859010243211748,2018,-0.8,-298_3
0,2392.915418048794,0.0,31048.064729795817,475.2892758614264,0.6719166666666667,24.190564111288666,0.9310441796927263,0.725252642759331,-74.66572062780433,2.2525255749297,2018,-0.8,-299_9
1,55.65333969324701,1113.6664180197768,43764.04752591459,3388.2105508722225,0.8324666666666667,26.05640945458987,0.8915864855189458,1.2675367611442545,-71.88992639987501,2.737615828354242,2021,-0.9,-288_10
0,7027.23152127258,498.2738014886996,10330.39881744498,9271.967180281204,0.8247666666666666,26.300431830322736,0.9184918555421524,1.1717014023587808,-74.36478500762429,1.1610725047244816,2018,-0.8,-298_4
0,165.5295860035992,0.0,18092.727547255672,2936.2417258852847,0.7428,22.833050475533184,1.216575545247557,0.694447307751955,-74.95767309514318,2.1357445879941626,2007,0.7,-300_8
1,1647.5378771715095,0.0,6632.67407087146,2851.4377986858744,0.6068666666666668,26.869382496339146,1.4247004775302488,1.2905307860867847,-73.99647574113528,2.4995622780625686,2022,-0.8,-296_9
0,5022.054267903255,0.0,20179.958699435203,7887.308729267705,0.79905,26.92563463163208,0.9308918375770272,0.7423695818570973,-74.42317550109206,1.2284461510334457,2016,2.6,-298_4
0,770.0335146683358,498.3182811968672,13995.899376470104,6697.877465973539,0.7834833333333333,25.913021379803865,0.7107003523676512,1.0044969833666142,-74.06834096386486,0.3795382075404978,2018,-0.8,-297_1
1,283.402179632134,0.0,6513.755567407876,351.980247859271,0.7709833333333334,26.435654807406024,0.8058447632085083,0.7220473737487744,-72.24476093710221,2.1582024700971503,2020,0.6,-289_8
1,289.02968845246966,0.0,7340.132037361412,877.7464724811259,0.7766666666666667,26.38222531510576,1.0349738080418247,1.4181373719330983,-73.34070558372804,2.261508727770896,2018,-0.8,-294_9
1,316.3632283385218,0.0,19460.08000197936,3534.9561943433528,0.7052833333333334,25.677488237079217,0.570915190629424,0.743770567950202,-75.19572664543485,0.6220833342527686,2006,-0.9,-301_2
1,2784.912598177925,0.0,17626.554355683944,6614.311434366771,0.7269,26.451523766984963,0.8298093586825783,0.8514544238428837,-74.31088609057711,1.282345068080617,2020,0.6,-298_5
0,146.56750197242437,1575.0866543622292,743.6027951491102,2410.6214945811207,0.7758166666666667,24.94089802816717,0.8203799104994737,1.2069738179087972,-72.81519114251812,2.535494889427349,2001,-0.7,-292_10
0,154.73002537525826,996.3002183077148,8533.655721942963,2489.075697333566,0.6396666666666667,27.14955597163106,1.032097381563012,0.9011253529702328,-73.93359367124692,2.1671856229383457,2010,1.5,-296_8
1,8763.933050454787,1575.46714302457,29066.468136277,5049.283209277878,0.5803,26.544828700482128,1.134194481503518,1.4931265058177867,-74.01444204681768,1.7809100507669515,2014,-0.3,-297_7
0,676.910891429876,0.0,10906.948343384976,266.95495777035995,0.7192833333333334,26.00448113337461,1.1245964566923403,0.750600805593844,-74.88131629599302,1.9965057189556368,2006,-0.9,-300_7
1,289.8288841262131,0.0,32274.241581707447,1022.4318126224696,0.6861166666666667,26.00039881058251,0.8065159376804855,1.1313243475055872,-74.63877116928074,1.475482854166314,2009,-0.8,-299_5
1,3944.053363404887,2054.3484330500023,13697.774963024482,2969.3898861172847,0.4911,25.841608183626875,0.7911405670049388,1.4106448302154766,-74.167155645118,1.385651325754362,2011,-1.3,-297_5
0,5966.353097871303,0.0,31321.867225386897,572.9346940700515,0.6604,25.318012736750745,0.9422598254598652,0.968424468022742,-74.63427959286015,2.2255761164061147,2018,-0.8,-299_8
0,4224.911769047545,0.0,13960.291753420814,1583.9896118754104,0.8432333333333334,25.967850919412,0.9448334603138502,1.9027022341203417,-73.85723687209676,1.9291320726466723,2011,-1.3,-296_7
1,2295.4105828098573,1409.08316823387,19738.5263006099,2030.7806802216069,0.5372833333333333,25.733643454548314,0.7712114449717209,1.5140176208279292,-73.98749258829409,1.9291320726466723,2005,0.6,-296_7
1,175.60767842615357,0.0,24823.36966933778,323.4968316730521,0.6554333333333333,25.6957390936106,0.7350035807404929,1.0072585060718935,-74.7286026976927,1.4799744305869118,2009,-0.8,-299_5
0,34.021167322637694,0.0,21643.199574747327,755.0866784281591,0.675,25.15540852856776,0.6258255909666421,0.7657924560314116,-74.36927658404488,1.659637487410816,2015,0.7,-298_6
1,292.12885084497026,0.0,2448.6823577280443,1501.5725426341469,0.7778166666666667,25.89314332025458,0.9876732492535132,1.1855785361529596,-74.30639451415652,2.378289714706433,2006,-0.9,-298_9
1,286.07932292302144,0.0,8691.224267290962,257.9259174933198,0.6777833333333333,26.531824548880536,0.992407248648299,1.153577532319601,-72.2717103956258,2.1492193172559557,2022,-0.8,-290_8
0,2933.0532563580973,0.0,23405.949934932814,1482.3038730578348,0.6827166666666667,27.00570258776833,1.4303575195045628,0.7060111011954572,-74.67470378064553,2.131253011573565,2007,0.7,-299_8
1,278.33338861383083,498.28703449919306,32741.486120973157,1021.9187683805216,0.8138500000000001,26.029756225833975,0.8169670179503496,1.0130906277943037,-74.61182171075716,0.99488417716237,2018,-0.8,-299_3
0,165.60633366312868,0.0,627.1505456601793,438.7876021361313,0.6846166666666668,26.817314812200777,1.2013732670621475,1.305514122947499,-72.78824168399453,2.3333739505004574,2007,0.7,-292_9
1,729.402723319715,0.0,4108.107044338442,5092.823357150133,0.8406666666666667,25.09871099172221,0.6591150230223385,1.4059011817656994,-73.50240233486956,2.0818456709469912,2017,-0.2,-295_8
0,3074.4447509752977,1796.0636342081534,10.41539753793814,2509.861373345257,0.6634166666666668,27.392784650326973,1.385707620011295,1.5855839645463785,-73.82130426073198,2.2390508456679075,2022,-0.8,-296_8
1,419.3519187323348,1113.6664180197768,39940.0224647638,1420.9277297538445,0.5232833333333333,26.548818838907664,0.9354615863970964,1.2908145396813735,-72.05611472743712,2.737615828354242,2013,-0.3,-289_10
0,1009.4479537948032,2540.43168083694,3773.533724037291,3056.481169191344,0.8489333333333334,25.93818188314248,0.8235131357366994,1.1645261529844937,-73.74045588516123,1.6776037930932064,2013,-0.3,-295_6
0,184.8250205303922,498.13767236076416,18153.11374621999,1324.116150018343,0.6942666666666667,25.72693031372563,0.9517448735349864,1.3868594796080604,-72.95892158797724,2.243542422088505,2018,-0.8,-292_8
1,217.06908301327917,0.0,22593.35373042796,441.9934105509589,0.7430833333333333,26.350506378843814,1.0854293617066004,1.371708528127369,-74.31088609057711,1.718027980878585,2018,-0.8,-298_6
0,1343.5456283700507,498.1293914486476,22369.6988115178,400.7001549693287,0.6962833333333334,26.0812699240779,1.2849424378598562,0.86802607041488,-74.58936382865417,2.2929497627150788,2007,0.7,-299_9
1,2074.9573966639355,1409.1934750061826,33918.92665704503,1635.3251425056353,0.7685333333333333,27.30018178624374,1.3379429328453494,1.5162431128421507,-74.17164722153859,1.6326880288872303,2022,-0.8,-297_6
0,214.9205621034812,704.5286988476765,24301.44182701325,1351.4342125906503,0.8210333333333334,24.49907475147745,0.8099785730450727,1.221625802635729,-74.12673145733262,1.992014142535039,2001,-0.7,-297_7
1,9213.085057229331,2682.9110326984382,18006.878922411765,1618.0501652660969,0.5455166666666668,25.87925929285336,0.9793049576202072,1.7382726388265273,-73.798846378629,1.798876356449342,2008,-1.6,-296_7
1,1010.7405242587936,498.2489494469607,25863.381523606065,429.71343558778153,0.5557333333333333,27.144017260464068,1.2572746218031676,1.3132876886925986,-74.27944505563293,1.4215839371191428,2022,-0.8,-298_5
0,225.1115849094774,498.1066966524341,3267.690396891825,7841.905178997504,0.8322333333333334,26.596664828473934,1.1101832108719412,1.500337532982919,-73.6057085925433,2.4232054789124096,2004,0.4,-295_9
1,895.3684178861016,0.0,24972.057492552365,128.02811243206224,0.6833,26.21859591533388,0.9767782712383254,0.9100231550534096,-74.37376816046549,1.6192132996254376,2014,-0.3,-298_6
0,1054.1204958679891,498.2218538211667,31038.95445864531,356.135654721286,0.8143,25.859859032345295,0.782951450882825,1.1979419924365724,-74.25698717352995,1.659637487410816,2005,0.6,-298_6
0,1727.6149017853938,5006.206675842499,7468.305754482134,7476.586042494702,0.8574166666666666,26.13734142378672,0.8921848070117244,1.203891207137536,-72.15942098511087,2.2525255749297,2018,-0.8,-289_9
0,2721.640294950326,0.0,34240.72293144794,264.9897588937108,0.8735666666666666,25.70722592007604,0.6841911851065942,1.05035279769812,-74.3602934312037,1.4350586663809357,2005,0.6,-298_5
0,265.99256812572,0.0,48159.444884893295,4560.309041980837,0.8322,25.14802055573745,0.4294278737246229,0.5399788815744792,-74.59385540507476,0.6759822512999399,2015,0.7,-299_2
0,541.665820992694,0.0,14954.694367975191,4001.050865953932,0.73295,21.17865615781551,0.7639864136853033,0.3005092617378843,-74.87682471957243,2.468121243118385,2004,0.4,-300_9
1,7.017824359203959,498.0759229274188,24681.39044404224,1031.7962327764976,0.6841666666666667,25.626253932204804,0.7684082560711013,1.4677909880308018,-72.13247152658728,2.5893938064745208,2011,-1.3,-289_10
1,1378.434798772546,0.0,5408.507809160872,2693.9856962220624,0.80635,26.13560839832229,0.9699756419012668,1.287209052412607,-73.32723085446625,2.243542422088505,2021,-0.9,-294_8
0,575.6027892451375,996.2542032533664,22685.067813968104,3800.07230496744,0.8848166666666667,23.39731933751966,0.9689064751452792,0.4375297318278077,-74.89029944883421,2.3064244919768715,2006,-0.9,-300_9
0,208.12053491866783,0.0,9780.140421443097,1228.5286578944222,0.8165,25.718194811049955,0.9204717906816652,1.2804167600114396,-74.42766707751265,1.8797247320200987,2006,-0.9,-298_7
1,1251.6541500676062,1992.4681302344588,3149.5007161936046,4675.218968829089,0.6373,26.230578511077454,1.363196816350517,1.3139589066062611,-73.89316948346155,2.3648149854446405,2007,0.7,-296_9
1,280.4767292566362,0.0,25577.722847353973,54.3382794942375,0.6488333333333334,26.48044742383041,1.1517270716994863,1.0219714692017543,-74.26147874995054,1.7898932036081467,2014,-0.3,-298_7
0,155.08110123240763,498.1435849732485,3951.753125850354,2815.704169331192,0.8446833333333335,26.098176073454283,0.8668200735450302,1.1419357980045632,-72.16840413795207,2.2076098107237243,2018,-0.8,-289_8
0,4502.370180083804,1114.0842301527296,31502.96906783088,1866.104621661352,0.65205,25.42946538070629,0.6137357002747835,0.9755469486761352,-74.18961352722098,1.5608228061576688,2015,0.7,-297_6
0,617.9691634952032,498.1193851628343,576.5495961345343,83.15253976354133,0.7480333333333333,25.52571855604623,0.6866125195569937,1.4770675139321494,-72.6445112385354,2.351340256182848,2009,-0.8,-291_9
0,3534.39254039792,0.0,23992.063191534595,1243.916299916748,0.6190166666666668,26.77494128779512,1.267856819528217,0.8629274313454962,-74.62080486359835,2.1447277408353576,2007,0.7,-299_8
0,700.7481088113049,0.0,37485.6243303028,1321.120931038925,0.7944833333333333,25.828590624917183,0.6670010730776643,0.9157170667610018,-74.60733013433656,1.4395502428015332,2005,0.6,-299_5
1,1047.2092975586345,0.0,39222.90488514575,1483.5858197981672,0.608,26.17527716417408,0.9774343051775456,1.210317536680467,-74.42766707751265,1.4395502428015332,2018,-0.8,-298_5
0,1426.5493064277864,0.0,16686.813992789175,1405.7298453784178,0.8698666666666667,26.859498418201557,1.2885131064041986,1.510026350871729,-73.73147273232003,1.969556260432051,2007,0.7,-295_7
1,2452.2460013704413,3341.491573758641,3296.051508531994,3338.4686279164625,0.6109833333333333,26.05386556776949,1.103205298256534,1.330869632165176,-73.88418633062035,2.34684867976225,2004,0.4,-296_9
0,211.13257200950252,0.0,27920.399261670773,8114.4519619642815,0.8461333333333334,26.29435149879868,0.8197716899568315,0.7435249304485906,-74.40970077183027,0.7478474740295017,2007,0.7,-298_2
1,1286.5380854019334,996.344725735024,12899.387522796498,2027.1543512702867,0.6114666666666667,25.592394543035937,0.8482862537213953,1.464589387608238,-73.9740178590323,2.023455177479222,2002,-0.1,-296_8
0,1008.4947989683544,0.0,11076.952476024737,8297.753901947939,0.8580000000000001,26.50697741935761,0.9583409585897936,0.88784436684744,-74.42317550109206,1.0712409763125297,2007,0.7,-298_4
1,1054.1204958679891,498.2218538211667,31038.95445864531,356.135654721286,0.5479,27.355481137902245,1.431931737729626,1.435677491485445,-74.25698717352995,1.659637487410816,2022,-0.8,-298_6
1,1710.7252632865218,0.0,7142.164089147801,282.6537373614612,0.6712,27.366433299533924,1.3796452301717448,1.54728970615281,-73.71799800305824,2.1582024700971503,2007,0.7,-295_8
1,616.8700814046409,0.0,30471.06905946768,53.942880483807045,0.5596,26.12150810796425,0.9335220089038462,0.9017191499864424,-74.40970077183027,1.5473480768958758,2014,-0.3,-298_6
0,138.06779234589027,1113.8058347396102,3830.407807392708,2281.971857545793,0.8756333333333335,26.312967882630065,0.9090965214077044,1.2495152376329763,-72.07408103311951,2.4097307496506164,2018,-0.8,-289_9
1,580.9131172751889,996.1061690402285,38325.68410710638,3702.8544116875455,0.5584833333333333,26.98200073044171,1.0146303818298823,1.0846979438412443,-72.17289571437266,2.706174793410059,2020,0.6,-289_10
0,3229.938950327454,0.0,35536.982360983064,2.325735208619601,0.5321,25.884529586846725,0.6832784559007464,0.9578180240529278,-74.83640053178704,1.3362439851277883,2011,-1.3,-300_5
0,3956.011521755115,2113.9374990760725,7291.920421513371,1815.2458515448316,0.6025,26.01435745906298,0.8901362225821726,1.2441783611000756,-74.14918933943561,1.3137861030248,2018,-0.8,-297_5
0,215.235447730377,0.0,38178.7163410065,1934.9367803088896,0.6776,26.816989518188564,1.163837877953792,1.0346516122678224,-74.58936382865417,1.2913282209218122,2022,-0.8,-299_5
1,251.0862037342182,0.0,34972.91281103664,1052.026541831773,0.77315,25.140430226206377,0.42554746263144,0.5523613172806284,-74.45012495961565,0.698440133402928,2015,0.7,-298_2
1,230.64146179082908,0.0,8839.327773809746,7675.250883134304,0.8285,26.69015437555089,1.075834495576134,0.8737579777613319,-74.05037465818246,2.3423571033416524,2020,0.6,-297_9
1,215.2491604915413,0.0,38734.65542325996,2717.5577113443974,0.79045,25.916614651033,0.8662726348178835,0.8361518501670079,-74.51749860592462,1.3676850200719717,2014,-0.3,-299_5
0,51.383608878945125,0.0,34855.11917893642,591.6821706037493,0.7646833333333334,26.319273156284797,0.9096550686039944,0.8137056485042176,-74.63427959286015,1.1071735876773103,2007,0.7,-299_4
0,42.92790799590413,0.0,24294.92534930323,439.8910755963864,0.7201500000000001,25.6351640337013,0.7380173609126559,1.4245199851893915,-72.24925251352282,2.508545430903764,2011,-1.3,-289_10
0,1278.8060391592069,704.690180150114,46935.32931423834,1792.7662284184446,0.7806166666666667,26.33062303892723,0.8317095566513815,0.7287548003710013,-74.7286026976927,0.9364936836946012,2007,0.7,-299_3
0,278.34261358433133,0.0,35175.58560085518,1049.6417480967953,0.8183833333333334,25.119699188617176,0.4808738920155527,0.7608638230431821,-75.13733615196708,0.7523390504500993,2012,-0.7,-301_3
1,4751.748107251939,3794.357134285069,24328.42737445029,140.4852532268321,0.4974,26.676312063827996,1.1815237048502627,1.5605551271802731,-74.07283254028545,1.6461627581490232,2004,0.4,-297_6
1,221.34910363436936,0.0,22478.53823970941,3253.942818930648,0.5621666666666667,27.164856187905457,1.2148724027833977,1.2471705755477982,-74.31986924341831,1.327260832286593,2022,-0.8,-298_5
1,280.71920654449383,498.1955721651889,26953.53574236832,421.2388372608572,0.6405333333333333,26.23430854284408,1.1831247018716902,1.379423307562682,-74.25249559710934,1.8617584263377085,2004,0.4,-298_7
0,735.5462093253807,0.0,1090.9496108919316,3048.147050298154,0.6933166666666667,25.99423036651933,1.077275762515575,1.651761320669614,-73.70901485021705,2.3737981382858355,2008,-1.6,-295_9
0,7142.510586770149,2490.943439492354,32360.472847199344,854.8278884200581,0.6332,25.82042701553212,0.9933807338236024,1.76382835110149,-74.11774830449143,1.911165766964282,2011,-1.3,-297_7
0,20.69809569052992,498.0707467318272,29696.991789107116,1012.865424625276,0.8350000000000001,26.84414286874545,0.9898739572978164,1.0118538247032622,-72.18637044363444,2.6163432649981067,2020,0.6,-289_10
1,162.74250358681095,0.0,34867.557857462976,2523.225533942188,0.7179666666666668,26.38192995245248,1.0052471349989676,1.1102357121491724,-74.49953230024222,1.488957583428107,2018,-0.8,-298_5
1,1265.6948920662187,5389.152177059023,15671.46270579208,1305.578253558567,0.5466,25.776182808902888,0.8237103485653274,1.723266066245072,-74.00096731755589,1.61472172320484,2011,-1.3,-297_6
0,769.0732995447883,0.0,17562.431721552402,2024.3930186854093,0.79635,25.409247384117805,0.8545854019070208,1.3681440531355709,-74.06834096386486,2.036929906741015,2002,-0.1,-297_8
1,219.0209910481303,0.0,27967.98118786719,2534.2351013375824,0.6990333333333333,27.14047181480549,1.2395772980642048,1.202124043653468,-74.40071761898908,1.3317524087071906,2022,-0.8,-298_5
0,161.67909407474505,0.0,49348.27827091269,610.5135501058209,0.7539,26.43503297922007,0.900993837213495,0.7859617944146703,-74.70165323916912,0.8197126967590634,2022,-0.8,-299_3
0,193.0331934938923,0.0,10288.229489202942,610.2609051162793,0.6296333333333334,27.04072907946386,1.1571075277720213,0.6513053458848761,-74.84089210820764,1.7584521686639634,2007,0.7,-300_7
0,141.01334417167828,0.0,4687.488447518515,31.87003766403712,0.7697833333333334,24.89274813407394,0.8069585562714251,1.1118665421934315,-73.9695262826117,2.185151928620736,2001,-0.7,-296_8
0,199.0499450689753,0.0,3701.631716068173,247.6131729357367,0.6133833333333333,26.43140737218124,1.3825943660786528,1.10771630018234,-74.3558018547831,2.5130370073243613,2022,-0.8,-298_10
0,1219.6876487388283,704.68705376926,31119.5070750748,1987.0148323059627,0.7129166666666668,26.26908827736776,0.978676160752318,1.0625867802432856,-74.58936382865417,0.9679347186387844,2004,0.4,-299_3
1,1047.2092975586345,0.0,39222.90488514575,1483.5858197981672,0.8095,26.011631107086203,0.8838221833072889,0.8943919286686075,-74.42766707751265,1.4395502428015332,2014,-0.3,-298_5
1,2256.4185150106773,0.0,16866.52378052895,954.8374197777912,0.6961833333333334,26.584334595373434,1.0857947255962863,0.9927873088995884,-74.7151279684309,1.6910785223549991,2004,0.4,-299_6
1,649.884703543607,498.29274151847727,26100.74097841576,3719.085480739145,0.8540333333333334,25.96794205097683,0.7888364844645924,1.026475935711957,-74.51300702950401,0.9140358015916132,2018,-0.8,-299_3
0,294.60061490204697,0.0,20245.91262631262,655.9923962918904,0.7086833333333333,26.445249521018184,0.7308026545498784,0.6105464104825051,-74.75555215621628,1.511415465531095,2010,1.5,-300_6
1,2295.4105828098573,1409.08316823387,19738.5263006099,2030.7806802216069,0.49525,26.338960094471474,1.2707642793830916,1.83646553231842,-73.98749258829409,1.9291320726466723,2023,-0.5,-296_7
0,830.466819709536,0.0,29334.66140391345,504.685626863998,0.65445,25.848389549948426,0.8574011003337675,0.956172227292468,-74.69716166274851,1.453024972063326,2008,-1.6,-299_5
0,2288.9730031797985,0.0,16443.289446638908,4629.806321464641,0.7816833333333333,25.91635437436554,0.7260721526859474,1.0183885506544654,-74.1626640686974,0.6131001814115734,2018,-0.8,-297_2
1,3801.511822418601,0.0,57587.99990972037,6507.758265718678,0.7408,25.91936475452991,0.727465216973325,0.8717896580672223,-74.75555215621628,0.7658137797118921,2018,-0.8,-300_3
1,103.08039882353332,0.0,26173.5148473634,2961.2265103364434,0.5832666666666667,26.69677188676013,1.1296618669051255,1.413541364029932,-72.38849138256134,2.391764443968226,2022,-0.8,-290_9
1,2537.086709682952,498.2111280621901,35038.16254780355,198.21002971492587,0.4401333333333333,26.59840033609805,1.191186936865593,1.6195808658369744,-74.12223988091202,1.7449774394021706,2004,0.4,-297_6
0,222.5655456303196,704.6957011717896,39729.28830468003,2377.1247844687555,0.7954166666666668,25.967091809061344,0.7328078341354636,0.7591232524117074,-75.20920137469665,0.8781031902268323,2018,-0.8,-301_3
1,4751.748107251939,3794.357134285069,24328.42737445029,140.4852532268321,0.51475,27.204068603750045,1.2908890617636184,1.5559468776204162,-74.07283254028545,1.6461627581490232,2022,-0.8,-297_6
1,251.1853253301092,1494.4040775088242,191.587618851353,1789.1673921337283,0.77475,27.074071744644414,1.3932754241071856,1.4535219494412075,-73.84825371925557,2.261508727770896,2007,0.7,-296_9
1,5323.971478683017,2989.3507865421216,24112.16488682428,1062.401329936086,0.6005833333333334,26.13385952261291,0.9843030727969732,1.5821872575324836,-74.07732411670604,1.6326880288872303,2008,-1.6,-297_6
0,304.98408580686095,0.0,42501.36089236427,2602.882281505928,0.7744833333333333,26.259886324277545,0.7813244694548954,0.7112963151194888,-74.48156599455983,0.6355580635145615,2007,0.7,-298_2
1,23.320793234551605,1575.021428425658,29702.709333394298,262.3830119709625,0.5127166666666667,26.737151908581552,1.1324487032915258,1.4809634685939794,-72.0965389152225,2.643292723521692,2022,-0.8,-289_10
0,80.2930174783167,0.0,21644.913431140518,2648.4134122364017,0.796,26.44415064844424,0.9536889011997398,0.8604328860346507,-74.50402387666281,1.1431061990420912,2007,0.7,-299_4
1,721.5055520238791,0.0,21521.16499761579,356.7139641332376,0.69755,26.436605981259333,1.2200723731726568,1.4196371284162204,-74.29741136131533,1.830317391393525,2004,0.4,-298_7
1,2700.8819234257635,1494.6471207696484,8460.145842201411,2588.258861146392,0.5437666666666667,26.735915891976504,1.214124592675505,1.579292144960208,-73.68655696811405,1.7090448280373898,2022,-0.8,-295_6
1,1730.645743168435,498.2315287594714,9389.436944978856,37.30990794616925,0.6219166666666667,26.44598580910741,0.9004382546866788,1.1124561571025444,-73.95605155334991,1.5787891118400592,2020,0.6,-296_6
1,786.9928422692286,498.1750445375601,9282.900411219083,820.1544906083565,0.7966833333333333,26.337701965611306,1.064973224748989,1.5643303269328863,-73.92910209482632,2.005488871796832,2018,-0.8,-296_8
1,37.08736617791436,0.0,2520.618818405696,901.1802693629852,0.6857833333333333,26.51159882390476,1.102529184742837,1.509272396332337,-73.5877422868609,2.337865526921054,2004,0.4,-295_9
1,26.33518774564197,498.21170826266217,17908.378295083134,729.9039512788595,0.7869,26.87811170320174,1.2258574471906316,1.1284963801635726,-74.3468187019419,1.740485862981573,2007,0.7,-298_6
0,1215.045576552788,0.0,19894.43527288676,180.52533389488795,0.6338,24.456299448537838,1.1436902013489163,0.6739328944433538,-74.88131629599302,2.1132867058911744,2004,0.4,-300_8
0,20.360474245020114,498.0724721363348,26586.35935446359,3863.038264384973,0.8231166666666666,25.554190945173676,0.7502530814864777,1.4308733498332364,-71.98874108112815,2.607360112156911,2011,-1.3,-288_10
1,2252.6194088244665,704.5487696036379,31644.39388596336,215.7058341749641,0.47245,27.055033026166427,1.3948129181566948,1.24490205284223,-74.21656298574457,1.893199461281892,2007,0.7,-297_7
0,121.6709597143658,0.0,109.1628230597632,1452.3648794935536,0.7561333333333333,25.74915593606613,0.9127425433647204,1.4452465437253137,-72.76129222547094,2.3019329155562738,2008,-1.6,-292_9
1,936.7551678792472,2989.1955439549283,34493.202724420924,3595.0919625488714,0.8194833333333335,25.996392137407327,0.9502275232805144,0.9730997337326855,-74.18063037437979,1.8348089678141228,2003,0.9,-297_7
1,310.81338698365084,0.0,14626.942944985864,155.85518940482254,0.7250166666666668,26.474874208502055,1.1787089983162888,1.3622237593126292,-72.99036262292142,2.2255761164061147,2007,0.7,-292_8
1,1788.797809028527,0.0,13950.855067107374,186.84119566087764,0.6462,26.18600868010111,1.1554951066046124,1.2819855362887669,-74.41868392467147,1.9246404962260748,2004,0.4,-298_7
1,208.11872989277143,0.0,20870.3654065766,329.93062381995173,0.7138333333333333,27.21488850691719,1.43424469519933,1.132223891256245,-74.20308825648277,2.095320400208784,2007,0.7,-297_8
0,5252.800506653891,6300.357331136069,6619.732872621798,7089.565174834102,0.7707833333333334,25.56850648221763,1.338724130221667,1.3155188721400404,-73.85723687209676,2.531003313006752,2007,0.7,-296_10
0,182.57612357439191,0.0,37858.01821701019,3319.850197732639,0.66735,27.3591914378614,1.352150277832071,1.152857721157846,-74.49504072382162,1.4620081249045214,2022,-0.8,-298_5
0,444.96090693855865,498.2064550715898,5040.299069905344,968.422345280918,0.7237666666666668,26.25563915109126,1.0032447126663346,1.1598598863214884,-74.45910811245685,1.7809100507669515,2018,-0.8,-298_7
1,92.30897030629302,498.12787012974894,6981.124964703469,1848.7378670486464,0.6452666666666668,26.82587791530568,0.9902413885725884,0.95117346883361,-73.08917730417457,2.3019329155562738,2016,2.6,-293_9
0,2578.260293876732,0.0,20151.427010986063,3488.2038740942767,0.6274166666666667,26.43652635116308,1.1061994489234412,0.9347326554576966,-74.78699319116046,1.8348089678141228,2004,0.4,-300_7
0,755.8945167284378,498.1763618438756,6971.572056668932,709.3533539452663,0.8587,26.165812667821285,0.9571256588483096,1.113825106802703,-73.83477898999378,1.9965057189556368,2003,0.9,-296_7
0,271.63942110052216,498.307165561564,29992.47386638307,1672.7407910546592,0.8647,25.546396003426253,0.5997107411904646,0.8789686110291869,-75.0969119641817,0.6669990984587447,2006,-0.9,-301_2
1,221.34910363436936,0.0,22478.53823970941,3253.942818930648,0.7333166666666667,25.726065673671883,0.7194669322821429,1.3209619203606502,-74.31986924341831,1.327260832286593,2017,-0.2,-298_5
0,345.23202609116066,498.11624835473896,2478.6527358076064,963.5423877992964,0.7288833333333333,26.306469935511416,1.0152435553287298,1.334342393454608,-72.6579859677972,2.3693065618652382,2018,-0.8,-291_9
0,279.79786443466134,498.2902643038493,53636.932540006346,279.2804714173058,0.8260333333333334,25.371437748969072,0.6153955790580509,0.9320066887505106,-74.97114782440497,0.949968412956394,2011,-1.3,-300_3
1,419.3519187323348,1113.6664180197768,39940.0224647638,1420.9277297538445,0.5389,25.898621566521683,0.8896722945152153,1.579389376596015,-72.05611472743712,2.737615828354242,2008,-1.6,-289_10
1,2208.4802129143727,0.0,9733.166144438152,30.49314260816441,0.5682666666666667,26.20521075817203,1.1082775889870808,1.063405328858602,-74.58936382865417,2.014472024638027,2004,0.4,-299_8
1,915.9498402543752,0.0,20858.16395063063,219.2741854313168,0.7050833333333333,25.317595656590758,0.7359593188344258,1.3265190292247162,-74.36478500762429,1.673112216672609,2017,-0.2,-298_6
0,51.383608878945125,0.0,34855.11917893642,591.6821706037493,0.6556166666666667,26.61819692046231,1.037019921185235,0.9317728212090198,-74.63427959286015,1.1071735876773103,2022,-0.8,-299_4
1,300.00459628420225,0.0,4853.724038194301,146.92581379993615,0.7585333333333334,25.54825734227853,0.7344168610643308,1.5850143068118128,-73.2329077496337,2.3064244919768715,2009,-0.8,-293_9
1,8007.783804096117,704.5592815725303,31435.957113407207,2118.966147805527,0.5711666666666667,27.15244204965057,1.3439886319657817,1.846038909991408,-74.04588308176186,1.8393005442347203,2022,-0.8,-297_7
0,96.54270554192146,0.0,42004.99611187704,1908.8165623484697,0.6552166666666668,25.578212884433185,0.6493141201967773,0.8646531932789947,-74.9172489073578,1.179038810406872,2009,-0.8,-300_4
1,4986.848438591514,498.1848458403768,15753.47671947582,4116.566415416344,0.8258666666666666,26.14970087104132,1.0359087578349613,1.625438350870643,-73.77638849652601,1.938115225487868,2018,-0.8,-296_7
0,214.2452555887844,498.1628122411387,11851.968209361394,2400.421279408386,0.7926333333333333,26.42870402655961,0.9707579263928308,1.1747162576144277,-74.02342519965887,2.086337247367589,2013,-0.3,-297_8
1,3735.235024098449,1408.9874023567422,8566.822567758403,371.33690396393246,0.6821333333333334,26.585930805382134,1.0299308381424277,1.0726967222449313,-73.83927056641437,2.153710893676553,2003,0.9,-296_8
1,768.4513312005577,498.1655723752897,16869.150975030563,1006.9505335895292,0.6944333333333333,25.65926263436137,1.4670579007568243,0.6361565960288454,-74.87682471957243,2.0683709416851985,2007,0.7,-300_8
1,905.3124685137008,0.0,7960.179963762845,6150.074107622826,0.7379,26.69015437555089,1.075834495576134,0.8737579777613319,-74.08630726954723,2.3423571033416524,2020,0.6,-297_9
1,1252.4753082859188,0.0,7459.363584996108,622.9294941300212,0.68705,24.77464151275018,0.7858595586404444,0.9954823458908266,-74.54444806444819,1.8976910377024887,2001,-0.7,-299_7
1,573.3883100788644,3591.544105604162,33974.87104400494,433.9706706829044,0.5250666666666667,25.94277890513513,0.7987873946193959,1.3530595278190385,-72.06509788027832,2.6837169113070707,2002,-0.1,-289_10
1,212.2930157025862,0.0,33653.98645574762,285.52568157379113,0.76475,25.996548663049964,0.7119111127766943,0.7682147885550101,-75.19123506901425,0.7658137797118921,2018,-0.8,-301_3
1,983.9200843060598,498.2783170578467,17635.840690918503,1938.6408464112928,0.7951166666666667,25.812271206939272,0.7862561594456655,1.161623657219298,-74.47707441813924,1.1071735876773103,2006,-0.9,-298_4
1,1210.6155882097194,0.0,17829.177095589006,415.3916356874108,0.8091333333333334,24.60206334274733,0.772106552999062,1.0556210002029396,-74.43665023035385,1.659637487410816,2001,-0.7,-298_6
1,9075.168608535105,2054.135660685535,30934.373897914164,1801.1884000203877,0.5790333333333333,26.544828700482128,1.134194481503518,1.4931265058177867,-74.01444204681768,1.82133423855233,2014,-0.3,-297_7
1,82.54943224026132,0.0,4305.05055844206,719.0013138914202,0.7570833333333333,25.51335682739557,0.7171221988728584,1.5707709032174997,-73.32723085446625,2.2929497627150788,2009,-0.8,-294_9
0,2248.657520563257,1993.0198192692412,14808.9699154154,68.35933924291587,0.6294666666666667,25.91092001094131,0.7490900937880149,0.9017316337292136,-74.19859668006218,1.363193443651374,2003,0.9,-297_5
1,19.59580138356863,0.0,16428.363075858135,1083.7272689405515,0.6265666666666667,26.447337547389964,1.1064232349174417,1.078835849041476,-74.60283855791596,1.6865869459344016,2004,0.4,-299_6
1,158.0938342312757,0.0,27220.16296062284,1374.3830821293789,0.6915333333333333,25.760558590202947,0.7439196454036261,0.8981604560500075,-75.02504674145214,1.2688703388188245,2011,-1.3,-301_5
0,26.90371434420681,0.0,40815.282012831616,493.86573976159394,0.7790833333333333,25.96127987459755,0.7704577551900528,0.8306196293143836,-75.07894565849931,1.017342059265358,2018,-0.8,-301_4
1,727.2131536445911,498.3055820728883,25441.79425324187,180.49820825806543,0.5436,26.0493065259908,0.7648846247812583,0.7821255132954953,-75.22267610395843,0.698440133402928,2004,0.4,-301_2
0,389.9894393080528,498.08528699912426,27883.427685020888,633.3458937506025,0.7929166666666667,25.635248945385623,0.757790842500533,1.4518331794363943,-72.2627272427846,2.539986465847947,2011,-1.3,-290_10
0,181.95203018512296,0.0,12710.216420497502,97.80846767248184,0.7093666666666667,26.05960126091628,0.9505691337666606,1.3638775856022896,-72.83315744820051,2.194135081461931,2018,-0.8,-292_8
1,460.7377379007275,498.0750759172757,26172.29489536045,535.6645053101422,0.6327333333333334,25.762705849664144,0.7751024971510773,1.53805255132377,-72.39747453540254,2.5938853828951185,2012,-0.7,-290_10
0,5847.871952342049,498.2262130548733,4550.162889431276,1065.1957364128968,0.7753333333333333,26.206852451105703,0.7697573500175084,0.958724774770313,-73.85274529567616,1.623704876046035,2010,1.5,-296_6
0,1275.443219012937,498.10751224007856,10697.487468818505,2161.4871388485,0.8613000000000001,26.324187492396103,1.192785410654892,1.3397696782243764,-74.144697763015,2.418713902491812,2008,-1.6,-297_9
0,221.951801714576,0.0,21619.134258537044,1467.7348778907954,0.8318333333333334,25.998867514581548,1.0083699895706246,0.8578923276479745,-74.167155645118,2.0459130595822104,2003,0.9,-297_8
0,8761.582975102217,1494.8048001745915,6295.998785653126,4719.535115718545,0.6376000000000001,26.048191468189543,0.8720233362136524,1.2062630624602395,-74.1626640686974,1.2239545746128482,2018,-0.8,-297_4
0,233.53628131076823,0.0,15590.05600978719,1643.075559457525,0.7846000000000001,27.14610351092745,1.3292682506892348,1.495591318018496,-73.5877422868609,2.153710893676553,2007,0.7,-295_8
0,759.0609183496065,0.0,33113.477620964855,1941.7995071785203,0.7485,26.373034508144087,0.8737214416419992,0.8715602146224523,-74.78699319116046,1.3676850200719717,2018,-0.8,-300_5
1,414.0433798687792,498.1565234692807,7366.172238286528,297.4920891424314,0.7824166666666668,26.37927572008164,1.0811519980843165,1.4024182337811688,-74.04588308176186,2.126761435152967,2018,-0.8,-297_8
1,209.2896711318824,0.0,12679.917335807027,33.09959811738932,0.6776,26.25390482134412,1.022693107184939,1.1193498565817437,-74.30190293773593,2.261508727770896,2018,-0.8,-298_9
0,85.17052382370774,996.1467010435762,26659.20306318407,5849.183622985086,0.8544166666666666,26.750042902794632,0.8925925458833116,0.9604488540418998,-71.97077477544576,2.602868535736313,2010,1.5,-288_10
0,244.549679224203,498.1696655006204,2141.607167933106,513.9056685333247,0.6782166666666667,26.23812206124751,1.0491082647520396,1.5716699476024063,-73.84376214283498,2.0414214831616126,2018,-0.8,-296_8
0,3246.988404200856,4015.960550182857,4045.7919224167263,4705.470202710654,0.6890166666666667,25.30398226822723,1.125792448655812,1.445460386976604,-73.87520317777916,2.355831832603445,2008,-1.6,-296_9
0,2.179260756184092,0.0,35195.81656070399,1929.7417131389604,0.6951,26.19972756673053,0.9308480029154064,0.8557980794077477,-75.11936984628468,1.053274670630139,2004,0.4,-301_4
0,4299.981049018709,0.0,24963.06623685333,2247.595276788805,0.7036666666666668,27.00570258776833,1.4303575195045628,0.7060111011954572,-74.70614481558971,2.1357445879941626,2007,0.7,-299_8
1,5963.44151379831,498.2645507157819,17440.242923807626,9737.06554046721,0.7308833333333333,27.164856187905457,1.2148724027833977,1.2471705755477982,-74.33334397268011,1.2643787623982266,2022,-0.8,-298_5
0,799.8567009802915,498.1572291957631,4916.514781161241,3989.051852274256,0.8650833333333334,26.31237687117249,1.1299643695714268,1.3602289056898351,-73.0218036578656,2.12226985873237,2007,0.7,-293_8
0,123.52689856657692,0.0,11413.344417357295,476.0297147987624,0.7218333333333333,26.15237860491635,1.0125979327877423,1.3676057893451004,-73.0218036578656,2.266000304191493,2018,-0.8,-293_9
1,3677.409365717904,0.0,14310.766851724378,5354.90308918298,0.67155,27.164856187905457,1.2148724027833977,1.2471705755477982,-74.27944505563293,1.2643787623982266,2022,-0.8,-298_5
1,163.65142016562984,0.0,49188.09085788112,2085.835498523899,0.7525833333333334,25.90478350883012,0.711942933767639,0.9532584889100956,-74.5399564880276,0.5816591464673901,2018,-0.8,-299_2
1,310.32749380583186,498.1301599481806,7280.8581628140255,194.79643127514075,0.7722666666666668,26.763734991734797,1.184952800347236,1.380494062557747,-73.07121099849218,2.288458186294481,2014,-0.3,-293_9
0,283.224263880594,0.0,54729.994476062086,3848.314491644732,0.7281666666666667,26.17434032296626,0.803924013876463,0.8919417176467835,-74.82741737894584,1.1026820112567126,2018,-0.8,-300_4
1,367.31605788862447,498.2563032717198,41474.403281017294,2717.345864133323,0.8108333333333333,26.06878206723792,0.9161174037057296,1.073930184451272,-74.57588909939238,1.349718714389581,2018,-0.8,-299_5
0,1911.7914434501008,0.0,1235.787210767302,4065.2973613605454,0.8346166666666667,26.996965403588604,1.2471904277676191,1.3728983006922928,-73.15655095048353,2.2076098107237243,2007,0.7,-293_8
0,155.15911510073877,1408.9669531255872,24.787100135619024,1126.9725819626856,0.8340333333333334,26.11724932539238,0.8529551545289283,1.1643072765112894,-72.10552206806369,2.198626657882529,2018,-0.8,-289_8
0,5156.063946442264,0.0,34794.097674497905,2177.5062848684524,0.7246833333333333,26.602761947137765,1.185556439863806,1.3952934638495575,-74.25249559710934,1.5608228061576688,2004,0.4,-298_6
0,2942.9682353219714,0.0,12100.23433871896,388.7601699987807,0.85985,25.92151013483829,0.99119494201755,1.5599016059192998,-73.45748657066358,2.221084539985517,2008,-1.6,-294_8
1,292.1004086958193,0.0,16029.77696545502,1857.924117287828,0.68915,27.51477063687355,1.4342231637134792,1.0659483184971932,-74.33334397268011,2.243542422088505,2007,0.7,-298_8
0,4232.51665320637,996.4902784272408,17870.35445350165,624.587795722599,0.6799000000000001,25.80719510618991,0.811471655005501,1.5475972913916185,-74.10427357522963,1.4575165484839236,2011,-1.3,-297_5
1,215.235447730377,0.0,38178.7163410065,1934.9367803088896,0.76375,25.50554812304864,0.7215627698094194,1.1968483369805314,-74.58936382865417,1.2913282209218122,2017,-0.2,-299_5
1,397.6276281092527,704.3917810778318,25214.06063997223,465.5972081343992,0.6623,26.48968936467992,0.9717833792028576,1.1052917675939866,-72.19086202005505,2.5669359243715326,2003,0.9,-289_10
0,215.37141690684385,0.0,8328.575106521395,159.3923159847097,0.6333833333333333,25.84302504310477,0.952674003360096,0.9124444530105826,-74.20308825648277,2.495070701641971,2013,-0.3,-297_9
0,3656.982661492302,0.0,14229.23051496342,2418.256111967216,0.6423166666666668,27.267595986986407,1.1690403680038062,0.5057682026512799,-74.75555215621628,1.9246404962260748,2016,2.6,-300_7
1,2057.296297929407,0.0,7190.573391616812,508.8156697538818,0.6566666666666667,25.97052000321827,0.8039728945459824,1.0550140792952494,-74.58038067581298,1.7943847800287442,2012,-0.7,-299_7
0,926.316380846156,0.0,10662.461449299304,977.8133591510416,0.64725,26.35942751229635,0.9774436706012316,1.0437692158032073,-74.58936382865417,1.7449774394021706,2018,-0.8,-299_6
1,42.245740883290566,0.0,27425.57591962518,832.7606377274107,0.7267666666666668,26.322371101261524,0.9246464747869144,0.7647005500209074,-75.15081088122888,1.1161567405185056,2004,0.4,-301_4
1,53.918584594691445,2227.304214179105,44280.15802785899,172.03364983988814,0.40315,26.22436339529247,0.8650145688409142,1.4213123001365346,-71.97975792828696,2.769056863298425,2002,-0.1,-288_11
0,198.04337506933533,498.15581774179856,5586.487315355357,3548.522914244119,0.8398666666666667,25.738275799846576,0.953782882080251,1.3116198484345023,-73.0307868107068,2.131253011573565,2014,-0.3,-293_8
1,4271.078267898246,1992.7521797754985,34285.63529772879,371.7403443108551,0.5359333333333334,26.607750900253507,0.9768155624631208,0.6811591591379691,-74.19859668006218,1.91565734338488,2024,1.9,-297_7
0,1724.2622557679683,0.0,11758.756101042543,722.5871226307133,0.5937166666666667,26.750615392516863,1.12173379976002,1.0080750582183178,-74.67470378064553,1.825825814972928,2004,0.4,-299_7
1,150.06501287088955,498.1050968420219,13644.227475036294,556.3973294160127,0.7452000000000001,24.07720078865321,1.201993224113438,0.3905657439175065,-74.903774178096,2.432188631753605,2007,0.7,-300_9
0,190.74500540194592,0.0,29575.593353086624,345.69794103589254,0.61405,25.96146976101784,0.9248986401695736,1.2798343630944382,-74.38275131330668,2.12226985873237,2011,-1.3,-298_8
1,2776.646942355018,2227.8014666931163,7301.213422694174,879.7699045821229,0.6896666666666668,26.585930805382134,1.0299308381424277,1.0726967222449313,-73.82130426073198,2.1582024700971503,2003,0.9,-296_8
0,1564.9997766407337,0.0,5577.51671462974,261.8925590316728,0.6342333333333333,26.22209582682825,0.975820233631527,0.8794791121593825,-74.47707441813924,1.762943745084561,2014,-0.3,-298_7
1,1251.3840062373329,1992.4459842113663,2457.8707279920027,4170.774124772348,0.6552666666666668,25.84863083131853,1.2642840770417203,1.2519575229871,-73.89316948346155,2.396256020388824,2014,-0.3,-296_9
0,102.65422643787754,1992.3545743667212,16208.860215585815,2097.2509885017826,0.8611666666666666,25.879781490067103,0.8415782404819675,1.3890074696509862,-72.05162315101653,2.5220201601655567,2008,-1.6,-289_10
1,1151.3780575491096,0.0,11456.357650990469,4204.882900941651,0.7152000000000001,26.976029384240007,1.274406244374252,1.5028495441303111,-73.4170623828782,2.194135081461931,2022,-0.8,-294_8
0,4674.164332222844,0.0,11960.417868413151,7525.3272394962305,0.7591666666666668,25.89498252463352,0.6790037407245809,0.8026714421895519,-74.38724288972728,1.1610725047244816,2013,-0.3,-298_4
0,9418.26066180454,1114.0181705766745,20524.081185438983,1354.4628847411625,0.5992666666666667,26.609248204433925,0.906717081913784,1.107911824273677,-73.87969475419975,1.798876356449342,2010,1.5,-296_7
1,2203.0966009836466,996.3031039799084,7881.214654740528,2665.168554960007,0.8695666666666666,24.053340913704066,0.9487837810411852,0.4315780692027504,-75.20470979827604,2.1582024700971503,2024,1.9,-301_8
1,6436.091022401598,2490.996286629107,34862.02784035651,5228.028837672887,0.5515166666666668,25.868840952403048,0.9423073944052484,1.6829460550143658,-74.08630726954723,1.8348089678141228,2006,-0.9,-297_7
1,100.8535761243782,0.0,4290.937014012253,3388.628450755788,0.8180833333333334,26.23525537777971,1.0809394960048635,1.2532809432925864,-74.144697763015,2.2390508456679075,2018,-0.8,-297_8
0,5780.730083215824,498.2718572727141,13511.585283841678,8667.071255570196,0.8304,26.300431830322736,0.9184918555421524,1.1717014023587808,-74.38275131330668,1.1835303868274696,2018,-0.8,-298_4
0,92.39582504964751,498.3149888624664,30076.474083733952,3714.090139771195,0.81925,25.92173093721556,0.7085654883618088,0.9961966146120048,-74.26147874995054,0.4828444652142428,2018,-0.8,-298_1
0,242.51058014878956,498.139162282991,3955.009730216526,935.2953803299404,0.7099500000000001,27.0688362057125,1.263418978472708,1.2991075701098933,-73.90664421272334,2.2345592692473097,2014,-0.3,-296_8
0,188.98202050650804,0.0,30486.88892262021,1171.8521390381788,0.6869833333333334,26.36806959175664,1.2709477746316988,0.8692254486534526,-74.57139752297178,2.2031182343031266,2007,0.7,-299_8
0,217.1779295635841,0.0,15516.697671145364,927.4040354033148,0.6918000000000001,26.139682229115863,1.0225791655591416,1.3942394837504253,-74.22105456216516,2.162694046517748,2011,-1.3,-297_8
1,3570.589409993791,0.0,13718.829037675514,1455.7189685681385,0.7314666666666667,26.206267272541027,1.0207334332863212,1.463490111365786,-73.49341918202836,2.2121013871443216,2018,-0.8,-294_8
0,300.274747154718,996.248055205128,2771.315046223685,1206.9811398788768,0.8199333333333334,25.452071716671924,0.7167574874582098,1.3323081302270443,-73.24189090247489,2.324390797659262,2006,-0.9,-293_9
0,88.70261956489873,498.06638613743047,31931.530223098514,623.831651470658,0.62415,26.448272917152224,1.027718372450639,1.4512054883920922,-72.18637044363444,2.6388011471010944,2018,-0.8,-289_10
1,193.61784998840997,0.0,10208.61255822509,2009.5615700991088,0.8188166666666667,24.938034381759,0.6362438228444055,1.5767952698579286,-72.91400582377126,2.1087951294705767,2009,-0.8,-292_8
1,201.9193473184584,0.0,41110.89611643312,2064.2791789139733,0.6832166666666667,26.119059691255814,0.9745204825917468,1.1333435165682726,-74.46359968887744,1.4350586663809357,2018,-0.8,-298_5
1,577.6716060700481,1113.682552671541,41892.60326559308,1064.314754764997,0.5763166666666667,25.898076485098212,0.8380811744286576,1.6313605669735118,-72.2896767013082,2.701683216989461,2011,-1.3,-290_10
1,26.90371434420681,0.0,40815.282012831616,493.86573976159394,0.7100500000000001,25.51326513842201,0.6378885600786427,0.8898470745842985,-75.07894565849931,1.017342059265358,2011,-1.3,-301_4
1,134.11035277941892,0.0,25701.23884003144,1265.750499701819,0.5538333333333333,25.848389549948426,0.8574011003337675,0.956172227292468,-74.67021220422492,1.5338733476340831,2008,-1.6,-299_6
1,5422.100066469698,1575.5381025224367,31104.34914786544,2354.791492809476,0.6702166666666667,26.510243924556505,1.041960398637577,1.129079013494213,-74.1536809158562,1.6012469939430471,2014,-0.3,-297_6
0,1191.231282117102,1494.346392448886,575.7705428233825,3917.548225065433,0.8014666666666668,27.31786531618297,1.340651064142686,1.4117471710855087,-73.2329077496337,2.3737981382858355,2007,0.7,-293_9
0,145.91804289969636,0.0,30722.60164321795,1330.9577402472837,0.8765166666666666,26.310000102621075,1.0520095106301903,1.1920034606315293,-74.5489396408688,1.2329377274540434,2004,0.4,-299_4
0,343.97059352785743,0.0,3044.4227630494383,799.807209629708,0.6900666666666667,26.22359969799521,1.0520027049062657,1.3550965691772403,-72.72985119052676,2.4007475968094214,2004,0.4,-291_9
1,200.35591569538943,0.0,29194.45810998964,634.4381152936282,0.6418333333333334,26.201534104762743,1.1867922015858772,1.3119577535559477,-74.27944505563293,1.9740478368526488,2004,0.4,-298_7
0,3205.0039414871494,0.0,51555.30258291454,7121.27322345236,0.72375,25.983811209290536,0.8347257896870519,0.883098375075788,-74.93072363661959,0.7972548146560754,2004,0.4,-300_3
1,2989.632887306737,1575.1130415782864,3032.692165845954,277.7183886909571,0.5271666666666667,24.980830177574774,0.8150849656336975,1.2177468194387515,-72.71637646126497,2.4905791252213736,2001,-0.7,-291_9
1,1286.9542688414278,0.0,34183.06730476219,83.55156124372732,0.7108833333333333,26.1098997551664,0.8535735232986293,1.0667577843182958,-74.57588909939238,1.5024323126898995,2006,-0.9,-299_6
1,189.05440597714693,0.0,13933.774983597796,432.64129444132107,0.7646333333333334,26.686784552014103,1.1326564764221896,1.3433520664756184,-72.8421406010417,2.117778282311772,2007,0.7,-292_8
1,263.96940888719377,0.0,24955.216119723096,444.38893582273823,0.60505,26.656023864580103,1.2470254923631712,1.0125020973327523,-74.38724288972728,2.023455177479222,2007,0.7,-298_8
1,54.39798257681949,1574.9448403039391,43969.172414039735,221.79469817244092,0.7489333333333333,26.22436339529247,0.8650145688409142,1.4213123001365346,-71.97077477544576,2.7645652868778274,2002,-0.1,-288_11
1,554.875685207616,498.0575550325484,34657.44645188,1182.1881200155392,0.6124833333333334,27.080845803184214,1.2058651446832045,1.4693289522897215,-72.12797995016669,2.6837169113070707,2007,0.7,-289_10
1,4122.680927676502,1993.1132682313869,834.1775152598772,2244.6856831265964,0.6360833333333333,26.42684783949693,1.034132228899158,1.201956605536705,-74.25698717352995,1.1071735876773103,2004,0.4,-298_4
0,2195.461478901394,0.0,21021.33735963968,136.45231640296225,0.6239666666666668,26.08393838025944,0.9712017854521764,1.206643172279595,-74.42766707751265,2.2525255749297,2011,-1.3,-298_9
0,107.23554933845202,0.0,41466.14634893283,4910.231734165311,0.7582,26.017673040240823,0.8242258001305132,0.7863339380293285,-75.15081088122888,0.9095442251710156,2004,0.4,-301_3
1,1129.951683504539,2053.476838194188,44370.449440098906,2140.568882444325,0.5360833333333334,27.179834809623173,1.242328594314256,1.6912524268835707,-72.16840413795207,2.7645652868778274,2014,-0.3,-289_11
0,273.17895261421205,0.0,23588.43096767868,2152.2784897260062,0.7446166666666667,26.044406469846137,0.8341560610730757,1.3231134065404997,-74.32436081983892,1.3362439851277883,2006,-0.9,-298_5
1,2464.6900840755675,1113.793244109965,957.4996695396824,1286.294550962593,0.78035,26.061714047501766,1.3355986423694866,1.4428937966522524,-73.75393061442301,2.4411717845948,2007,0.7,-296_9
1,1399.4973860044702,498.1406365174397,11267.450504416056,1562.7823733864714,0.6866166666666668,26.976029384240007,1.274406244374252,1.5028495441303111,-73.43952026498118,2.2255761164061147,2022,-0.8,-294_8
1,419.3519187323348,1113.6664180197768,39940.0224647638,1420.927729754045,0.5353333333333333,26.625976300178596,1.0802274013425543,1.4838778667826011,-72.05611472743712,2.737615828354242,2014,-0.3,-289_10
0,913.39782771942,498.1018501521551,1781.1660136409987,1455.571150675187,0.8318166666666666,25.69637770210852,0.948915025526984,1.034386217519501,-74.3468187019419,2.450154937435995,2018,-0.8,-298_9
1,211.83105128917305,0.0,39902.10274912386,1900.852984288108,0.8026000000000001,25.81487456642543,0.7864790141695784,1.1063085931625716,-74.63427959286015,1.3811597493337644,2011,-1.3,-299_5
1,1.4522241370592412,0.0,9316.749422067594,86.06788732485947,0.5928666666666668,25.778393290992085,1.116985928987703,1.0734762738952923,-74.50402387666281,2.382781291127031,2004,0.4,-299_9
1,1101.7772752122696,0.0,7788.040534364522,432.3585105360653,0.5139666666666667,24.59432550377562,0.8043125178443153,1.048393939949977,-74.42317550109206,1.7943847800287442,2001,-0.7,-298_7
0,1069.990031875761,1113.6355510780895,49777.49859784912,3616.084600422667,0.8295833333333335,26.689205470902607,1.1146992383746777,1.639022874302723,-72.20433674931684,2.804989474663206,2004,0.4,-289_11
1,2494.183597309823,2054.191328874942,37368.5065549581,24.10079676779479,0.7236166666666667,26.092945629330814,0.9050413497495828,0.9782256690162248,-74.167155645118,1.718027980878585,2003,0.9,-297_6
0,160.850577759827,0.0,3860.297693689659,135.51456615369509,0.78015,27.505988199797518,1.4429317967936843,1.3138876459121287,-74.04139150534127,2.1582024700971503,2007,0.7,-297_8
1,1212.2021403792492,0.0,19736.109207573398,166.38097469342927,0.5977666666666668,25.76841003019507,0.895104203655445,1.3481775241885636,-74.39173446614788,1.6641290638314137,2011,-1.3,-298_6
0,4654.583314376384,0.0,31991.521206056783,1830.8992966266028,0.8627166666666667,26.805889455977933,1.1185539822513568,1.1090723714241777,-74.27944505563293,1.5069238891104977,2007,0.7,-298_6
0,52.04151657013073,1408.6915471457903,41719.70229448167,3780.45838167786,0.8678166666666667,26.378439572818195,1.0002443576469275,1.4065055194085998,-71.93035058766039,2.7331242519336443,2018,-0.8,-288_10
1,182.57612357439191,0.0,37858.01821701019,3319.850197732639,0.7388333333333333,25.976483565651392,0.8694245258724821,1.1842145826143262,-74.49504072382162,1.4620081249045214,2011,-1.3,-298_5
0,225.6188447140465,498.3073850546468,22682.58546847033,4115.116147014309,0.6398666666666667,26.19294733107125,0.9083604134335316,1.0312775367828997,-74.24800402068875,0.6625075220381471,2004,0.4,-297_2
0,1.4007621691243417,498.11388005154,6506.364297782964,1556.397220840675,0.8279166666666666,26.427201404319305,1.0326159478878312,0.8031961278536889,-74.40970077183027,2.382781291127031,2020,0.6,-298_9
0,4733.3277376932965,2491.1809291729496,27296.30850680041,62.72614679126022,0.6604833333333333,26.30412270154824,0.9604282696086311,1.1474600558829768,-74.1357146101738,1.5383649240546806,2014,-0.3,-297_6
1,3266.9345998806584,2227.8549801322347,7579.664974788683,54.95794001551724,0.5685333333333333,26.96416310607509,1.0559006853337862,1.032065773914926,-73.92910209482632,2.0818456709469912,2020,0.6,-296_8
1,242.4170624542213,0.0,2073.312766485404,2671.0215899329028,0.7365333333333334,26.48687616901037,1.0733529764924823,1.550407001130707,-73.74045588516123,2.257017151350298,2018,-0.8,-295_9
1,6903.476461599585,3030.4787111527444,15014.302024893364,2633.311568616968,0.71125,25.783715728509776,0.8906108038456236,1.8571687657045115,-73.79435480220839,1.7719268979257563,2011,-1.3,-296_7
1,2773.708813745636,1113.9949926952097,32628.09464570777,2362.7240453665527,0.4890166666666667,27.281569876331503,1.4997690420905208,1.4926536301585347,-74.20308825648277,1.8752331555995008,2022,-0.8,-297_7
0,1023.5557763058356,2228.4586881968444,38227.311321881614,2740.3170399337487,0.7680333333333333,25.996548663049964,0.7119111127766943,0.7682147885550101,-75.23615083322022,0.824204273179661,2018,-0.8,-301_3
0,1719.0105214740704,0.0,37200.8694140673,1934.978455940569,0.8251166666666666,26.243052299743734,1.0285864855184308,1.5187150202662216,-74.23452929142697,1.5967554175224494,2008,-1.6,-297_6
0,1279.1925629310697,0.0,10157.15603184562,1743.5787681958866,0.7244,26.503244465040723,0.9736410585691778,1.1225910797096317,-73.68655696811405,2.1357445879941626,2020,0.6,-295_8
1,705.5274807297201,0.0,25443.9670535736,453.6009412167732,0.6298,26.52709320676797,0.990845446326698,0.7438589477971767,-74.69267008632792,1.5069238891104977,2007,0.7,-299_6
0,93.07891316555845,0.0,24882.231561544795,1163.6392092063145,0.6637666666666667,26.89412600732146,0.9611600156789032,1.0792374425999915,-72.12348837374608,2.5938853828951185,2016,2.6,-289_10
0,304.23261620712526,0.0,15748.0184073018,368.3676097047525,0.764,25.74771564325431,0.9409043855251472,1.1130621405507113,-74.45910811245685,2.310916068397469,2011,-1.3,-298_9
0,3677.409365717904,0.0,14310.766851724378,5354.90308918298,0.8140166666666667,26.364643439865688,0.9428707491032638,1.2472674301322462,-74.27944505563293,1.2643787623982266,2018,-0.8,-298_5
1,172.6201492025429,1409.4017791247463,40306.06864085289,2151.1646290589706,0.7411833333333333,26.393934339882374,0.637553463528817,0.3906149026848742,-75.16428561049067,0.8197126967590634,2016,2.6,-301_3
0,111.31833836711786,0.0,27444.03489596489,901.7590932332108,0.7668833333333334,26.590586364080025,0.9695722742239278,0.5821547672384974,-75.05199619997572,1.2059882689304575,2007,0.7,-301_4
0,2822.0554900982816,996.2150244801572,6138.283101147567,5731.098077616792,0.8020166666666667,21.741044524652292,0.9506937897860888,0.5282127492198715,-74.98911413008736,2.418713902491812,2007,0.7,-300_9
1,493.7611063280551,0.0,37084.36743751506,972.8412834749428,0.8069500000000001,26.36588398312773,0.8527553964862035,0.7586279522659032,-74.65673747496314,1.0308167885271509,2007,0.7,-299_4
1,715.8621502097877,0.0,32523.62363825521,2788.825893395824,0.8328,25.53236724572253,0.7633797636431385,1.2680418268022862,-74.49504072382162,1.3137861030248,2017,-0.2,-298_5
0,841.1737265210813,0.0,19107.03665232157,1188.6997247661084,0.7821,24.456272735537084,1.0125727008726313,0.6450049109111206,-74.7106363920103,2.414222326071214,2006,-0.9,-299_9
0,147.46834068332345,0.0,42389.28272759923,190.75381892700707,0.74245,26.38602192820616,0.8355158103891714,0.7159442341993003,-74.63877116928074,0.8376790024414539,2007,0.7,-299_3
0,86.85336714334886,704.4504728864905,3298.570784727574,986.9388236881766,0.8003666666666668,25.156427452665586,0.6851194995150124,1.523423823831795,-72.8511237538829,2.337865526921054,2009,-0.8,-292_9
1,82.5494322402093,0.0,4305.05055844206,719.001313891312,0.7546166666666667,25.755991919518067,0.7937850458843924,1.2637658024646632,-73.32723085446625,2.2929497627150788,2002,-0.1,-294_9
0,48.821659930822456,498.1170325586147,4902.023913493324,715.2599631788086,0.8289500000000001,25.549423493572363,0.7093545696136441,1.276202978323532,-73.06222784565098,2.3648149854446405,2017,-0.2,-293_9
1,2537.086709682952,498.2111280621901,35038.16254780355,198.21002971492587,0.5381666666666667,27.05286279352157,1.256645153825869,1.393473008976014,-74.12223988091202,1.7449774394021706,2007,0.7,-297_6
1,1427.8482635057926,498.2571970127476,4784.882119454509,1988.545763515592,0.8598166666666667,25.70181172176075,0.7174776598033493,0.8168729663957217,-74.08181569312664,1.3407355615483858,2003,0.9,-297_5
1,80.36792602629193,0.0,33175.01047070992,2956.266228618013,0.8069833333333334,26.384795755981145,0.8648871487948019,0.7545340451691446,-74.59385540507476,0.927510530853406,2007,0.7,-299_3
1,2388.9824636600715,2491.363206158428,5471.00024376544,85.05529172636864,0.5425333333333333,25.959044098207077,0.7990352706705329,1.0048806429220467,-74.27046190279174,1.1745472339862744,2021,-0.9,-298_4
1,293.51530984371226,0.0,24984.06168908255,948.8244185569296,0.6596500000000001,26.320433153957023,1.0493313118693186,0.9805005518534468,-74.65673747496314,1.5742975354194615,2004,0.4,-299_6
1,186.0245060451905,0.0,36785.60284075789,604.4451387737656,0.7431,25.979055480986347,0.7601809735625898,0.9909087523119204,-74.5489396408688,0.7837800853942826,2018,-0.8,-299_3
0,227.83225081576376,0.0,6807.192469834174,62.88928949208992,0.6978333333333333,26.28202204380733,1.1742023698956343,1.4178577085279735,-74.08630726954723,2.153710893676553,2008,-1.6,-297_8
1,4550.594943300242,2113.723417928656,13737.53670516693,833.5343696992371,0.5364666666666668,26.206063907601163,1.082461632897054,1.6905173198078585,-73.81232110789078,1.7584521686639634,2004,0.4,-296_7
1,221.90794792130265,0.0,23325.899032001867,413.7259211136297,0.6573,26.118230479250656,0.9591524794045118,1.0584491215884442,-74.58038067581298,1.6057385703636446,2008,-1.6,-299_6
1,2918.177599450934,0.0,35972.76972629468,1618.2741552199377,0.6742666666666667,27.33986404465827,1.3723819654979288,1.4299614877384148,-74.26597032637115,1.5787891118400592,2022,-0.8,-298_6
1,217.06908301327917,0.0,22593.35373042796,441.9934105509589,0.5467166666666667,27.355481137902245,1.431931737729626,1.435677491485445,-74.31088609057711,1.718027980878585,2022,-0.8,-298_6
0,125.23644018573953,0.0,32660.43508366703,366.04054512188026,0.8602166666666666,26.230611974367093,1.03196805988258,1.1199809597244224,-74.58487225223358,1.2059882689304575,2004,0.4,-299_4
0,344.5022505599971,996.1823063576264,2562.40869521114,2265.8131198455394,0.8039000000000001,27.226401993780318,1.313463909333412,1.3800576390525503,-72.90951424735067,2.508545430903764,2007,0.7,-292_10
1,257.14326648425504,0.0,26397.99938166199,1489.624924030951,0.5876,27.001509288147247,1.1709110104412666,1.2308045604449298,-72.45137345244972,2.1806603522001384,2007,0.7,-290_8
0,39.09889151619184,0.0,23057.02304746241,173.43355699963516,0.7137,27.21661314854424,1.2682129376054403,1.3471361609974597,-72.40196611182314,2.481595972380178,2007,0.7,-290_9
0,4217.996304654607,0.0,54106.25009773854,9356.278580236309,0.7272833333333334,26.35379899899533,0.8594445507259517,0.7509970194165453,-74.67021220422492,0.6849654041411352,2022,-0.8,-299_2
1,2078.9448668417945,1575.2958055552615,7611.774861217656,179.26753091460037,0.5321,24.975918425722625,0.7974261862642006,1.251070481733698,-73.81681268431139,2.153710893676553,2001,-0.7,-296_8
0,9921.375496042923,5999.489424890671,5091.155067735234,7910.866274597664,0.8553666666666666,25.97163094331597,0.932512255232128,1.4475137032840368,-73.73147273232003,1.5877722646812542,2018,-0.8,-295_6
1,430.4540156658311,0.0,48902.06707378339,3147.855887240992,0.6413333333333333,26.095049112999103,0.9198722640354005,0.9274890338306406,-74.86784156673123,1.1386146226214937,2004,0.4,-300_4
1,8763.933050454787,1575.46714302457,29066.468136277,5049.283209277878,0.5907166666666668,25.485111690116923,0.7542242049719383,1.7627579732565175,-74.01444204681768,1.7809100507669515,2017,-0.2,-297_7
0,1121.979804870227,1494.3225367202358,12389.799519818183,5366.85228896964,0.81765,26.763792801098703,1.0811401825356963,1.3379691043243995,-72.18637044363444,2.418713902491812,2022,-0.8,-289_9
0,985.7979796261716,0.0,30390.54424465544,852.8343548266887,0.8777833333333335,25.924752841799148,0.7859680575517111,1.29943331122379,-74.24800402068875,1.6865869459344016,2005,0.6,-297_6
1,554.875685207616,498.0575550325484,34657.44645188,1182.1881200155392,0.5631833333333334,25.94277890513513,0.7987873946193959,1.3530595278190385,-72.12797995016669,2.6837169113070707,2002,-0.1,-289_10
0,221.3854363069037,498.2951089715812,54847.29644494414,1549.3624116654055,0.862,25.42556834906969,0.5834126401993686,0.565419757967038,-75.00258885934915,0.8781031902268323,2014,-0.3,-301_3
1,3022.0687684591885,0.0,13002.573524007752,168.0533777883026,0.67205,26.753530306610458,1.104716474588304,0.8490386960276427,-74.14020618659441,2.4411717845948,2020,0.6,-297_9
0,783.0704562489489,0.0,38651.919806695645,1756.0245834961484,0.6671333333333334,26.493265437786874,0.8449362332208333,0.602163177502255,-74.46359968887744,1.4575165484839236,2010,1.5,-298_5
0,136.8141551923718,704.4349242477974,5855.240937468474,2838.675125216503,0.8677333333333335,26.72102995221581,0.7964670141898136,0.8953596818179618,-72.1189967973255,2.4007475968094214,2010,1.5,-289_9
0,271.1394238343944,498.30167820307406,31366.25599245901,1074.5053425175772,0.6921166666666667,26.051264659932087,0.7837177772546604,0.7212582504656293,-75.33047393805278,0.7703053561324897,2004,0.4,-302_3
1,154.73002537525826,996.3002183077148,8533.655721942963,2489.075697333566,0.6738833333333334,26.553716174587635,1.135761534115244,1.409323889189441,-73.93359367124692,2.1671856229383457,2004,0.4,-296_8
0,568.8544693756917,498.0985877564802,15919.356302341394,4088.615156936481,0.77285,22.3758610720335,0.8663911922290627,0.4059814741894079,-74.79597634400166,2.468121243118385,2004,0.4,-300_9
1,293.6136717410772,498.1918399321691,7600.356767581343,484.80285736373327,0.7323333333333334,26.823083775164378,1.1787332863840705,0.9139932605329868,-74.46809126529804,1.888707884861294,2007,0.7,-298_7
0,2968.635583254031,2054.225854032365,27216.93144942288,600.5279662923797,0.6786333333333333,26.257889474311128,1.0127144265799255,1.3346233164283066,-74.09978199880904,1.6506543345696207,2021,-0.9,-297_6
0,134.02250454181578,0.0,7521.136672057723,317.00245313114704,0.5644333333333333,26.73591646134884,1.268364994024114,1.14422742987823,-74.12223988091202,2.194135081461931,2014,-0.3,-297_8
1,1171.57147995472,0.0,12471.042210926576,760.6584857726027,0.6868666666666667,26.72153783872443,1.2386370296892275,0.9970151889797964,-74.40071761898908,1.8842163084406964,2007,0.7,-298_7
1,1251.3840062373329,1992.4459842113663,2457.8707279920027,4170.774124772348,0.6362666666666668,26.230578511077454,1.363196816350517,1.3139589066062611,-73.89316948346155,2.396256020388824,2007,0.7,-296_9
1,4063.390032526573,1114.03910389178,33802.37978902037,2029.8724766376645,0.5185166666666667,26.73526923853012,0.944999480871136,0.9767999058508297,-74.12223988091202,1.7270111337197802,2010,1.5,-297_6
0,1278.1140896123777,1796.628565709952,44075.23423297866,2717.856542179123,0.8076166666666668,26.33062303892723,0.8317095566513815,0.7287548003710013,-74.67919535706612,0.8781031902268323,2007,0.7,-299_3
0,224.6255816599873,498.2973980215028,39134.5428076209,649.6310467464823,0.8312666666666666,26.015601663692053,0.7083657263930849,0.7059097580229531,-75.2810665974262,0.8421705788620515,2018,-0.8,-302_3
1,1703.1298965207557,1494.550679761312,24099.717147272884,1615.2552419011731,0.5986833333333333,26.15691490861701,1.1618811995139986,1.6093862872123,-74.05037465818246,1.947098378329063,2004,0.4,-297_7
1,217.68606368762968,0.0,29115.27316281625,91.31476868534229,0.6137166666666667,26.31467202662418,1.1419723346833914,1.2229792560019337,-74.39622604256847,2.086337247367589,2004,0.4,-298_8
1,271.2338838062824,2491.0842581594866,29223.0662041657,1744.1287416379455,0.5957166666666667,26.55231808605282,1.1004811376514283,1.2755195724324755,-74.09079884596784,1.7000616751961946,2014,-0.3,-297_6
1,2392.3919952862893,0.0,27787.54793806973,103.30721579243898,0.5213333333333333,27.024896449232187,1.2706975738073552,1.2046578663191632,-74.36927658404488,1.3542102908101787,2022,-0.8,-298_5
1,783.0704562489489,0.0,38651.919806695645,1756.0245834961484,0.7083,26.12254518947418,0.9222606165734428,1.1776599410606148,-74.46359968887744,1.4575165484839236,2006,-0.9,-298_5
0,3496.299295517379,704.7095146228693,53940.2962879463,7911.319806982971,0.7911333333333334,25.98376318375597,0.6262865104560533,0.5265591486038316,-74.76453530905748,0.7119148626647208,2020,0.6,-300_2
0,3004.442304493048,498.25450010511696,16325.607161080345,667.3959209018451,0.67105,25.91092001094131,0.7490900937880149,0.9017316337292136,-74.21207140932397,1.3676850200719717,2003,0.9,-297_5
1,36.46842979289344,704.3380314167339,49309.843097239806,3796.84022082196,0.8499666666666666,25.487835428889355,0.5395822333274997,0.7965059133987592,-71.76865383651888,2.7600737104572297,2015,0.7,-288_11
0,97.31619420826796,498.2924279476862,50734.514941073954,2454.6876872082826,0.84085,26.11979138945168,0.8089829771129242,0.6918259768184876,-75.03852147071393,0.9185273780122108,2007,0.7,-301_3
0,182.67288139925768,0.0,35949.381992654504,910.416606579807,0.7518166666666667,25.546967639132102,0.5839232913548867,0.7240606905404182,-75.2810665974262,0.8107295439178682,2011,-1.3,-302_3
1,225.84358387339117,0.0,45845.29879580612,1675.4949836017972,0.78785,25.560567957794603,0.5702719047525852,0.552275766101859,-74.79597634400166,0.6445412163557567,2014,-0.3,-300_2
0,5976.184899138247,6990.912813699652,12841.135356763973,7685.455882548447,0.7737666666666667,25.8099073381224,1.3974202559796776,1.4548233261167862,-73.79435480220839,2.5579527715303376,2007,0.7,-296_10
0,287.3128904201028,0.0,41009.59721628315,1116.4612924262717,0.6156833333333334,26.278768840889317,0.9733092782556078,0.9107893484927776,-74.9172489073578,1.20149669250986,2004,0.4,-300_4
0,162.23431076491312,1993.1907209296355,39475.57647005543,976.7001413159364,0.7584000000000001,26.39368645804268,0.807478167014577,0.6183349281202727,-75.24513398606142,0.8376790024414539,2022,-0.8,-301_3
0,211.33812301591507,0.0,4783.452441480103,5924.481185513694,0.81845,25.90137031238345,1.026510477025943,1.4289165616980597,-73.06222784565098,2.1402361644147603,2004,0.4,-293_8
1,4307.798658809932,4256.61632050623,37433.24106541271,2018.7301896666756,0.6198166666666667,25.74069565588917,0.7771086989735854,1.4401821695053951,-74.11774830449143,1.8348089678141228,2005,0.6,-297_7
0,71.64130301619001,1408.7245117481275,34284.45827077992,5054.830618653751,0.8505333333333335,26.028153330692533,0.9312792135450207,1.5353646184778,-71.97077477544576,2.6747337584658752,2008,-1.6,-288_10
1,366.087237139294,498.2372050539783,30407.933836935717,978.3499753045782,0.6673833333333333,26.78462890780287,1.1165938452771738,0.9061865306553704,-74.49953230024222,1.5293817712134854,2007,0.7,-298_6
0,5429.322959196445,1494.6753932710608,3735.2629081168006,1804.6155691889087,0.7371333333333333,25.577545408609296,0.8095590523853265,1.6621620755586306,-73.83927056641437,1.6326880288872303,2011,-1.3,-296_6
0,426.4759361642627,498.0593275404046,33952.2047517928,3995.588964035528,0.8338333333333334,25.672433866236247,0.7121950742659219,1.3172531493735982,-71.98424950470756,2.6747337584658752,2017,-0.2,-288_10
0,1365.131108403899,0.0,4040.340861774656,402.3732676271598,0.7561666666666668,26.531510306845178,1.067777376293765,1.3897431251753256,-72.58612074506765,2.517528583744959,2018,-0.8,-291_10
0,6251.6096436361,0.0,2158.8089442820083,2749.670226829288,0.8602833333333334,25.824132240215363,0.7759985357234208,1.1320794887897252,-73.84825371925557,1.5877722646812542,2013,-0.3,-296_6
0,2.1479373536162427,0.0,49454.55601814298,160.60370362092996,0.7043166666666667,26.56207686002847,0.9151593184630382,0.7746180919424678,-74.76902688547807,1.0442915177889438,2022,-0.8,-300_4
0,200.04774389533537,0.0,5526.629227092548,559.6723584061042,0.75505,26.4348839916575,0.979657008523064,0.7074063596453705,-75.24513398606142,1.3901429021749596,2006,-0.9,-301_5
1,1275.443219012937,498.10751224007856,10697.487468818505,2161.4871388485,0.8114833333333333,26.753530306610458,1.104716474588304,0.8490386960276427,-74.144697763015,2.418713902491812,2020,0.6,-297_9
1,171.65850793168266,0.0,13883.01627071715,931.4785940630588,0.6769833333333334,27.11226581406487,1.195447781123791,1.2908056429787973,-72.59061232148824,2.1806603522001384,2007,0.7,-291_8
0,4943.150648774431,0.0,422.00210301052425,802.7549606525914,0.8569,25.99720976786074,0.9441933403353276,1.4972682143837897,-73.798846378629,1.6326880288872303,2018,-0.8,-296_6
1,293.6136717410772,498.1918399321691,7600.356767581343,484.80285736373327,0.7139333333333333,26.30420234363345,1.1176343917675098,1.195558311466895,-74.46809126529804,1.888707884861294,2004,0.4,-298_7
1,9800.352534501628,2491.0203575794,24286.49655398251,1707.382883085667,0.5226333333333333,26.397128312447137,1.1242253110648237,1.7816813002362817,-73.93808524766752,1.798876356449342,2004,0.4,-296_7
0,1059.519077763463,0.0,32576.578359011888,2306.3008474353564,0.72635,26.344265545609403,1.1903198136823476,1.5445924366241943,-74.19859668006218,1.785401627187549,2004,0.4,-297_7
1,1588.8425966172165,2818.247416391968,36435.95759537019,1694.4210317726042,0.5221166666666667,27.180890432847093,1.440395329995824,1.542252107935016,-74.1626640686974,1.825825814972928,2022,-0.8,-297_7
1,92.39582504964751,498.3149888624664,30076.474083733952,3714.090139771195,0.66635,26.107362297594648,0.8194321911907737,0.9793619382458522,-74.26147874995054,0.4828444652142428,2004,0.4,-298_1
1,213.54405651564585,0.0,43154.31236651446,560.7640397433021,0.6875333333333333,26.35044374495243,0.9630575058929876,0.8477143256761343,-74.62529644001896,1.318277679445398,2007,0.7,-299_5
0,3177.714803557081,498.29985952235626,23375.07934337834,9751.327143295925,0.6716500000000001,26.07699553084575,0.8938917270096786,1.0243706409773516,-74.40520919540967,0.801746391076673,2004,0.4,-298_3
1,1434.8089850094111,1409.0740754126448,15537.143006669956,943.3821211325402,0.6899333333333333,25.795545228761853,0.7893352312495208,1.392580632545549,-73.95605155334991,1.9515899547496605,2005,0.6,-296_7
1,121.1796569573984,0.0,8531.120386569293,442.47971237739273,0.8226333333333334,27.355181735683857,1.4548578785707285,1.1239583956970025,-74.1761387979592,2.2121013871443216,2007,0.7,-297_8
1,2932.6800480320862,3151.024734114285,26015.86363726317,1947.3298349000115,0.4877166666666667,26.59840033609805,1.191186936865593,1.6195808658369744,-74.07732411670604,1.6686206402520112,2004,0.4,-297_6
0,768.9072748129067,996.509000210234,8436.685440260551,4016.946813626727,0.79945,25.72572689222426,0.7863169644265963,1.440096986992579,-74.05037465818246,1.3676850200719717,2011,-1.3,-297_5
1,568.3221215789472,498.3160706318832,20138.820752207102,1925.482097116333,0.6454833333333333,25.939702431141143,0.7169078692192469,1.0120283465704532,-74.1626640686974,0.4514034302700596,2018,-0.8,-297_1
0,205.7410610714525,0.0,22737.06843441944,298.06604696102886,0.6516666666666667,26.18853886668279,1.0980308256126663,0.9403333664249236,-74.36478500762429,1.983030989693844,2014,-0.3,-298_7
0,1774.3341410270768,0.0,22229.29148526923,180.9829008972912,0.6818166666666667,26.40976893088242,0.8605868982283326,0.8784720016064348,-74.27495347921234,1.3676850200719717,2020,0.6,-298_5
0,973.195569901123,0.0,33636.63109370181,197.51432466955188,0.8566833333333335,25.83957206651587,0.855121234699276,1.4430422341046414,-74.26147874995054,1.61472172320484,2012,-0.7,-298_6
0,117.34742375720386,0.0,1769.841376398385,993.16170785526,0.7678666666666667,26.619571852207912,1.3439494919274244,1.1486474504389208,-74.26597032637115,2.535494889427349,2022,-0.8,-298_10
0,6.694350521743332,1795.800726695476,32233.04766773948,8952.05626358362,0.8672166666666666,26.24778877366708,0.9560509958086358,1.33585862066892,-71.93484216408099,2.643292723521692,2018,-0.8,-288_10
0,276.0558258246812,0.0,44448.98745604487,5939.301144606093,0.7421333333333333,25.43791945106369,0.5494507712001137,1.0025206687645047,-74.59834698149537,0.7343727447677089,2017,-0.2,-299_2
1,283.5453303442578,0.0,37084.113197133,392.17734499637095,0.7806166666666667,25.73049259810836,0.8002956845287899,1.1189753199281938,-74.60283855791596,1.2553956095570311,2006,-0.9,-299_5
1,777.0303017895864,498.1628122411387,15278.623743167524,687.264543892422,0.8399666666666666,25.116867591244613,0.6757460881930358,1.480040687926186,-73.63265805106688,2.086337247367589,2017,-0.2,-295_8
1,20.32818346371308,0.0,12545.725853951932,186.27401076972487,0.6762166666666667,26.836782433128462,1.1126535022369417,0.7948063127936799,-74.60733013433656,1.740485862981573,2007,0.7,-299_6
0,279.2993961982684,0.0,55029.65154522648,97.80088475707032,0.7193,25.42556834906969,0.5834126401993686,0.565419757967038,-74.96216467156377,0.9409852601151988,2014,-0.3,-300_3
0,37.30718466661679,0.0,12488.745824989404,2911.237925834962,0.7965666666666668,21.17865615781551,0.7639864136853033,0.3005092617378843,-74.903774178096,2.463629666697788,2004,0.4,-300_9
1,1073.9139283608574,0.0,5649.730922341381,4772.595816888231,0.5747166666666668,26.566784942595746,1.1177887017107082,1.423694118031813,-73.94706840050871,1.4170923606985453,2022,-0.8,-296_5
1,4436.228512065881,498.1018501521551,16107.537946684282,2900.330447499413,0.8327833333333334,26.18722904579369,1.0991960983813025,1.0580479800054703,-74.08630726954723,2.450154937435995,2021,-0.9,-297_9
0,94.2379736239076,0.0,2757.853839671628,1055.0382646482708,0.62475,26.02059197794523,0.9189885202926468,1.5646768686967232,-73.99647574113528,2.2480339985091025,2009,-0.8,-296_8
0,1421.8931488754718,0.0,32159.174010506737,2748.5089917892733,0.67805,26.66789909334477,0.961373117152272,0.7003777630298442,-74.78699319116046,1.376668172913167,2007,0.7,-300_5
0,101.9463401556356,0.0,10297.361478713776,5.679052457753003,0.59745,26.835318503743625,1.1718284231705156,1.455582674110081,-72.54120498086166,2.3648149854446405,2022,-0.8,-291_9
1,4761.275057785057,4932.015564781807,30890.48810145677,7179.457149055511,0.6495500000000001,25.730821253015502,0.9160636687016858,1.8053236478842036,-74.05037465818246,1.762943745084561,2012,-0.7,-297_7
1,3243.1387726381176,1992.7521797754985,25213.41452276736,1504.5501144586942,0.6147666666666667,25.57629523142998,0.84611743180959,1.5895646547107354,-74.04139150534127,1.91565734338488,2002,-0.1,-297_7
0,230.7516420025731,996.6138921367692,39189.71621158281,2560.295324701874,0.8332333333333334,25.749613775476973,0.6146449997404414,0.6671614879279559,-74.47707441813924,0.6714906748793423,2014,-0.3,-298_2
0,2171.129590652008,0.0,11470.872241630432,294.01845686851885,0.6028833333333333,27.091525002926176,1.3507115231902034,0.5120629420882966,-74.85885841389003,1.9650646840114532,2016,2.6,-300_7
0,4007.647455612106,0.0,16135.214358298645,7757.823108406928,0.7629166666666667,25.98018355318294,0.8242758588156641,1.0611976552619966,-74.46809126529804,1.039799941368346,2018,-0.8,-298_4
0,719.3610289903204,498.15155198995416,30039.0137830802,1300.824864817798,0.6958500000000001,26.237624966201,0.9518520060819934,1.241831421715414,-74.43215865393326,2.1582024700971503,2011,-1.3,-298_8
1,1231.6296876649724,498.1648823431856,5761.981378230987,1908.7189030919349,0.768,25.09871099172221,0.6591150230223385,1.4059011817656994,-73.54282652265493,2.072862518105796,2017,-0.2,-295_8
0,4705.060924564695,0.0,1211.5120133051946,7463.456144892229,0.8068166666666667,26.86689883738495,1.0973304165578626,1.14778011854887,-74.33334397268011,1.053274670630139,2022,-0.8,-298_4
1,280.3536828262369,0.0,30957.0540626052,1503.9350218352206,0.73505,25.84125774738061,0.8613701341478839,0.9442492848079872,-74.38724288972728,1.376668172913167,2021,-0.9,-298_5
1,214.91085971659805,0.0,39740.666704891846,3234.127712221058,0.7212833333333334,26.119059691255814,0.9745204825917468,1.1333435165682726,-74.52648175876581,1.3721765964925692,2018,-0.8,-299_5
0,445.33015732452026,0.0,18593.717595826245,798.4295032752855,0.5666,26.266432945653836,0.9478552149207696,0.8391407127235767,-74.52648175876581,1.637179605307828,2014,-0.3,-299_6
1,999.9031762804414,0.0,11210.378267279788,1482.23487372205,0.65,26.976029384240007,1.274406244374252,1.5028495441303111,-73.4260455357194,2.2255761164061147,2022,-0.8,-294_8
1,343.1922860336125,0.0,31772.415737893916,1384.6361334282444,0.74305,26.1098997551664,0.8535735232986293,1.0667577843182958,-74.62529644001896,1.5024323126898995,2006,-0.9,-299_6
1,48.22000119147577,0.0,37643.955015723775,1541.8473400938635,0.8119500000000001,25.657921578563048,0.6832379654615933,0.8608040005000559,-75.13284457554649,0.9903926007417724,2006,-0.9,-301_3
0,367.1462913262249,704.3262960091722,47115.28676839839,1485.0410552410583,0.6103500000000001,25.88297604992033,0.8140163606797777,1.6676769236729605,-72.1100136444843,2.8004978982426083,2011,-1.3,-289_11
1,704.0819230672098,498.17901212817065,26959.33013313636,204.9793498039063,0.6443,26.236762803364968,1.2017534974941884,1.3912038145060492,-74.1536809158562,1.978539413273246,2004,0.4,-297_7
1,1100.9341775443952,2817.581587106219,8408.452898988819,3629.2944916206793,0.6661666666666667,19.944779275901965,0.629155106409199,0.3857715797960067,-74.88131629599302,2.55346119510974,2004,0.4,-300_10
0,76.76282177156929,0.0,8275.396685098407,473.9001887187952,0.7091000000000001,27.360449612134573,1.3607557034143871,1.6027744427000197,-73.5877422868609,2.283966609873884,2022,-0.8,-295_9
0,3392.031653639317,4108.424424277511,18859.958928183398,2882.405190524173,0.6439,25.73096333184856,0.7503941896014258,0.9445923415048232,-73.9830010118735,1.6776037930932064,2019,0.9,-296_6
0,36.03655398508557,0.0,53914.97214849206,2983.76252660572,0.7801333333333333,25.488885246077587,0.524897971662826,0.7504658928155826,-71.71026334305111,2.7960063218220106,2015,0.7,-287_11
1,125.23644018573953,0.0,32660.43508366703,366.04054512188026,0.7230833333333333,26.044426320970103,0.8908458860369349,1.0670353630885758,-74.58487225223358,1.2059882689304575,2018,-0.8,-299_4
0,79.16440615099478,0.0,59962.37694283344,950.5263386298948,0.6895166666666668,26.101021671967032,0.8660635241396872,0.9406904039403314,-74.84987526104884,0.9364936836946012,2004,0.4,-300_3
1,221.33045407305315,0.0,38520.09015667415,735.7335893237162,0.7104333333333334,26.588589486279886,0.9421157787997106,0.7622918739727128,-74.7196195448515,1.3407355615483858,2007,0.7,-299_5
0,217.64460696383816,0.0,38119.44534108479,900.961199451484,0.7383833333333334,26.090653185739484,0.8170958489477903,0.962892562519358,-74.66122905138373,1.1251398933597008,2018,-0.8,-299_4
0,117.9947845714618,498.27068133194433,35434.1943784699,1547.5522840329402,0.6996666666666668,26.599980397519744,0.8699640619811776,0.6219769716505839,-74.61631328717776,1.1970051160892623,2016,2.6,-299_4
1,2983.9689209189014,1113.910271857657,6749.153547732388,2159.6983185646613,0.4632,26.61199578848243,0.9768695099959592,1.2317755472498575,-73.85723687209676,2.131253011573565,2013,-0.3,-296_8
1,84.97810395256319,3341.1308901328607,29505.882253527998,1681.799573408267,0.5557833333333333,25.942976042751923,0.8035726073907942,1.2662628125043756,-72.11450522090489,2.6388011471010944,2002,-0.1,-289_10
1,188.34687439926097,498.1572291957631,14743.082206618616,1126.6411755733782,0.8130333333333334,25.60067803261819,0.8492228145379221,1.4991063768876496,-72.83315744820051,2.12226985873237,2008,-1.6,-292_8
0,4032.8688386800914,0.0,10834.4090820753,4516.230064986868,0.7985,25.925534893315277,0.7941834581009113,1.2803130918992716,-74.26147874995054,1.237429303874641,2006,-0.9,-298_4
0,162.3401203106477,704.4814138783223,26652.669817775568,668.7850867945313,0.8601666666666666,26.27081053831978,0.920059666776748,1.1393843610236165,-72.42891557034672,2.2076098107237243,2014,-0.3,-290_8
1,28.019662564672004,0.0,3526.532518713472,5177.309446082612,0.71725,26.971679331422536,1.2753276239231597,1.4646855660630296,-73.65062435674928,2.34684867976225,2014,-0.3,-295_9
1,555.841481131347,0.0,18829.135354574304,141.25899842047846,0.7054333333333334,26.584334595373434,1.0857947255962863,0.9927873088995884,-74.69716166274851,1.6910785223549991,2004,0.4,-299_6
0,98.8191090425416,704.3893632075942,25286.550836931823,1111.5237104328985,0.6892166666666667,26.520131690430105,0.9405578131785314,1.2246743821693524,-72.17738729079326,2.575919077212728,2013,-0.3,-289_10
0,51.254538203378274,0.0,13436.956289976066,484.88375428391066,0.6494666666666667,26.08393838025944,0.9712017854521764,1.206643172279595,-74.38724288972728,2.310916068397469,2011,-1.3,-298_9
1,210.86640392132472,0.0,29013.579131481118,869.2006092547629,0.6678000000000001,26.388760483802685,1.1852275951454432,1.2519345149853038,-74.31986924341831,2.077354094526393,2004,0.4,-298_8
1,1265.6948920662187,5389.152177059023,15671.46270579208,1305.578253558567,0.5508333333333333,25.57867049135677,0.7016078868981911,0.8964953542386468,-74.00096731755589,1.61472172320484,2019,0.9,-297_6
0,282.6088950020188,0.0,45439.41200558552,1503.401163834895,0.74455,25.284204014339764,0.5594313897982541,0.930589273803703,-74.7286026976927,1.120648316939103,2012,-0.7,-299_4
0,66.22042735822471,498.0724721363348,14080.869017781348,1443.7663892701116,0.8177500000000001,25.896575960454697,0.795373168430923,1.5372050913067772,-72.52773025159988,2.607360112156911,2012,-0.7,-291_10
0,221.3854363069037,498.2951089715812,54847.29644494414,1549.3624116654055,0.7413666666666667,25.906288127123617,0.8480192421318425,0.897773052111944,-75.00258885934915,0.8781031902268323,2004,0.4,-301_3
0,1885.613830797455,0.0,27138.986617344497,988.3167376854652,0.7563166666666667,25.973690778270395,0.8133986559529575,0.6810461861154883,-74.5399564880276,1.5608228061576688,2003,0.9,-299_6
0,164.17706021943087,0.0,40322.81123107042,175.89473853673522,0.7223666666666667,25.673630139330896,0.678245364507024,0.7131531783051673,-74.63427959286015,1.259887185977629,2013,-0.3,-299_5
0,76.76282177156929,0.0,8275.396685098407,473.9001887187952,0.8451500000000001,25.54229425605115,0.6913443797580959,1.4685522139470528,-73.5877422868609,2.283966609873884,2017,-0.2,-295_9
1,50.81054657730341,498.2070352775039,5377.516480873237,805.5970083225678,0.7253166666666667,24.756764368613005,0.7771167446436107,0.9652665908909448,-74.45910811245685,1.7764184743463538,2001,-0.7,-298_7
0,235.45697992279,498.2283612963036,8044.1486077773725,3208.594394587206,0.5123333333333333,26.366594832442445,1.1175344250381167,1.6073684943596582,-73.91562736556453,1.6057385703636446,2004,0.4,-296_6
1,241.09866119643357,0.0,2861.2431648305087,1033.7232212728436,0.6134166666666667,27.460287533011467,1.399197748031603,1.500948015287011,-73.92461051840573,2.2345592692473097,2022,-0.8,-296_8
1,708.7924526507165,0.0,11579.128341353724,513.93847365217,0.7201166666666667,26.56879991921045,0.9757129926838548,1.1007398428906945,-73.61918332180508,2.1716771993589434,2020,0.6,-295_8
1,700.7481088113049,0.0,37485.6243303028,1321.120931038925,0.8749,26.616053150204323,1.0235890236267926,0.829535226981463,-74.60733013433656,1.4395502428015332,2007,0.7,-299_5
1,3134.251450071328,1575.4268270852824,25211.859544126302,3869.219234043207,0.5828,26.298309022495403,1.153680757830616,1.7334045371955502,-74.00096731755589,1.8752331555995008,2004,0.4,-297_7
0,233.27548150804165,0.0,29713.025036258157,2350.488978312669,0.7492333333333333,26.10792497863423,1.090079265614171,1.2669849107702535,-74.31088609057711,2.0189636010586245,2018,-0.8,-298_8
1,221.3854363069037,498.2951089715812,54847.29644494414,1549.3624116654055,0.8225,25.7919390055319,0.7306323124687092,0.8542744694816649,-75.00258885934915,0.8781031902268323,2018,-0.8,-301_3
1,218.59721610657937,0.0,15589.067379390715,53.10834757206489,0.57725,26.39627199471181,1.180336026881493,1.2558824611988648,-74.20308825648277,2.153710893676553,2004,0.4,-297_8
1,9418.26066180454,1114.0181705766745,20524.081185438983,1354.4628847411625,0.6401833333333333,26.23550251859677,1.0153568687350931,1.717347870078908,-73.87969475419975,1.798876356449342,2018,-0.8,-296_7
0,214.7890935234177,0.0,40521.79364102987,2866.4105428441862,0.7994166666666668,25.921193907703184,0.9769787987960822,1.1842590614912585,-74.52648175876581,1.3811597493337644,2008,-1.6,-299_5
1,2295.4105828098573,1409.08316823387,19738.5263006099,2030.7806802216069,0.4753166666666667,25.63034428334271,0.8485997262733188,1.9440480848006083,-73.98749258829409,1.9291320726466723,2009,-0.8,-296_7
0,3330.7037366868503,498.1479448918765,32158.73003000194,686.4132642435416,0.7017,26.47318410033523,1.5751322116847877,0.5849617406345827,-74.79148476758107,2.1806603522001384,2007,0.7,-300_8
0,1886.801637121695,498.1034813419798,4354.574415959637,4247.20265584423,0.8562500000000001,27.051608056968405,1.425652745983968,1.0926000994508318,-74.27495347921234,2.4411717845948,2007,0.7,-298_9
0,2721.640294950326,0.0,34240.72293144794,264.9897588937108,0.6234500000000001,26.792653668264222,0.9902993495821674,0.7599509350813087,-74.3602934312037,1.4350586663809357,2016,2.6,-298_5
1,4674.164332222844,0.0,11960.417868413151,7525.3272394962305,0.7403333333333333,27.085821254669725,1.1789157010390858,1.1630597901795932,-74.38724288972728,1.1610725047244816,2022,-0.8,-298_4
0,128.32247444257214,0.0,8781.197293598005,660.4393692516483,0.6162833333333333,26.6596727954194,0.9728684033509296,0.9460723215700212,-73.0442615399686,2.257017151350298,2016,2.6,-293_9
1,764.9364461962067,0.0,21860.13936000396,4250.313485448386,0.4075833333333333,26.15239499903197,0.9364848134098898,1.3593164613692732,-73.99647574113528,1.911165766964282,2013,-0.3,-296_7
0,3846.4736665540327,0.0,10692.68271156449,4308.138299276416,0.8289833333333334,26.238884203774603,0.8979280752701082,1.2010866626392505,-74.25698717352995,1.237429303874641,2018,-0.8,-298_4
0,2776.27590742223,704.5370377063224,29610.971414236425,2706.341876019715,0.6201,25.301560382286368,0.7400605557186674,0.8559944129492947,-74.1536809158562,1.9515899547496605,2015,0.7,-297_7
0,294.2604981991197,0.0,10278.671882070426,1544.7354408007134,0.7150333333333333,26.25390482134412,1.022693107184939,1.1193498565817437,-74.34232712552131,2.315407644818067,2018,-0.8,-298_9
1,775.6660578740566,498.2979624431551,52680.35302423198,3107.3964500323323,0.7945166666666668,26.224884529719304,0.8323348420617679,0.6924350807130977,-74.97563940082557,0.8331874260208563,2022,-0.8,-300_3
1,124.7354611488161,0.0,13399.882999417365,410.0923454510586,0.6580833333333334,27.040655074727567,1.2006307571920751,1.2652587641464796,-72.50976394591748,2.337865526921054,2007,0.7,-291_9
1,904.505914084304,498.0611000419527,36089.66567821144,1156.8883025637977,0.59325,25.29294012136114,0.8682687867365946,1.404569302258552,-72.33010088909357,2.66575060562468,2001,-0.7,-290_10
1,193.77533755506084,0.0,8683.78179348812,171.55073887232209,0.6998833333333333,25.31935929546046,0.8462779591726823,1.516102570451262,-72.8690900595653,2.077354094526393,2008,-1.6,-292_8
0,270.4280730390456,0.0,37814.03029040295,1556.4310207837088,0.6513,25.140430226206377,0.42554746263144,0.5523613172806284,-74.51300702950401,0.7253895919265136,2015,0.7,-299_2
1,263.9686632203497,0.0,24476.89407697609,273.61240870075613,0.5939166666666668,26.656023864580103,1.2470254923631712,1.0125020973327523,-74.39622604256847,2.023455177479222,2007,0.7,-298_8
0,2592.30089375032,1114.0492372983342,6760.526166722827,3642.654410787872,0.82855,26.00114483220483,0.960691668613057,1.5131464149006464,-73.66859066243167,1.6910785223549991,2018,-0.8,-295_6
0,68.3054192010422,498.0759229274188,6499.2401722424565,265.229061642268,0.6259666666666668,26.66369481235836,1.107950221245448,1.4352601308812758,-72.64001966211481,2.5893938064745208,2004,0.4,-291_10
0,213.0204905091421,0.0,22123.72575363612,1206.7181849366398,0.71065,26.61257433381013,0.9130841182298048,0.5250309152329949,-75.22716768037903,1.1296314697802985,2007,0.7,-301_4
0,199.08408158640196,0.0,4983.31841905711,5011.343574678065,0.8303666666666667,25.738275799846576,0.953782882080251,1.3116198484345023,-73.0487531163892,2.131253011573565,2014,-0.3,-293_8
1,278.84862236796,0.0,17756.1494248776,532.6952835008578,0.7259166666666668,25.091752485831023,0.489947837189115,0.7150652748211983,-74.46809126529804,1.1386146226214937,2015,0.7,-298_4
1,284.2787668116816,0.0,39156.11953855403,108.11250210231158,0.7806000000000001,25.81487456642543,0.7864790141695784,1.1063085931625716,-74.60283855791596,1.4215839371191428,2011,-1.3,-299_5
1,434.5121599933908,1494.1457007266729,39100.86691928695,1187.0936497860214,0.60465,25.74888246793108,0.8038176160240087,1.511472741246774,-72.03365684533414,2.7286326755130466,2011,-1.3,-289_10
1,447.34390568519217,498.06638613743047,37528.99774195436,297.92701637521645,0.6557166666666667,26.466683738132417,1.090016901481022,1.4659979040722082,-72.280693548467,2.6388011471010944,2004,0.4,-290_10
1,263.6787738639232,0.0,6341.467430095981,735.169875523292,0.7012833333333334,27.43273673045354,1.4032468302954737,1.553720304920785,-73.65511593316987,2.2525255749297,2007,0.7,-295_9
0,178.19778492691356,498.1508305724281,8160.104920713137,1463.3227788657175,0.7964833333333333,26.385194570239435,1.0384221433072474,1.3918706305226225,-72.69841015558258,2.162694046517748,2004,0.4,-291_8
1,111.35092264213746,704.3869453290571,23496.905334549727,489.1447214205384,0.5856833333333333,26.60641998297621,1.1167287343963506,1.4567568930098964,-72.41993241750552,2.584902230053923,2004,0.4,-290_10
1,2681.674658516397,4700.059053817835,34771.4632608193,4739.403135944344,0.5634166666666667,26.72094247786748,1.0193004735883633,1.0163730011929124,-74.07283254028545,1.7898932036081467,2010,1.5,-297_7
0,16.213856997214485,0.0,20749.8434433196,72.8655842724554,0.6425500000000001,25.910575003753365,0.8356963930372449,1.5293569612903355,-72.43789872318791,2.55346119510974,2011,-1.3,-290_10
0,780.3337364911469,0.0,15099.490520928866,53.98801620112787,0.7282166666666667,25.35585419888747,0.7553428876637523,1.5673167150236618,-73.9919841647147,2.014472024638027,2017,-0.2,-296_8
1,730.2565331792407,0.0,34301.23992177931,452.55271820054224,0.7359833333333333,26.011631107086203,0.8838221833072889,0.8943919286686075,-74.41419234825086,1.3946344785955571,2014,-0.3,-298_5
1,2884.345062099495,0.0,19790.443112443125,2780.495638968558,0.5001,25.91352212986948,0.9660938795935184,1.9028979399669277,-73.97850943545289,1.9201489198054773,2011,-1.3,-296_7
0,23.449550170833447,498.0602216348943,33193.74193334671,2572.8470158685795,0.8346333333333334,25.672433866236247,0.7121950742659219,1.3172531493735982,-71.99772423396935,2.670242182045278,2017,-0.2,-288_10
1,19.59580138356863,0.0,16428.363075858135,1083.7272689405515,0.6589666666666667,25.970292882826584,0.8491664532589146,1.073361092453297,-74.60283855791596,1.6865869459344016,2006,-0.9,-299_6
0,3529.768964302897,4108.456233793905,1444.073522496015,7845.768451367461,0.8699333333333334,25.97163094331597,0.932512255232128,1.4475137032840368,-73.70901485021705,1.6461627581490232,2018,-0.8,-295_6
1,3392.031653639317,4108.424424277511,18859.958928183398,2882.405190524173,0.45825,27.05884564420586,1.0642685264706082,1.1740180278454195,-73.9830010118735,1.6776037930932064,2016,2.6,-296_6
0,973.195569901123,0.0,33636.63109370181,197.51432466955188,0.8221333333333334,25.699223880113493,0.7987176891522138,1.2817733155515325,-74.26147874995054,1.61472172320484,2002,-0.1,-298_6
1,175.0384676380965,0.0,5944.048540737004,3897.757240909192,0.7794833333333333,25.956272522877043,0.6470634698655484,0.8400110325435879,-74.65224589854253,0.1235183515664342,2018,-0.8,-299_0
1,952.6701454710138,0.0,9813.30379070772,42.5354399988708,0.6581833333333333,26.50652506154927,1.2936300561050182,1.0896277315808165,-74.1761387979592,2.4366802081742023,2014,-0.3,-297_9
0,4446.738083689701,5080.913894172976,52.55789019162152,7510.30411136525,0.8645166666666666,25.699276023924146,0.8975461271346048,1.507484594855888,-73.72698115589944,1.637179605307828,2008,-1.6,-295_6
1,1652.543899519727,498.2372050539783,33218.40831737988,1369.6335341512895,0.7784833333333333,26.23013501882673,1.0000216066586878,1.2192732323755775,-74.38724288972728,1.5293817712134854,2018,-0.8,-298_6
0,2204.952995601228,498.2465817745266,12088.206898908822,4464.144660481691,0.7476833333333334,26.746312633472428,0.9403151399111124,0.8878125947151524,-74.01893362323828,1.444041819222131,2016,2.6,-297_5
1,434.5121599933908,1494.1457007266729,39100.86691928695,1187.0936497860214,0.4607833333333333,26.770930827268277,1.1330583186860597,1.4313045232811834,-72.03365684533414,2.7286326755130466,2014,-0.3,-289_10
1,358.055234056713,498.2480086513141,35207.70808558068,2676.820896679962,0.7593000000000001,26.285985874531548,0.9442430796484628,1.045905860517509,-74.64326274570135,1.430567089960338,2018,-0.8,-299_5
1,2884.345062099495,0.0,19790.443112443125,2780.495638968558,0.5169166666666667,26.496729184613173,1.1691139677365896,1.4580562433914572,-73.97850943545289,1.9201489198054773,2014,-0.3,-296_7
0,222.15344053115197,0.0,42898.19911105945,2721.6778308769512,0.8268833333333334,25.631056734213075,0.6301948182213869,0.7443336841686934,-75.16428561049067,0.8781031902268323,2006,-0.9,-301_3
0,708.7924526505868,0.0,11579.128341354011,513.9384736520244,0.8348333333333334,25.58859445412708,0.7921810944318337,1.502647276609138,-73.61918332180508,2.1716771993589434,2006,-0.9,-295_8
0,197.9053093095065,0.0,26512.346694821324,8643.888333209166,0.8572333333333334,26.245671039499317,0.8437313217318931,0.769226314274379,-74.40970077183027,0.7658137797118921,2007,0.7,-298_3
0,291.95411776211046,0.0,10167.063165319938,459.3792271971304,0.6440833333333333,26.172999205884764,0.9922853551991212,1.1351818615237323,-74.5219901823452,1.7135364044579873,2018,-0.8,-299_6
1,755.4562719186175,0.0,27539.971910515,460.7603882463772,0.63625,25.467998144166412,0.8772309986876617,1.266922738362138,-74.21656298574457,2.0189636010586245,2002,-0.1,-297_8
1,80.2930174783167,0.0,21644.913431140518,2648.4134122364017,0.7141500000000001,25.27106194048844,0.6008772336938709,1.0675777456326905,-74.50402387666281,1.1431061990420912,2012,-0.7,-299_4
1,811.8987349731708,996.5007212741996,14408.674732641352,4464.844787021217,0.5447333333333333,26.64179611025378,1.053923645030865,1.1384911222489913,-74.14918933943561,1.40810920785735,2007,0.7,-297_5
1,895.826858894086,0.0,33058.93558506022,1589.5972816170492,0.6233166666666667,26.43609800818473,0.9007078604028477,0.6879353806363371,-74.47707441813924,1.5069238891104977,2020,0.6,-298_6
0,714.5689460928813,996.2633311529638,5318.2247307654925,1960.3169956072195,0.8567333333333335,25.98059451968726,0.971277153782859,1.5094692574040856,-73.42155395929879,2.279475033453286,2008,-1.6,-294_9
0,796.9701821749921,0.0,12306.51063195008,751.3778831466572,0.6235833333333334,26.1167665444944,0.9835796654587844,1.0916503229437986,-74.36478500762429,2.310916068397469,2018,-0.8,-298_9
0,223.90262357478375,0.0,14397.838051389012,3851.708818770952,0.7404000000000001,26.16334983832525,0.9077184579302632,1.260874732278097,-74.24800402068875,1.2733619152394218,2018,-0.8,-297_5
0,616.8700814046409,0.0,30471.06905946768,53.942880483807045,0.73505,26.045983170078102,1.0021318339318075,1.285917912329388,-74.40970077183027,1.5473480768958758,2008,-1.6,-298_6
1,67.84357484930709,0.0,22440.63356527024,1748.5890277061785,0.6381166666666668,26.320433153957023,1.0493313118693186,0.9805005518534468,-74.66572062780433,1.623704876046035,2004,0.4,-299_6
1,284.6339552305293,0.0,34891.00905244111,675.663078089946,0.72045,25.701764671142087,0.6806022390443641,0.884926288721655,-75.05199619997572,1.1026820112567126,2011,-1.3,-301_4
1,1104.065052761296,0.0,2220.7288152223723,59.74445663617597,0.6864333333333333,25.425199185306496,0.6902205581423054,1.481174407236274,-72.6669691206384,2.418713902491812,2009,-0.8,-291_9
1,4761.263723681466,4593.252753700258,31279.91388616552,7091.52618081352,0.61385,25.74414744174487,0.890998252165352,1.8674031638168325,-74.05037465818246,1.7674353215051586,2009,-0.8,-297_7
1,218.09023826442728,0.0,8786.749394458335,2198.8029351943296,0.7689166666666667,26.41962903599972,1.1994043461489925,1.3597738123290306,-74.20308825648277,2.221084539985517,2008,-1.6,-297_8
1,218.09023826442728,0.0,8786.749394458335,2198.8029351943296,0.7199833333333333,26.35316570529068,1.0886692632775208,1.1944224463783906,-74.20308825648277,2.221084539985517,2018,-0.8,-297_8
1,1010.7405242587936,498.2489494469607,25863.381523606065,429.71343558778153,0.66895,25.949116895483314,0.7431171351334466,0.9253470258350168,-74.27944505563293,1.4215839371191428,2013,-0.3,-298_5
1,5422.100066469698,1575.5381025224367,31104.34914786544,2354.791492809476,0.5904833333333334,26.16841453136209,0.935626001046416,1.5154505538780163,-74.1536809158562,1.6012469939430471,2006,-0.9,-297_6
0,65.358356034476,4724.869194617984,41146.37224241003,1750.9601254208294,0.6079333333333333,26.748831135173816,0.9393644373855656,1.0379939942130971,-72.10552206806369,2.746598981195437,2020,0.6,-289_10
0,777.0303017895864,498.1628122411387,15278.623743167524,687.264543892422,0.8497166666666667,26.86197182649965,1.2854638436743508,1.4753560199823816,-73.63265805106688,2.086337247367589,2007,0.7,-295_8
1,4654.583314376384,0.0,31991.521206056783,1830.8992966266028,0.7333833333333334,27.253547395392676,1.3140266530119014,1.3925855350774674,-74.27944505563293,1.5069238891104977,2022,-0.8,-298_6
0,97.50866353789796,0.0,13374.20579315221,326.77392356690166,0.7019666666666667,25.94726710278013,0.9792720257229548,1.3387342388686327,-72.94544685871544,2.310916068397469,2018,-0.8,-292_9
0,271.2131575381816,3342.756184086719,28756.0900573689,5311.586835020511,0.7722833333333333,25.988075809811164,0.7460787291859524,0.777401987384652,-75.07894565849931,0.6355580635145615,2004,0.4,-301_2
1,819.51193901274,0.0,9706.176811474908,869.9622960231756,0.6519333333333334,26.840921674846584,1.1769696554611253,1.540728838942102,-73.96054312977051,1.4620081249045214,2022,-0.8,-296_5
1,2681.674658516397,4700.059053817835,34771.4632608193,4739.403135944344,0.5056333333333334,26.90215515911825,1.097281312108133,1.1172260685145656,-74.07283254028545,1.7898932036081467,2016,2.6,-297_7
1,23.320793234551605,1575.021428425658,29702.709333394298,262.3830119709625,0.6163833333333333,25.90317852627055,0.8977468800267673,1.4766564595571392,-72.0965389152225,2.643292723521692,2008,-1.6,-289_10
1,5687.136989454444,4016.747994724712,21267.33365430741,5856.078662860289,0.5409666666666667,26.09116898007335,0.9907637808071944,1.744783208190011,-73.9830010118735,1.704553251616792,2008,-1.6,-296_6
0,1986.2864983663544,0.0,2824.965893861709,1650.7828398701408,0.7989833333333334,19.49421381471245,0.5547777908565099,0.4610274222320711,-74.93072363661959,2.66575060562468,2004,0.4,-300_10
0,788.361923004032,498.2139976957693,10648.074942620147,677.1960708938715,0.8225833333333334,25.445920699960027,0.7559356754392952,1.0677097105612314,-74.45461653603624,1.7225195572991825,2002,-0.1,-298_6
1,300.0045962840845,0.0,4853.724038194301,146.92581379993615,0.71165,26.38756956338767,1.0452346091285332,1.408063690014772,-73.2329077496337,2.3064244919768715,2018,-0.8,-293_9
0,130.05015060037064,0.0,11251.785710284348,867.7555436805424,0.6368833333333334,26.77530144390181,1.2303771694903538,1.5266220577351308,-73.0218036578656,2.257017151350298,2022,-0.8,-293_9
0,2221.0020988571923,2053.997744491215,2740.8877730227578,9657.912085927892,0.8426833333333335,25.573257978696176,0.911867438568756,1.3970626515868272,-73.0487531163892,2.0548962124234054,2018,-0.8,-293_8
0,515.244793827226,704.3572202724979,39480.46630187585,8102.413846862881,0.8009000000000001,25.39103321743454,0.6403612546542097,1.4477358588911582,-71.88543482345442,2.6927000641482657,2009,-0.8,-288_10
1,1212.2021403792492,0.0,19736.109207573398,166.38097469342927,0.6827166666666667,26.656370386757487,1.171843000558744,0.999327214085442,-74.39173446614788,1.6641290638314137,2007,0.7,-298_6
1,4271.917813463387,3626.37516588535,3339.7535186957857,3762.9482178941066,0.5284166666666668,26.03057003806248,1.0901515008383391,1.4324669039980942,-73.80782953147019,2.3423571033416524,2004,0.4,-296_9
0,1.1686528161642258,0.0,28558.439264068027,391.9301477400701,0.7141166666666667,26.84932599397308,1.177204092047831,1.5061493671095487,-72.36154192403775,2.544478042268545,2022,-0.8,-290_10
1,764.9364461962067,0.0,21860.13936000396,4250.313485448386,0.5129833333333333,24.60084951506235,0.7825927671109137,1.458481513894306,-73.99647574113528,1.911165766964282,2001,-0.7,-296_7
0,70.4905345738787,1795.7784436700424,35131.111439603155,6923.157497294849,0.8277833333333334,26.674603905509343,1.116872902738152,1.476748172348206,-71.94382531692219,2.6747337584658752,2022,-0.8,-288_10
1,217.1779295635841,0.0,15516.697671145364,927.4040354033148,0.7064833333333334,27.355181735683857,1.4548578785707285,1.1239583956970025,-74.22105456216516,2.162694046517748,2007,0.7,-297_8
1,220.1938582245076,0.0,30106.34909959194,2612.711219359933,0.7013166666666667,25.996392137407327,0.9502275232805144,0.9730997337326855,-74.22105456216516,1.843792120655318,2003,0.9,-297_7
0,199.0499450689753,0.0,3701.631716068173,247.6131729357367,0.7498666666666667,25.648427752208192,0.9625217361221322,1.057267984621171,-74.3558018547831,2.5130370073243613,2006,-0.9,-298_10
1,224.51527063023337,0.0,31536.470451886948,1606.097880958481,0.6632333333333333,25.63753373541107,0.5477461976327062,0.6278386513412803,-74.49953230024222,0.7972548146560754,2013,-0.3,-298_3
0,1774.3341410270768,0.0,22229.29148526923,180.9829008972912,0.6494833333333333,25.84316903352129,0.8095700818447832,1.3502503777884158,-74.27495347921234,1.3676850200719717,2011,-1.3,-298_5
0,8.275125810944713,0.0,28797.37729772998,1363.4936927052684,0.7223666666666667,26.474028049855747,0.9597707642150668,1.0745699193186062,-72.35705034761716,2.535494889427349,2003,0.9,-290_10
0,2538.4986177686324,498.177020495727,8411.132373628698,9006.115408089414,0.7455833333333334,26.075949066411056,0.9025537567828548,1.0648064684503402,-73.56977598117851,1.992014142535039,2020,0.6,-295_7
0,1500.7152828133433,1575.5106315096702,33685.70740864878,2532.023163585044,0.8014833333333333,26.097543313475228,0.9729476891556448,1.617378824568265,-74.1536809158562,1.673112216672609,2011,-1.3,-297_6
0,7142.510586770149,2490.943439492354,32360.472847199344,854.8278884200581,0.6325833333333334,27.02604983554886,1.407727714678341,1.6205578983549496,-74.11774830449143,1.911165766964282,2022,-0.8,-297_7
1,4063.390032526573,1114.03910389178,33802.37978902037,2029.8724766376645,0.4947166666666667,25.72285118767138,0.7748553473176175,0.8617561196271691,-74.12223988091202,1.7270111337197802,2019,0.9,-297_6
1,4760.72358942951,2682.8485415459068,22138.0609221976,4388.715759234775,0.5872833333333334,25.6953783769128,0.8978892666960917,1.89042428233154,-73.9650347061911,1.8842163084406964,2012,-0.7,-296_7
1,215.6241907063216,0.0,37955.6007772828,2492.9657182173946,0.7804500000000001,25.916614651033,0.8662726348178835,0.8361518501670079,-74.51749860592462,1.3587018672307762,2014,-0.3,-299_5
1,1107.594211965469,1494.4196982022822,796.5454647737402,2226.7114182328123,0.5714,26.49266641395468,1.118935927412083,1.4804294659643074,-73.84376214283498,2.230067692826712,2004,0.4,-296_8
1,285.4881326050943,0.0,42428.4381439558,443.4628507450629,0.7519,25.847178315994316,0.8805932559663147,1.1948651496936105,-74.5399564880276,1.4215839371191428,2006,-0.9,-299_5
1,4765.045700263716,3592.5571150644214,36410.60948764742,2075.899143355615,0.51315,26.18265154238429,1.067286670242712,1.6128349349300972,-74.11325672807082,1.843792120655318,2018,-0.8,-297_7
1,337.8567557566232,0.0,23118.316859419778,1796.6972689996087,0.7944833333333333,24.539583536178384,1.1014965171507545,0.4151719898150977,-74.80046792042226,2.396256020388824,2006,-0.9,-300_9
0,376.8278009946123,498.13767236076416,2273.724356681147,1708.439448728553,0.8265,27.00448157212338,1.248554982100399,1.36719119667807,-73.27333193741907,2.243542422088505,2007,0.7,-294_8
1,65.31126435352543,0.0,2343.440961353912,1248.929242703153,0.6737500000000001,26.661038969061394,0.958374320362132,0.9845848650095892,-73.28680666668086,2.319899221238664,2020,0.6,-294_9
1,154.73002537525826,996.3002183077148,8533.655721942963,2489.075697333566,0.5769500000000001,27.456187272345858,1.1700969087602044,1.081148772298765,-73.93359367124692,2.1671856229383457,2016,2.6,-296_8
1,1883.9417176209229,0.0,31188.36878142823,373.704981807437,0.7374333333333334,26.23013501882673,1.0000216066586878,1.2192732323755775,-74.39173446614788,1.5473480768958758,2018,-0.8,-298_6
0,185.45267728381685,0.0,32994.920629107364,758.1788714718682,0.7794000000000001,25.50595632690812,0.6172917339960047,1.0958514125095815,-74.32436081983892,0.6086086049909758,2011,-1.3,-298_2
0,418.3463395615787,498.2962691762803,40771.45670022699,686.281375715675,0.7539,25.967091809061344,0.7328078341354636,0.7591232524117074,-75.21818452753784,0.8601368845444419,2018,-0.8,-301_3
0,23.449550170833447,498.0602216348943,33193.74193334671,2572.8470158685795,0.7981166666666667,25.45476329615957,0.6545483213662955,1.514961378337233,-71.99772423396935,2.670242182045278,2009,-0.8,-288_10
1,3944.053363404887,2054.3484330500023,13697.774963024482,2969.3898861172847,0.5702833333333334,26.558830502106616,0.7785421170082031,0.7373964989858534,-74.167155645118,1.385651325754362,2024,1.9,-297_5
1,212.9784243529818,0.0,43093.76269294855,1969.60330954946,0.753,26.285985874531548,0.9442430796484628,1.045905860517509,-74.57139752297178,1.4036176314367523,2018,-0.8,-299_5
1,428.9170405611027,1992.194267635564,39057.78515889595,694.3733895460929,0.4576833333333333,26.71453941377445,1.000055254825944,1.2561266557138375,-72.03814842175473,2.7286326755130466,2013,-0.3,-289_10
0,335.7890564246842,0.0,35078.730991435856,2309.19360278614,0.656,26.829132852069904,0.8800408001973451,0.5315576388251883,-74.68817850990732,1.3946344785955571,2016,2.6,-299_5
0,832.522613778167,996.6222014886082,13455.82445836745,5805.0208254218105,0.6970666666666667,26.18649282746577,0.8950146673213889,1.0420374179652143,-74.1357146101738,0.5816591464673901,2004,0.4,-297_2
0,229.9191305527247,0.0,14312.89328956566,8710.934846611752,0.8862666666666666,26.41641845903331,1.0285977186233268,0.9862751001265064,-74.05935781102366,2.396256020388824,2013,-0.3,-297_9
1,2350.035754678828,1114.089980376361,19424.41704672863,477.5363187637676,0.5369166666666667,26.87652344110205,0.9687801136640792,0.9703780697565773,-74.05486623460305,1.5383649240546806,2016,2.6,-297_6
0,3462.9142905495382,1114.0339494939103,17507.870436870722,5027.977778605082,0.8135333333333333,26.074439226171023,0.876990713102015,1.14211384625873,-73.90664421272334,1.7449774394021706,2003,0.9,-296_6
0,759.0609183496065,0.0,33113.477620964855,1941.7995071785203,0.6700666666666667,25.860958854198717,0.7141840588662868,0.8989963149929618,-74.78699319116046,1.3676850200719717,2006,-0.9,-300_5
1,4525.942412445149,8110.455241153237,21664.525884043134,809.166623242,0.5386000000000001,26.357777875469598,1.0211992346784426,1.652865511597227,-74.03240835250007,1.6641290638314137,2018,-0.8,-297_6
1,82.54943224026132,0.0,4305.05055844206,719.0013138914202,0.7113833333333334,26.322963352906584,0.8919418751439564,1.1720457953397825,-73.32723085446625,2.2929497627150788,2013,-0.3,-294_9
1,985.7979796261716,0.0,30390.54424465544,852.8343548266887,0.7658166666666667,26.424438954278628,1.0964488599028372,1.4727636360697856,-74.24800402068875,1.6865869459344016,2018,-0.8,-297_6
0,608.939707853808,0.0,3732.712100020201,232.58532884385613,0.7826500000000001,24.4377927669305,0.8633789759699421,0.8610322600544417,-74.40970077183027,2.486087548800776,2001,-0.7,-298_9
0,277.75849457631364,0.0,53034.426045334505,2470.598424382277,0.7552,26.101021671967032,0.8660635241396872,0.9406904039403314,-74.77351846189868,0.8960694959092227,2004,0.4,-300_3
0,194.06574055057908,498.15511201331657,8303.901834061779,486.2369417028564,0.84345,26.31237687117249,1.1299643695714268,1.3602289056898351,-72.96790474081844,2.1357445879941626,2007,0.7,-292_8
0,165.7297991772719,0.0,31036.57867038157,1432.1168453060154,0.7190000000000001,24.41343963994575,1.231666466771689,0.4074462247244517,-74.86784156673123,2.2255761164061147,2016,2.6,-300_8
1,1286.5380854019334,996.344725735024,12899.387522796498,2027.1543512702867,0.6561833333333333,25.70725173666977,0.8728480581534757,1.7954771097866198,-73.9740178590323,2.023455177479222,2009,-0.8,-296_8
0,211.12482448167088,0.0,20477.517262725803,1134.0079766124093,0.6648333333333334,25.563784256613246,0.903053065687372,1.3134371517791144,-74.41419234825086,1.992014142535039,2012,-0.7,-298_7
0,1837.522519450168,0.0,10010.852807178286,2975.816782872337,0.6527000000000001,25.432179240916756,0.6468269127432533,0.7378293875156974,-73.9740178590323,1.4485333956427284,2019,0.9,-296_5
0,1111.7108067696277,2682.351769553165,9285.92422976074,3334.852896402452,0.8352333333333334,25.627381348109395,0.7214446092975483,1.3922945699152134,-72.0785726095401,2.45913809027719,2011,-1.3,-289_9
1,74.89375020539464,498.1324340725064,2784.446486969763,1503.7740307199767,0.83765,27.442002323451447,1.4528162682482553,1.2581089069624156,-73.95605155334991,2.2749834570326883,2007,0.7,-296_9
0,1980.037817598052,2491.5535439761275,11873.52958945991,7576.592057042908,0.7986000000000001,26.289876024868303,0.8265603406718073,0.8422460948801426,-74.12223988091202,0.5906422993085854,2007,0.7,-297_2
1,26.33518774564197,498.21170826266217,17908.378295083134,729.9039512788595,0.73055,26.49948153115662,1.198457453175379,1.4088076010932191,-74.3468187019419,1.740485862981573,2004,0.4,-298_6
1,134.11035277941892,0.0,25701.23884003144,1265.750499701819,0.60755,26.52709320676797,0.990845446326698,0.7438589477971767,-74.67021220422492,1.5338733476340831,2007,0.7,-299_6
1,6446.122111549245,4016.687816550472,13584.939588168572,2487.6065522048607,0.5401833333333333,26.087208952124968,0.8773511642680103,1.3109601361644945,-73.76740534368481,1.762943745084561,2013,-0.3,-296_7
0,2777.132115492661,704.5370377063224,27529.521881363085,989.6056759743344,0.8246166666666667,24.49907475147745,0.8099785730450727,1.221625802635729,-74.09978199880904,1.9515899547496605,2001,-0.7,-297_7
1,222.9364909634809,498.2973980215028,45235.20225304056,482.2278051164842,0.7974666666666668,25.119699188617176,0.4808738920155527,0.7608638230431821,-75.11038669344349,0.8421705788620515,2012,-0.7,-301_3
0,571.160404510493,1992.8674065275893,35069.76119580895,1463.6614021617206,0.6692166666666667,25.59321995279572,0.7924148597986482,1.5128975628296757,-74.1536809158562,1.7000616751961946,2017,-0.2,-297_6
0,6344.728196001979,5569.652704612739,315.4875956458568,5876.803527883207,0.82365,26.780208257937943,1.219766730228704,1.4996224870818338,-73.34070558372804,2.072862518105796,2022,-0.8,-294_8
0,783.0704562489489,0.0,38651.919806695645,1756.0245834961484,0.6655,26.066438596454987,0.8947069079873938,0.8616590136695416,-74.46359968887744,1.4575165484839236,2021,-0.9,-298_5
0,176.32246584258883,0.0,3768.1423207252633,400.4934093478104,0.7181000000000001,26.385194570239435,1.0384221433072474,1.3918706305226225,-72.6669691206384,2.2390508456679075,2004,0.4,-291_8
1,4754.931555298007,704.5460861434119,22828.25798889701,4630.57239186258,0.8498666666666667,25.966486819658428,0.8777448393006861,1.275961079554632,-73.71350642663764,1.9066741905436844,2013,-0.3,-295_7
1,708.7924526507165,0.0,11579.128341353724,513.93847365217,0.7839333333333334,25.8291020394837,0.895009599402545,1.6825478742201616,-73.61918332180508,2.1716771993589434,2011,-1.3,-295_8
0,3417.277936613979,5079.603724701366,6128.343200600388,7497.923405102655,0.7126333333333333,24.539951065071307,0.9705682474240432,1.4624509739913716,-73.86622002493796,2.481595972380178,2011,-1.3,-296_9
1,287.4084942015322,498.24705217391903,39435.73345737156,768.0725550885568,0.7276,25.81487456642543,0.7864790141695784,1.1063085931625716,-74.58487225223358,1.4395502428015332,2011,-1.3,-299_5
0,99.48160205786658,0.0,7927.327935884321,352.4650247842159,0.6399,26.570354584138727,1.0673422806573132,1.3104493882441774,-72.56366286296465,2.3648149854446405,2014,-0.3,-291_9
1,280.5060288496375,498.187417670298,30716.985389563804,2218.2848809936145,0.6458833333333334,25.921039418357395,1.0331828869751063,1.6297613322675126,-74.23452929142697,1.9201489198054773,2012,-0.7,-297_7
0,1912.8766925336688,498.14432208447386,6453.581580203866,1197.6344688788486,0.86095,27.01346574086017,1.2516328923419124,1.3660232955782794,-73.36765504225163,2.2031182343031266,2007,0.7,-294_8
1,393.0292601189567,498.136182434081,8493.524909724052,369.34498935624015,0.7528833333333333,25.32528086719424,0.6521407549778733,1.3624189527188009,-73.44850341782238,2.2525255749297,2017,-0.2,-294_9
0,6695.8820051749335,2054.1430961291376,33245.83810084091,4082.997383320297,0.45185,26.211695075486773,0.910952812870864,1.3937653628080662,-74.04139150534127,1.8078595092905367,2013,-0.3,-297_7
0,185.45267728381685,0.0,32994.920629107364,758.1788714718682,0.7742333333333333,26.138197098608146,0.8461983574344333,0.9891479092583166,-74.32436081983892,0.6086086049909758,2004,0.4,-298_2
0,5229.640435407528,0.0,56315.98386872535,9513.07749620932,0.7084166666666667,26.041160478781705,0.8226850162622013,0.8567539918180612,-74.77351846189868,0.7433558976089041,2004,0.4,-300_2
0,1875.7088541744004,498.1406365174397,1468.5772720714397,2583.5416959850418,0.62595,26.551746526069167,0.9481674009341772,0.9493616818091292,-73.14307622122175,2.2255761164061147,2016,2.6,-293_8
0,279.5664307422573,498.289637158952,37151.230525637766,5961.073922867448,0.8309833333333334,26.34081612878498,0.8377105981784766,0.5621180133214488,-75.15979403407007,0.9589515657975892,2007,0.7,-301_3
0,143.877324637199,0.0,37316.193781021095,1847.330771243565,0.7579166666666667,26.05320360146601,0.729523825492871,0.6806154718677299,-75.27208344458501,0.8646284609650394,2018,-0.8,-302_3
1,188.99095496555125,0.0,14074.987623981806,273.6787008210917,0.7926833333333333,25.35241625593352,0.8799369514735487,1.4991085550482188,-72.94095528229485,2.1806603522001384,2008,-1.6,-292_8
1,5446.062119282279,498.2105478610424,11793.360667773512,15.64107477251146,0.5076333333333334,26.09777593837805,1.0467927277960545,1.5443710796786927,-73.72248957947883,1.749469015822768,2004,0.4,-295_6
1,215.76986033191693,0.0,36667.59123562294,141.89328966512642,0.6010666666666667,26.649712485545763,0.9447109762146224,0.7131116021906082,-74.52648175876581,1.3362439851277883,2016,2.6,-299_5
1,5831.967929896148,3341.9682519250537,28707.81338638495,1673.017042629009,0.45645,25.916552821880657,1.0955268011056682,1.6617974573867595,-74.06384938744425,1.893199461281892,2008,-1.6,-297_7
0,120.68704764559658,498.1428478609324,3162.0159329814483,770.6698006162601,0.7854833333333333,26.60493958128677,1.0589303706320388,0.8947791582466351,-74.08630726954723,2.2121013871443216,2020,0.6,-297_8
1,277.4563851686489,0.0,11723.776664606848,117.53037960670596,0.68735,26.64179611025378,1.053923645030865,1.1384911222489913,-74.08181569312664,1.4036176314367523,2007,0.7,-297_5
0,272.8847873092595,0.0,14325.022025962307,684.0208990287075,0.7459666666666668,26.44766723214815,0.9646736329560752,1.260678279225075,-72.58612074506765,2.1806603522001384,2014,-0.3,-291_8
0,2777.132115492661,704.5370377063224,27529.521881363085,989.6056759743344,0.7535166666666667,26.69916736551028,1.0723090742535446,0.929786856031387,-74.09978199880904,1.9515899547496605,2010,1.5,-297_7
1,40.21349739460047,498.0878122881547,3251.37365722971,2513.827808879689,0.6629833333333334,26.22340383632212,1.070605364571925,1.3824239553153594,-72.77925853115333,2.5265117365861545,2004,0.4,-292_10
1,5472.433958338304,2682.942784402045,12839.931394481364,653.8293416576043,0.6340833333333333,25.538422682586827,0.7885488009064398,1.4471190141939536,-73.70003169737585,1.753960592243366,2002,-0.1,-295_7
0,761.1697819627421,498.21570692321615,13976.195147066945,1270.516624098576,0.78295,25.627369795612253,0.730139755923204,0.9303992934464552,-73.89766105988214,1.7090448280373898,2019,0.9,-296_6
0,419.1417715567554,1113.7024400619764,31011.907748903308,638.9113430295256,0.6721,25.58195445055361,0.6744323988689777,1.3462768791331847,-72.07408103311951,2.656767452783485,2017,-0.2,-289_10
1,296.7939579954,0.0,14632.70962015413,161.77834509001212,0.7234333333333334,26.447337547389964,1.1064232349174417,1.078835849041476,-74.62080486359835,1.7270111337197802,2004,0.4,-299_6
0,2335.443990691205,498.14650204533206,374.4687686977295,1271.5523836915984,0.7777166666666667,26.224666418836364,1.00108128666922,1.4026478106357183,-73.30028139594266,2.189643505041334,2018,-0.8,-294_8
0,191.7162171224236,498.3003769063395,38289.9281273173,678.125955454851,0.6934,26.02597994688284,0.792783578346707,0.7896324541055804,-75.15081088122888,0.7927632382354778,2004,0.4,-301_3
0,342.6536060422456,0.0,1985.696048790056,237.1427044997272,0.7025,26.858514230213476,1.2365247724270358,1.3010322855214935,-72.78375010757394,2.4232054789124096,2007,0.7,-292_9
0,2907.4566109147872,2490.7031825871986,2216.5149493852778,5205.500861708853,0.8103666666666668,25.31127881481291,0.6615834925076598,1.31105070188799,-73.2329077496337,2.2255761164061147,2017,-0.2,-293_8
1,142.49361121916527,0.0,17880.119795090446,1824.975065012148,0.6606166666666667,26.60275998580533,1.1879006394850904,1.2182973256614562,-74.29291978489474,2.185151928620736,2004,0.4,-298_8
1,5017.7613047333625,0.0,21794.886747237077,8129.773729555397,0.6973833333333334,25.039769940198028,0.4237282445244275,0.5674261160802055,-74.30639451415652,0.7343727447677089,2015,0.7,-298_2
0,270.55278672012554,0.0,40024.75891861247,1471.608149020909,0.69015,25.545629360611144,0.5597400548236244,0.948488762081852,-74.24351244426816,-0.0471615524162748,2006,-0.9,-297_-1
1,223.90262357478375,0.0,14397.838051389012,3851.708818770952,0.7561333333333333,25.920888093722738,0.8331901854352597,1.0938383624204586,-74.24800402068875,1.2733619152394218,2021,-0.9,-297_5
1,34.021167322637694,0.0,21643.199574747327,755.0866784281591,0.7380833333333333,26.656370386757487,1.171843000558744,0.999327214085442,-74.36927658404488,1.659637487410816,2007,0.7,-298_6
0,226.0249121460294,498.306491403634,35505.21537849787,945.277103774614,0.80005,26.29435149879868,0.8197716899568315,0.7435249304485906,-74.43665023035385,0.6804738277205375,2007,0.7,-298_2
1,1212.2021403792492,0.0,19736.109207573398,166.38097469342927,0.6237333333333334,26.160128485918392,1.0096837859405745,0.9178135507493432,-74.39173446614788,1.6641290638314137,2014,-0.3,-298_6
1,2537.086709682952,498.2111280621901,35038.16254780355,198.21002971492587,0.4218,25.72285118767138,0.7748553473176175,0.8617561196271691,-74.12223988091202,1.7449774394021706,2019,0.9,-297_6
1,4525.942412445149,8110.455241153237,21664.525884043134,809.166623242,0.5463166666666667,26.09116898007335,0.9907637808071944,1.744783208190011,-74.03240835250007,1.6641290638314137,2008,-1.6,-297_6
0,2470.2057776251745,498.1822739971786,11197.37857383826,828.8206213124209,0.7360166666666668,25.793265745960923,1.0510432507738467,0.7228999350106178,-74.85885841389003,1.9560815311702584,2011,-1.3,-300_7
0,207.09536345372496,0.0,6941.870509080472,1357.3895171075535,0.555,26.148881458154733,0.8424795018575955,0.862567625700931,-74.80495949684286,1.6416711817284255,2008,-1.6,-300_6
0,277.70994944849923,0.0,2861.9467758911333,5261.337945635303,0.7834166666666668,26.44619211534712,1.0646652734765174,1.6254358163795546,-73.55630125191672,2.4007475968094214,2008,-1.6,-295_9
1,2205.3365024244763,0.0,31736.78554777146,1079.6381750285925,0.70145,26.26820923682669,1.019611062153283,1.233365565388347,-74.3602934312037,1.556331229737071,2018,-0.8,-298_6
0,323.97074440332096,0.0,17415.142466519137,0.0246142836138017,0.60955,25.899974946241457,1.059909189137085,1.304664042991318,-74.39173446614788,1.9426068019084648,2008,-1.6,-298_7
1,1229.5550797332426,2054.207621718165,14506.765732495238,347.5568551667501,0.5149166666666667,24.755851278925263,0.7468976840797192,1.4212736643365231,-73.92011894198512,1.6865869459344016,2001,-0.7,-296_6
0,199.2335403950824,0.0,22680.718108200315,180.80876277658865,0.6413833333333333,26.72664811133853,1.2866675933149836,1.2996599680676313,-74.3558018547831,1.9740478368526488,2022,-0.8,-298_7
0,411.2062888801059,996.1257450743856,35268.56254192477,1248.0038042791048,0.6829666666666667,26.558804522424964,1.0428530058249272,1.549372167856755,-72.21781147857864,2.656767452783485,2018,-0.8,-289_10
0,282.82326753558874,0.0,45597.10773376416,1615.162782473505,0.7343000000000001,26.090653185739484,0.8170958489477903,0.962892562519358,-74.7286026976927,1.1296314697802985,2018,-0.8,-299_4
0,1279.1925629310697,0.0,10157.15603184562,1743.5787681958866,0.7338666666666668,25.80601999973311,0.9044144819365846,1.739382336950133,-73.68655696811405,2.1357445879941626,2011,-1.3,-295_8
0,1431.056067000393,498.2902643038493,45564.43779157764,3562.7359468981376,0.7635166666666667,26.506204690459583,0.9241759050603924,0.8203772545089906,-74.7196195448515,0.949968412956394,2022,-0.8,-299_3
1,911.0588330314564,1114.0005329891003,35239.68136478966,1354.7012407895727,0.5098833333333334,27.038286944163303,1.1850539679740206,0.8764963988091016,-74.1761387979592,1.8572668499171108,2010,1.5,-297_7
1,191.22051586632003,0.0,39660.49996252262,1703.637016724335,0.7127166666666668,26.06878206723792,0.9161174037057296,1.073930184451272,-74.60283855791596,1.2958197973424097,2018,-0.8,-299_5
1,113.76525790095994,0.0,22456.674587406946,919.3184875325912,0.6866333333333333,25.94071033866481,1.0273456024173668,1.4921625185022274,-74.29291978489474,1.8572668499171108,2011,-1.3,-298_7
0,2721.640294950326,0.0,34240.72293144794,264.9897588937108,0.6904166666666667,25.54634835926379,0.7534671359967486,1.2967752094224605,-74.3602934312037,1.4350586663809357,2017,-0.2,-298_5
0,217.51450051704217,0.0,32518.40133876333,1097.6896875536247,0.7051000000000001,25.690981067173084,0.6260174070878222,0.5968390056395704,-75.17326876333186,1.0128504828447604,2021,-0.9,-301_4
0,413.0576611117379,1113.6905497601208,40370.053860985936,1905.6339990060333,0.5523333333333333,25.29294012136114,0.8682687867365946,1.404569302258552,-72.2627272427846,2.6837169113070707,2001,-0.7,-290_10
0,288.7870149352465,0.0,15499.128670480057,111.94499552686058,0.6720833333333334,25.001666011068096,0.8386774648742308,0.9548834173356852,-74.29741136131533,2.2165929635649197,2001,-0.7,-298_8
1,230.64146179082908,0.0,8839.327773809746,7675.250883134304,0.7871333333333334,26.204939085486277,1.059434269919144,1.1174906666676587,-74.05037465818246,2.3423571033416524,2021,-0.9,-297_9
0,222.85705993582008,498.2951089715812,35350.81530356276,3163.739262917293,0.7993166666666668,26.239596234704607,0.9292477058584768,1.0185197655413736,-74.58936382865417,0.8781031902268323,2004,0.4,-299_3
1,40.21349739460047,498.0878122881547,3251.3736572295647,2513.827808879689,0.67925,27.06666398929809,1.2874842578051655,1.3638786533698777,-72.77925853115333,2.5265117365861545,2007,0.7,-292_10
0,279.89783021106626,0.0,59491.07219917035,1139.945786258789,0.6539833333333334,25.549936464879067,0.6157823396244989,0.606606294950163,-74.87233314315182,0.9679347186387844,2014,-0.3,-300_3
0,359.0057858755974,498.1450435114255,14605.611975546251,1160.701597933822,0.7834666666666668,26.254353209323316,1.08897071791973,1.5149812521197816,-73.5787591340197,2.198626657882529,2004,0.4,-295_8
0,113.09267147977016,0.0,25340.33253112737,515.9837873548804,0.7198833333333333,26.42719412027958,1.0700251336706776,1.3903976070479134,-72.25823566636402,2.5130370073243613,2004,0.4,-290_10
1,1286.5380854019334,996.344725735024,12899.387522796498,2027.1543512702867,0.7475333333333334,27.169187019521985,1.3772245538415095,1.471971006074476,-73.9740178590323,2.023455177479222,2007,0.7,-296_8
0,270.4280730390456,0.0,37814.03029040295,1556.4310207837088,0.7205666666666667,25.749613775476973,0.6146449997404414,0.6671614879279559,-74.51300702950401,0.7253895919265136,2014,-0.3,-299_2
1,202.8335304262085,0.0,11709.635937256946,4467.680144697149,0.6919833333333333,26.48386404456852,1.1088207845271538,0.7127104822859605,-75.15530245764947,1.3587018672307762,2004,0.4,-301_5
0,1099.6748211702502,0.0,510.48703129114654,1198.4836208239783,0.7139500000000001,26.78064602789857,1.1606102286768547,0.88001055077609,-74.51749860592462,1.82133423855233,2007,0.7,-299_7
1,2452.2460013704413,3341.491573758641,3296.051508531994,3338.4686279164625,0.7002666666666667,26.159104879147836,1.0869952100466944,1.3242352175178609,-73.88418633062035,2.34684867976225,2018,-0.8,-296_9
1,279.2993961982684,0.0,55029.65154522648,97.80088475707032,0.7121500000000001,25.7919390055319,0.7306323124687092,0.8542744694816649,-74.96216467156377,0.9409852601151988,2018,-0.8,-300_3
1,61.04143030740015,498.0548727299032,35728.05512157314,1937.286623550476,0.6537166666666667,25.898621566521683,0.8896722945152153,1.579389376596015,-72.10552206806369,2.6971916405688634,2008,-1.6,-289_10
0,127.1567890281044,0.0,6788.284838134999,56.05471808920204,0.7322166666666667,27.220918674097906,1.2883618192031825,1.3664102941816472,-72.56366286296465,2.539986465847947,2007,0.7,-291_10
1,211.12482448167088,0.0,20477.517262725803,1134.0079766124093,0.6386666666666667,26.656023864580103,1.2470254923631712,1.0125020973327523,-74.41419234825086,1.992014142535039,2007,0.7,-298_7
1,212.82328629322376,0.0,25638.04680468907,1155.760751802975,0.8471500000000001,25.791294698671265,0.5632352391176559,0.558862368102618,-75.15530245764947,0.6625075220381471,2003,0.9,-301_2
1,904.8906686295596,498.067264533617,35601.073013057765,2.436869933659404,0.6483666666666668,25.796580951298097,0.659976336352741,1.254951933806158,-72.25823566636402,2.634309570680497,2005,0.6,-290_10
0,156.7273957154771,0.0,33916.28340756148,639.1309678199746,0.7853,25.67600632675675,0.7780675847430719,1.1287564579168945,-74.52648175876581,1.4979407362693022,2012,-0.7,-299_5
1,12.906565214037142,0.0,57028.94286255821,2604.939368330554,0.7145833333333333,26.066451105556386,0.7678524469683884,0.8993642912523573,-74.83640053178704,1.0263252121065534,2018,-0.8,-300_4
0,2191.1625864810144,0.0,6018.928474412482,246.77935701720543,0.6304333333333333,26.060692111248212,0.8497522230489648,1.1080217172505469,-74.62978801643955,1.8617584263377085,2011,-1.3,-299_7
0,160.72270995474543,498.1508305724281,102.26347964821204,1076.0611808937122,0.7798333333333334,26.11724932539238,0.8529551545289283,1.1643072765112894,-72.13247152658728,2.162694046517748,2018,-0.8,-289_8
0,100.8517168071003,0.0,2555.53982771446,2045.9305704740625,0.7486166666666667,26.97745281908982,1.3648437116318746,1.3779165756820904,-74.10876515165023,2.2390508456679075,2022,-0.8,-297_8
1,1093.0734591109072,2989.1991193294566,36955.18331797138,1295.3384442590104,0.7190833333333333,25.996392137407327,0.9502275232805144,0.9730997337326855,-74.1581724922768,1.830317391393525,2003,0.9,-297_7
0,73.12915468644667,704.4119666431002,14889.609684637106,2294.0836722987715,0.8301000000000001,27.17675719151299,1.2036774960106955,1.2814451994534013,-72.13696310300787,2.4905791252213736,2007,0.7,-289_9
0,340.3825345085878,0.0,21569.296990644696,6160.335719830383,0.8430166666666666,24.07720078865321,1.201993224113438,0.3905657439175065,-74.86334999031062,2.351340256182848,2007,0.7,-300_9
0,4037.474298055608,2989.337708841208,1600.9397309641363,4137.249286509802,0.8514833333333335,25.841770022850422,0.9495955668421346,1.6526640702519184,-73.76291376726421,1.6506543345696207,2008,-1.6,-296_6
1,280.71920654449383,498.1955721651889,26953.53574236832,421.2388372608572,0.7212500000000001,26.83226323765001,1.3100749373151024,1.1060980848872717,-74.25249559710934,1.8617584263377085,2007,0.7,-298_7
0,218.59721610657937,0.0,15589.067379390715,53.10834757206489,0.66905,25.70011965619318,0.8763928229797128,1.1464719070121616,-74.20308825648277,2.153710893676553,2002,-0.1,-297_8
0,297.6367230958891,498.1593306864783,2105.953178840447,7739.910809886399,0.8151166666666667,25.90137031238345,1.026510477025943,1.4289165616980597,-73.06222784565098,2.1087951294705767,2004,0.4,-293_8
0,747.3822938337478,1796.73099422952,12038.13942534248,8274.40784800018,0.7270166666666668,26.12734438248259,0.7363026208601662,0.8170862345558813,-74.58487225223358,-0.0471615524162748,2004,0.4,-299_-1
1,983.9200843060598,498.2783170578467,17635.840690918503,1938.6408464112928,0.7609,26.08564736536698,0.8744311505498253,1.101126685536959,-74.47707441813924,1.1071735876773103,2018,-0.8,-298_4
1,9902.20072045809,1114.0141381508586,20083.374593786943,1105.945899794295,0.7008,24.59944101866853,0.7397600971302555,1.3964980189023075,-73.83477898999378,1.812351085711135,2001,-0.7,-296_7
0,160.85406533822294,0.0,6489.565692464484,121.27427275494873,0.8338333333333334,27.24830455179409,1.4322984434500643,1.220104312507221,-74.08630726954723,2.1582024700971503,2007,0.7,-297_8
1,1286.4552398615965,498.166262406438,12339.600159388534,731.5879458850718,0.6684166666666668,26.25093412412264,1.107992509463056,1.5616600094946598,-73.74045588516123,2.063879365264601,2004,0.4,-295_8
1,911.6422431660504,704.3685115051637,32902.25241785732,2064.179023811689,0.5710666666666667,25.772622862316386,0.8003884219789535,1.5995459952330833,-72.17738729079326,2.6522758763628875,2011,-1.3,-289_10
1,212.9784243529818,0.0,43093.76269294855,1969.60330954946,0.7319166666666668,25.87831714554926,0.7065603777908627,0.6892386064710317,-74.57139752297178,1.4036176314367523,2013,-0.3,-299_5
1,1721.6218275551091,498.2576517224798,14903.786276341618,621.8663214114372,0.5153833333333333,26.901762138275277,0.9694916852304236,0.8514377308354243,-74.21656298574457,1.3362439851277883,2016,2.6,-297_5
0,1751.3976663720534,0.0,17280.251652527677,39.36919146733038,0.6590333333333334,25.93648413068752,0.9731075601602486,1.7500283758149973,-74.02342519965887,2.036929906741015,2011,-1.3,-297_8
0,3801.511822418601,0.0,57587.99990972037,6507.758265718678,0.6679666666666667,26.014944838864665,0.6430853197726086,0.5555803372889941,-74.75555215621628,0.7658137797118921,2020,0.6,-300_3
0,208.3069006114412,0.0,25835.96286925756,1013.524046184158,0.7806500000000001,26.69916736551028,1.0723090742535446,0.929786856031387,-74.14020618659441,1.983030989693844,2010,1.5,-297_7
0,1308.521896809353,0.0,19087.15051420119,240.1980728830828,0.6815,26.70962214350277,1.0161479265770204,0.9970348713638658,-74.70614481558971,1.7674353215051586,2018,-0.8,-299_7
0,810.1368887563949,498.17901212817065,8854.916805400491,1716.3946852614908,0.6382166666666668,26.177725026403664,0.9120393046037426,1.296824783839165,-73.83477898999378,1.978539413273246,2013,-0.3,-296_7
1,3277.8513588780643,0.0,29382.648259928024,965.5761531484133,0.7208666666666668,26.396037667846315,1.0184694649780777,1.326386971337168,-74.28842820847413,1.4620081249045214,2018,-0.8,-298_5
0,219.0209910481303,0.0,27967.98118786719,2534.2351013375824,0.8426,26.520237708689933,1.107447537189124,1.256490727028612,-74.40071761898908,1.3317524087071906,2004,0.4,-298_5
0,4307.798658809932,4256.61632050623,37433.24106541271,2018.7301896666756,0.6723,26.490932734235685,0.9062873697171,0.8029317347831445,-74.11774830449143,1.8348089678141228,2024,1.9,-297_7
0,154.73002537525826,996.3002183077148,8533.655721942963,2489.075697333566,0.6831833333333334,27.460287533011467,1.399197748031603,1.500948015287011,-73.93359367124692,2.1671856229383457,2022,-0.8,-296_8
1,490.3391843698069,0.0,5368.982301912519,1158.519118590974,0.6889000000000001,25.802509182023243,1.0046077100037427,1.108921054851158,-74.1851219508004,2.3872728675476287,2018,-0.8,-297_9
1,197.88214412187804,0.0,2499.3571981614327,1556.386264596185,0.7755500000000001,25.752960257128905,0.9445697794768128,1.5292564870355034,-73.11163518627755,2.198626657882529,2008,-1.6,-293_8
0,232.5927490242073,498.3145028493552,7416.012909308377,4137.330703825727,0.6147,26.247146602685348,0.6667732176284749,0.4628488063051724,-75.21818452753784,0.4963191944760357,2007,0.7,-301_1
1,112.50347352703848,498.1398994007607,91.93802732917888,625.6044151541529,0.8424833333333335,26.208150811738165,1.0551670684991137,1.6705025559659468,-73.71350642663764,2.230067692826712,2008,-1.6,-295_8
1,270.4280730390456,0.0,37814.03029040295,1556.4310207837088,0.75875,25.66514457208467,0.6481601357018558,1.0001833289722504,-74.51300702950401,0.7253895919265136,2006,-0.9,-299_2
0,4489.409478226612,2682.8552129680797,28178.1023643468,126.10712391829816,0.5456500000000001,26.51717798720773,0.8988034925775636,0.8733040702984104,-74.04139150534127,1.8752331555995008,2024,1.9,-297_7
1,5229.640435407528,0.0,56315.98386872535,9513.07749620932,0.8247500000000001,25.889095848569863,0.7123781457806143,0.8572412361139784,-74.77351846189868,0.7433558976089041,2018,-0.8,-300_2
1,181.6727023539896,0.0,19119.748161986325,913.2563481066488,0.5251833333333333,26.32624032734026,1.190651100476562,1.3049819268832918,-74.23003771500636,2.131253011573565,2004,0.4,-297_8
0,233.2689484399497,704.4559292461098,8055.43922929808,4869.270640315976,0.86175,26.43661204585652,1.1075416487914824,1.2327613250397211,-74.02342519965887,2.315407644818067,2018,-0.8,-297_9
0,854.4838422707758,0.0,18858.637824254627,1353.2037084949511,0.7237833333333333,26.30383740765461,0.8147406537479122,0.5831611983810717,-74.66572062780433,1.7270111337197802,2003,0.9,-299_6
1,291.9906028346986,0.0,22084.96099976534,472.7664164730869,0.7498333333333334,26.01480241893688,0.8539937404138769,1.0614178547381277,-74.58487225223358,1.6192132996254376,2006,-0.9,-299_6
1,495.2039563592886,0.0,5459.5609153611285,3509.240591413632,0.78735,26.758574255197686,1.2986464861205738,1.0913187874824897,-74.19859668006218,2.2525255749297,2014,-0.3,-297_9
1,3243.1387726381176,1992.7521797754985,25213.41452276736,1504.5501144586942,0.5068333333333334,26.626648099277247,0.975354316253598,1.1035560731492262,-74.04139150534127,1.91565734338488,2010,1.5,-297_7
0,168.55007463380633,498.11781676125577,3433.409814979173,1313.121158762014,0.8611666666666666,27.04120176596581,1.269337690772817,1.319136838787724,-72.8690900595653,2.360323409024043,2007,0.7,-292_9
0,3483.5041464259666,0.0,53700.13113793638,7107.327986573758,0.82755,25.58448392591657,0.5806043993276845,0.5706827191465124,-74.75555215621628,0.7029317098235256,2014,-0.3,-300_2
0,259.15725108808755,0.0,824.9090619726692,363.8428746740441,0.7622666666666668,26.8573792662184,1.2280138987644236,1.455462312363108,-73.70003169737585,2.2255761164061147,2014,-0.3,-295_8
0,20.534037681681998,0.0,39219.70367823535,100.05805688626968,0.7986500000000001,25.96127987459755,0.7704577551900528,0.8306196293143836,-75.09242038776111,1.0263252121065534,2018,-0.8,-301_4
0,86.97758095289869,0.0,33148.06107485795,3722.20118529262,0.68855,26.6203910296353,0.9787438280420222,0.8852114948409211,-74.58936382865417,0.9185273780122108,2022,-0.8,-299_3
0,3476.1799726513827,2054.6395289076863,4434.217319007527,3139.37267583745,0.7528166666666667,25.623298253783616,0.5129280872194046,0.580397048283099,-74.68817850990732,0.0920773166222509,2014,-0.3,-299_0
0,426.4759361642627,498.0593275404046,33952.2047517928,3995.588964035528,0.7986166666666668,26.86299511879696,1.1710332808429702,1.5311823398544646,-71.98424950470756,2.6747337584658752,2022,-0.8,-288_10
0,2224.5024334814125,498.187417670298,22964.244637984684,6475.337070930246,0.84785,26.035659259878173,1.0197372480322435,1.5858859966481669,-73.68206539169346,1.9201489198054773,2018,-0.8,-295_7
1,1059.519077763463,0.0,32576.578359011888,2306.3008474353564,0.7457833333333334,26.289029475572026,1.1301751233354558,1.500202009027807,-74.19859668006218,1.785401627187549,2018,-0.8,-297_7
0,278.9649753818172,704.6914883479153,54321.53215784478,718.935117655229,0.8102166666666667,25.906288127123617,0.8480192421318425,0.897773052111944,-74.99809728292855,0.9230189544328083,2004,0.4,-300_3
1,1854.3243897092248,0.0,26278.24699478304,554.3334494975063,0.7020500000000001,26.30620816875836,0.970761392009749,1.2840050147598547,-74.27046190279174,1.4395502428015332,2018,-0.8,-298_5
1,1129.951683504324,2053.476838194188,44370.449440098935,2140.5688824441686,0.6061166666666667,27.364484275155007,0.9803641536759434,0.9077411474893308,-72.16840413795207,2.7645652868778274,2024,1.9,-289_11
1,963.4113150742104,1796.3067710235352,36666.45833043494,1217.9414608241118,0.4659666666666667,26.313790090869983,1.15631523405752,1.6735861425384269,-74.10427357522963,1.785401627187549,2004,0.4,-297_7
0,1677.6831185897104,0.0,21092.76589851648,2301.5756999373566,0.6214166666666667,27.90535783391704,1.3768594712298745,0.4332427148186941,-74.80046792042226,2.0414214831616126,2016,2.6,-300_8
0,2907.4566109147872,2490.7031825871986,2216.5149493852778,5205.500861708853,0.8465,25.927216737129868,0.9617239409206548,1.5223256710956117,-73.2329077496337,2.2255761164061147,2008,-1.6,-293_8
1,128.32247444257214,0.0,8781.197293598005,660.4393692514442,0.7097166666666668,26.46592230672292,1.1196346715258558,1.345317429895268,-73.0442615399686,2.257017151350298,2014,-0.3,-293_9
1,74.09535525639578,498.20347562517065,27957.24805132377,1200.4672726910248,0.7202166666666667,26.289029475572026,1.1301751233354558,1.500202009027807,-74.23902086784756,1.8033679328699397,2018,-0.8,-297_7
1,167.37942405416322,0.0,9319.06732508289,308.5442169550972,0.66615,27.11226581406487,1.195447781123791,1.2908056429787973,-72.61756178001183,2.230067692826712,2007,0.7,-291_8
0,508.4583398390355,498.2829736956703,27493.36541456884,893.0293483745936,0.7072833333333334,25.66755771944605,0.5919451763230489,0.6628008792160941,-74.57139752297178,1.0487830942095413,2013,-0.3,-299_4
0,2648.479487241676,0.0,7535.300673385906,861.991339008685,0.6941166666666667,25.83588561743153,0.7816470656910518,0.7244287858889124,-74.54444806444819,1.7449774394021706,2013,-0.3,-299_6
0,551.4329913645544,0.0,7341.368666969245,1379.848875931665,0.82265,27.34024249832265,1.43215144559511,1.0904405274014255,-74.28393663205354,2.3064244919768715,2007,0.7,-298_9
0,281.900635738864,0.0,44195.16234251248,65.01040540256376,0.7444833333333334,26.268098287284204,0.963774741180326,1.0249294331647325,-74.7196195448515,1.1026820112567126,2004,0.4,-299_4
0,185.45267728381685,0.0,32994.920629107364,758.1788714718682,0.6986666666666668,25.12305023888717,0.4207879940221193,0.5774675786227814,-74.32436081983892,0.6086086049909758,2015,0.7,-298_2
1,2721.640294950326,0.0,34240.72293144794,264.9897588937108,0.6344833333333333,25.79277767102292,0.7426774171903284,0.8435666140956505,-74.3602934312037,1.4350586663809357,2013,-0.3,-298_5
0,87.90911520388485,498.1339396939341,7926.757502400978,408.1163333892324,0.8140666666666667,27.04358362079705,1.2503871006907117,1.442091046426054,-73.64613278032867,2.266000304191493,2014,-0.3,-295_9
0,303.7495224277991,0.0,20314.99558710505,1231.3845672672498,0.6975,25.563784256613246,0.903053065687372,1.3134371517791144,-74.38275131330668,1.969556260432051,2012,-0.7,-298_7
1,8007.783804096117,704.5592815725303,31435.957113407207,2118.966147805527,0.5821166666666667,25.712529230679365,0.8265081920288515,2.0077183558499767,-74.04588308176186,1.8393005442347203,2009,-0.8,-297_7
1,100.1424609234518,0.0,31991.873773374784,1394.1660343869637,0.6335166666666667,26.419256622609453,1.0538169001507764,1.3539088567060056,-74.33334397268011,1.569805958998864,2018,-0.8,-298_6
0,1341.5843924438814,1795.949235432338,1445.157271188955,1842.6504079108636,0.7784666666666668,24.92304608315243,0.946633969643257,1.5831378818925377,-73.76291376726421,2.4232054789124096,2011,-1.3,-296_9
1,4489.409478226612,2682.8552129680797,28178.1023643468,126.10712391829816,0.4615,26.626648099277247,0.975354316253598,1.1035560731492262,-74.04139150534127,1.8752331555995008,2010,1.5,-297_7
0,8013.742149004983,2054.4646048301734,4149.124888662227,5274.898403694022,0.7023666666666667,26.717650234423783,0.8705807939495056,0.7253339991694127,-74.23902086784756,1.075732552733127,2016,2.6,-297_4
1,7234.663062615866,498.27107331250926,5551.717706304846,1888.2231880883576,0.7269666666666668,25.587827316651385,0.7250385717044958,1.2744497630477285,-74.21207140932397,1.1925135396686648,2011,-1.3,-297_4
0,4619.379932181336,3795.0424281225114,39266.78607223053,9237.806553200013,0.8622333333333334,25.84128000710604,0.6998140796747712,0.9105240309631308,-74.63877116928074,0.5232686529996213,2018,-0.8,-299_2
0,3656.982661492302,0.0,14229.23051496342,2418.256111967216,0.6703833333333333,27.15395251326362,1.2816476712620055,0.6050569802071365,-74.75555215621628,1.9246404962260748,2007,0.7,-300_7
0,290.4062890563719,0.0,27106.664395119195,1056.4837870591634,0.6309,26.68337597375768,1.217441833250858,0.9856511269094854,-74.34232712552131,2.117778282311772,2014,-0.3,-298_8
0,42.702031089058295,498.1154641496287,4599.25864237018,1589.064934463725,0.8447333333333334,25.549423493572363,0.7093545696136441,1.276202978323532,-73.05773626923039,2.3737981382858355,2017,-0.2,-293_9
1,580.9131172751889,996.1061690402285,38325.68410710638,3702.8544116875455,0.5021666666666668,27.176606265349847,1.014249736122273,1.0850087349512203,-72.17289571437266,2.706174793410059,2010,1.5,-289_10
0,971.7493143440004,0.0,5259.061500781406,1057.478451699683,0.64605,26.805938255546774,1.0855936469536789,0.7243905602580138,-74.44563338319504,1.798876356449342,2016,2.6,-298_7
1,281.37338031591736,0.0,10173.131684699423,1104.8321860722192,0.636,25.57511306617181,0.971100904067336,1.0708533126080169,-74.18063037437979,2.495070701641971,2018,-0.8,-297_9
1,3462.9142905495382,1114.0339494939103,17507.870436870722,5027.977778605082,0.6248333333333334,26.491209536231736,1.1475119063180237,1.6988567013289797,-73.90664421272334,1.7449774394021706,2004,0.4,-296_6
0,145.5787464314767,0.0,6441.822285334969,2862.59593065789,0.8368500000000001,26.09859849160233,0.7267126275071495,0.8724152444612758,-73.93359367124692,1.5069238891104977,2010,1.5,-296_6
0,21.901221761207744,498.0690056357653,29406.058667171663,1773.5838194702494,0.7831166666666667,25.744094092139107,0.6454018161247665,1.224108436934651,-72.15942098511087,2.6253264178393017,2005,0.6,-289_10
0,792.0838458582095,498.2058591837314,4337.99080660063,725.7104043364286,0.7960333333333334,25.79668780872288,0.852241056691895,1.2331864229461231,-74.46359968887744,1.785401627187549,2011,-1.3,-298_7
0,286.6149842350986,704.4667087591862,8527.553313359826,2067.799514069234,0.7997666666666667,24.775468565681592,0.8164000126420845,0.9214181823456754,-74.26147874995054,2.2704918806120906,2001,-0.7,-298_9
1,191.22051586632003,0.0,39660.49996252262,1703.637016724335,0.7666166666666667,26.35044374495243,0.9630575058929876,0.8477143256761343,-74.60283855791596,1.2958197973424097,2007,0.7,-299_5
1,379.1679518754574,0.0,15164.601923686132,3040.6728998918225,0.8301666666666666,25.63089048871001,0.6828758069295664,1.2278212394371548,-72.19086202005505,2.450154937435995,2017,-0.2,-289_9
1,419.1417715567554,1113.7024400619764,31011.907748903308,638.9113430295256,0.6303500000000001,27.080845803184214,1.2058651446832045,1.4693289522897215,-72.07408103311951,2.656767452783485,2007,0.7,-289_10
1,280.5060288496375,498.187417670298,30716.985389563804,2218.2848809936145,0.5357333333333333,26.309975209165373,1.0460085224471345,1.0937336806967324,-74.23452929142697,1.9201489198054773,2013,-0.3,-297_7
0,1206.697778669617,0.0,4615.889427726631,1283.6260987147218,0.8510666666666666,27.048393069959214,1.4501699248119493,1.0429107534183844,-74.26597032637115,2.508545430903764,2007,0.7,-298_10
1,88.94606750322227,3591.4597223830865,40520.55703376087,770.6482006147668,0.6255000000000001,25.898621566521683,0.8896722945152153,1.579389376596015,-72.0920473388019,2.7421074047748397,2008,-1.6,-289_10
0,214.07300856678063,0.0,22813.253064534045,1140.1582655710895,0.65285,26.205499460217425,1.0106568945499206,0.9767983271221676,-74.31088609057711,1.91565734338488,2013,-0.3,-298_7
1,428.9170405611027,1992.194267635564,39057.78515889595,694.3733895460929,0.5724666666666667,25.34771275644846,0.639713723181273,1.3025109858612305,-72.03814842175473,2.7286326755130466,2006,-0.9,-289_10
1,6.594231942477948,0.0,9260.64877929886,1017.0625923005036,0.6677666666666667,26.803536461636327,1.35404984295414,1.042025037308324,-74.45461653603624,2.3737981382858355,2007,0.7,-298_9
1,213.52668441281875,0.0,43222.57036765147,3622.866944822668,0.7351333333333333,25.81487456642543,0.7864790141695784,1.1063085931625716,-74.58936382865417,1.3587018672307762,2011,-1.3,-299_5
1,5422.100066469698,1575.5381025224367,31104.34914786544,2354.791492809476,0.6184333333333333,26.064590329484247,0.9033724161792884,1.5603518522079565,-74.1536809158562,1.6012469939430471,2011,-1.3,-297_6
0,154.87672595818302,0.0,18346.338875877096,4238.342506089188,0.7603500000000001,24.177017310640736,1.0626517799093045,0.3019090098791711,-74.86784156673123,2.405239173230019,2016,2.6,-300_9
1,275.4424802447368,0.0,38745.93326190237,643.667099808273,0.7360833333333333,25.713562670842972,0.6698633563366183,0.9994215644560136,-74.59385540507476,0.824204273179661,2006,-0.9,-299_3
1,2773.708813745636,1113.9949926952097,32628.09464570777,2362.7240453665527,0.5010833333333333,27.055033026166427,1.3948129181566948,1.24490205284223,-74.20308825648277,1.8752331555995008,2007,0.7,-297_7
0,89.39797288193887,0.0,917.1410647532464,134.21425965924604,0.6614666666666668,25.79668780872288,0.852241056691895,1.2331864229461231,-74.50851545308342,1.830317391393525,2011,-1.3,-299_7
1,65.31126435350433,0.0,2343.440961353912,1248.929242703153,0.68205,26.38222531510576,1.0349738080418247,1.4181373719330983,-73.28680666668086,2.319899221238664,2018,-0.8,-294_9
1,88.94606750322227,3591.4597223830865,40520.55703376087,770.6482006147668,0.5709166666666667,26.965755458398174,0.95544244719912,1.0465481735158917,-72.0920473388019,2.7421074047748397,2010,1.5,-289_10
1,119.1641344062618,0.0,25026.878152280555,171.02091647899854,0.5969333333333333,26.69677188676013,1.1296618669051255,1.413541364029932,-72.40645768824373,2.3648149854446405,2022,-0.8,-290_9
0,2785.6127405790357,996.5902179431624,21019.50152280918,5941.985536659648,0.8224333333333335,25.85253991524013,0.7835228989401913,1.047182199531644,-74.44114180677445,0.8781031902268323,2018,-0.8,-298_3
1,434.5121599933908,1494.1457007266729,39100.86691928695,1187.0936497860214,0.6039333333333333,25.512728239028093,0.7052267403048412,1.4956388636061142,-72.03365684533414,2.7286326755130466,2012,-0.7,-289_10
0,228.1969749811532,1114.2686082134774,11511.353422522105,4760.822903202795,0.7891,25.89619483415493,0.7231821544225846,1.022363788135624,-74.07732411670604,0.4514034302700596,2018,-0.8,-297_1
0,985.7979796261716,0.0,30390.54424465544,852.8343548266887,0.7506,25.59321995279572,0.7924148597986482,1.5128975628296757,-74.24800402068875,1.6865869459344016,2017,-0.2,-297_6
1,3123.0527647085987,3891.22421289239,18474.62668647282,2387.0235867041265,0.5309166666666667,26.174237863283796,0.8977957728096663,1.1531046436529353,-73.9830010118735,1.673112216672609,2003,0.9,-296_6
0,296.59429481890834,498.3088901474667,21011.76752428066,1461.0254649709648,0.8036000000000001,26.307255793423508,0.8095874955923671,0.8070674755781683,-74.20757983290338,0.6310664870939638,2007,0.7,-297_2
1,342.16350616812485,0.0,22271.00207235287,191.1995837309777,0.8107833333333333,27.21488850691719,1.43424469519933,1.132223891256245,-74.1851219508004,2.0548962124234054,2007,0.7,-297_8
0,2776.646942355018,2227.8014666931163,7301.213422694174,879.7699045821229,0.6633666666666668,26.56240581540777,1.0824238353298627,1.477321991355624,-73.82130426073198,2.1582024700971503,2018,-0.8,-296_8
1,4271.078267898246,1992.7521797754985,34285.63529772879,371.7403443108551,0.4591166666666667,27.281569876331503,1.4997690420905208,1.4926536301585347,-74.19859668006218,1.91565734338488,2022,-0.8,-297_7
1,807.3799613113081,0.0,39432.95073103789,2577.6705500629887,0.6985833333333333,26.01835883941891,0.8161194762205951,1.0953183892965106,-74.57139752297178,1.453024972063326,2011,-1.3,-299_5
1,952.6701454710138,0.0,9813.30379070772,42.5354399988708,0.65845,25.61149484211529,0.8965747829204759,0.6527946462320259,-74.1761387979592,2.4366802081742023,2019,0.9,-297_9
1,8269.297194834653,1114.174968025669,1776.1791145072937,4923.046332018451,0.6285833333333334,25.822524222153675,0.8649924509888639,1.2519084362101278,-74.18961352722098,1.156580928303884,2008,-1.6,-297_4
1,5422.100066469698,1575.5381025224367,31104.34914786544,2354.791492809476,0.6295666666666667,26.075071329125592,0.8437555994276337,0.9854392896938404,-74.1536809158562,1.6012469939430471,2003,0.9,-297_6
1,5398.243970519698,4285.682446384706,36626.12670547446,4231.327250636129,0.5611833333333334,26.883844757617283,1.2745372076487338,1.4514721613790564,-74.09978199880904,1.825825814972928,2007,0.7,-297_7
0,64.74712774571807,0.0,34671.543682176125,716.9972431497071,0.7938833333333334,26.319273156284797,0.9096550686039944,0.8137056485042176,-74.62978801643955,1.1251398933597008,2007,0.7,-299_4
0,969.4490512969978,0.0,14187.68579924312,401.9219445895021,0.8080333333333334,24.64671532547419,0.8314165371072789,0.986168774404943,-74.45461653603624,2.324390797659262,2001,-0.7,-298_9
1,76.5581683708532,0.0,35729.16211356514,783.8218576850776,0.6241,25.5753041089161,0.7489878241015565,1.5557973338498163,-72.13247152658728,2.6927000641482657,2011,-1.3,-289_10
1,695.8281281825952,0.0,8726.898835281341,153.36997262396184,0.5937333333333333,26.88581910272535,1.220603491637322,0.8355180882300711,-74.56690594655119,1.9965057189556368,2007,0.7,-299_7
1,1101.7772752122696,0.0,7788.040534364522,432.3585105360653,0.5727666666666668,26.193063110032824,1.148319999667627,1.3001222003568151,-74.42317550109206,1.7943847800287442,2004,0.4,-298_7
1,659.710089380339,704.4772441321295,1654.364520484003,1118.70671761631,0.6590333333333334,26.553716174587635,1.135761534115244,1.409323889189441,-73.85274529567616,2.2255761164061147,2004,0.4,-296_8
0,895.826858894086,0.0,33058.93558506022,1589.5972816170492,0.71785,26.51412142931701,1.1397482410755675,1.1649302194969322,-74.47707441813924,1.5069238891104977,2004,0.4,-298_6
0,300.00459628420225,0.0,4853.724038194301,146.92581379993615,0.8104666666666668,26.06489687193431,0.9965090998944088,1.5170766582911557,-73.2329077496337,2.3064244919768715,2008,-1.6,-293_9
0,375.4414372985173,0.0,7537.5038205754045,31.52713224573292,0.4291166666666667,27.5457013351882,1.3382760233129567,1.4158526445524078,-72.58612074506765,2.580410653633326,2007,0.7,-291_10
0,1141.43334275624,498.0878122881547,6776.641386033986,4426.857778353506,0.8625333333333335,26.0016098932187,1.0869360052517525,1.1770615837996523,-74.01893362323828,2.5265117365861545,2018,-0.8,-297_10
1,200.35591569538943,0.0,29194.45810998964,634.4381152936282,0.7663500000000001,24.562191447196028,0.8316875206620433,1.0479248089341395,-74.27944505563293,1.9740478368526488,2001,-0.7,-298_7
0,165.7297991772719,0.0,31036.57867038157,1432.1168453060154,0.6449833333333334,23.11160453892569,1.0496333335067909,0.5357758244911134,-74.86784156673123,2.2255761164061147,2004,0.4,-300_8
0,2152.77181499844,498.30167820307406,43834.20283773213,3035.8850907952933,0.8513666666666666,25.816990640086544,0.7177413469740807,0.845511428207787,-75.02504674145214,0.7703053561324897,2018,-0.8,-301_3
1,4081.077768317999,498.2111280621901,12118.44012305948,1487.5921579900073,0.5097333333333334,26.3472012459286,0.8206975328189235,0.957114447303718,-73.80333795504959,1.7449774394021706,2010,1.5,-296_6
1,556.9570541608996,0.0,723.3576375016875,61.94640628684044,0.66625,26.251291434807,1.1765666649106117,1.3481406868396546,-74.18063037437979,2.2974413391356765,2008,-1.6,-297_9
1,6990.447024120182,0.0,23844.54835017206,3727.0405647361767,0.5857,27.04070626550373,1.3312352031520571,1.5863698165176452,-73.95605155334991,1.8617584263377085,2007,0.7,-296_7
1,1282.1755232534472,0.0,20851.094443160437,286.05822852601176,0.6094,25.88064076301083,0.8353598558524409,0.8564836946709896,-74.3602934312037,1.6776037930932064,2013,-0.3,-298_6
1,6446.122111549245,4016.687816550472,13584.939588168572,2487.6065522048607,0.59665,25.783715728509776,0.8906108038456236,1.8571687657045115,-73.76740534368481,1.762943745084561,2011,-1.3,-296_7
1,451.9718717242387,0.0,10932.673927485586,1304.593067825932,0.6822833333333334,24.85048711686892,0.8256789750409484,0.9554888288221918,-74.3513102783625,2.315407644818067,2001,-0.7,-298_9
0,220.47975479193136,0.0,61411.39545901598,2855.977974961715,0.6871166666666667,26.300015244335043,0.8689019177853748,0.7276519827749173,-74.903774178096,0.9140358015916132,2022,-0.8,-300_3
1,971.031806680518,498.2288944350779,27720.647477154344,1022.537931472449,0.7118,26.26820923682669,1.019611062153283,1.233365565388347,-74.3558018547831,1.6012469939430471,2018,-0.8,-298_6
0,147.90695542614807,0.0,3367.967193194689,653.7970944904775,0.6487166666666667,25.567024668387376,0.6759942006923123,1.4874987576002103,-72.69391857916199,2.2749834570326883,2009,-0.8,-291_9
0,1833.6706867318524,0.0,26911.52982659493,957.260590889562,0.6175333333333334,25.162419976458523,1.0849585980091252,0.9313926198590946,-74.61631328717776,2.261508727770896,2004,0.4,-299_9
0,29.333184735956813,0.0,49645.047479995534,5103.110010442894,0.65385,25.466648165677896,0.6155300502084975,0.569219770091836,-74.95767309514318,1.008358906424163,2014,-0.3,-300_4
0,2537.086709682952,498.2111280621901,35038.16254780355,198.21002971492587,0.5266333333333333,26.38951506289959,1.060819322061348,1.5625233676820505,-74.12223988091202,1.7449774394021706,2018,-0.8,-297_6
0,2002.965174229244,1992.3845010439125,2510.0257697408183,1258.0430828297144,0.5855666666666667,26.390208852360388,1.0782679279259118,1.4005129539884225,-72.6445112385354,2.481595972380178,2004,0.4,-291_9
0,794.1952170250413,0.0,17421.496251751927,682.533605320209,0.7562166666666668,25.801707466895092,0.7685510222640843,1.04913471502478,-74.45461653603624,1.978539413273246,2005,0.6,-298_7
1,59.376044136408936,996.0862161479798,42063.63407365087,589.9283595351375,0.6095333333333334,25.898007918209885,0.8240997557739052,1.6183828397531463,-72.03365684533414,2.7555821340366324,2011,-1.3,-289_11
1,241.09866119643357,0.0,2861.2431648305087,1033.7232212728436,0.6802666666666667,26.55401383059205,1.1427048811983498,1.5340513068310022,-73.92461051840573,2.2345592692473097,2008,-1.6,-296_8
1,239.5808533698741,0.0,9875.829738579438,335.8991142690772,0.7896833333333333,27.276883349587138,1.367321050876096,1.5226622675888963,-73.90664421272334,1.978539413273246,2007,0.7,-296_7
1,188.99095496555125,0.0,14074.987623981668,273.67870082111034,0.72775,25.674949299440694,0.9362113446008866,1.3746404588651704,-72.94095528229485,2.1806603522001384,2018,-0.8,-292_8
0,277.4563851686489,0.0,11723.776664606848,117.53037960670596,0.6557000000000001,26.887561972325614,1.1815487967305158,1.4178083409345577,-74.08181569312664,1.4036176314367523,2022,-0.8,-297_5
0,201.9193473184584,0.0,41110.89611643312,2064.2791789139733,0.6803333333333333,26.27082517301181,1.102105576380888,1.1868589539540118,-74.46359968887744,1.4350586663809357,2004,0.4,-298_5
0,5148.954555524258,0.0,22685.347026952448,8054.914476033941,0.7773333333333333,25.503990282380016,0.5451863093174317,0.6444711031104756,-74.41419234825086,0.8197126967590634,2013,-0.3,-298_3
0,68.27852591681268,0.0,39977.42560030812,55.868177513745415,0.7373333333333333,27.038029320985917,1.2328541808388669,1.6649545515877715,-72.2896767013082,2.6612590292040825,2022,-0.8,-290_10
0,5.534971559661322,996.2214236804988,19454.20591734839,5335.544061004576,0.83465,23.029171577871352,0.9500048428623776,0.2706067827555583,-74.85885841389003,2.4007475968094214,2004,0.4,-300_9
1,2681.674658516397,4700.059053817835,34771.4632608193,4739.403135944344,0.5953333333333334,25.730821253015502,0.9160636687016858,1.8053236478842036,-74.07283254028545,1.7898932036081467,2012,-0.7,-297_7
0,229.43612878474275,0.0,504.188746003062,100.45469997831924,0.7769333333333334,26.83369559421334,1.1992879242029628,1.389704025826049,-73.84825371925557,2.0683709416851985,2014,-0.3,-296_8
1,7.017824359171076,498.0759229274188,24681.39044404224,1031.7962327764976,0.6427666666666667,27.137386421783788,1.2385750051376236,1.3695655425811892,-72.13247152658728,2.5893938064745208,2007,0.7,-289_10
1,7923.454364164292,3150.922979858441,18038.50085882191,426.87627134773015,0.6816166666666668,24.59944101866853,0.7397600971302555,1.3964980189023075,-73.83028741357317,1.7943847800287442,2001,-0.7,-296_7
1,2565.2759936502166,2054.32328425932,22841.69725992292,1542.3032090718857,0.5430166666666667,26.08170896083908,0.9381425992376354,1.388570135810733,-74.22554613858577,1.444041819222131,2008,-1.6,-297_5
1,1050.1062883222407,1494.6622684991416,16583.631055664137,1880.794239336912,0.5397833333333333,27.21390329567032,1.316432513928104,1.735433292253827,-73.96054312977051,1.6686206402520112,2022,-0.8,-296_6
0,286.6149842350986,704.4667087591862,8527.553313359826,2067.799514069234,0.8198500000000001,25.731704490122524,0.8664480862750762,1.082958868060832,-74.26147874995054,2.2704918806120906,2002,-0.1,-298_9
1,939.624546991332,498.0584491302201,35677.49613840799,737.0310836781093,0.6717500000000001,26.878340638996235,1.099979371838271,1.0577897266488183,-72.17738729079326,2.679225334886473,2019,0.9,-289_10
1,217.88374221073576,0.0,16108.515252458174,7.816754111252685,0.5957,26.41962903599972,1.1994043461489925,1.3597738123290306,-74.21207140932397,2.153710893676553,2008,-1.6,-297_8
0,7684.623745795781,498.2372050539783,31078.814957103543,1098.536231608736,0.7576333333333334,26.09918809379002,0.7793968679642777,1.0427676586643162,-74.23902086784756,1.5293817712134854,2013,-0.3,-297_6
1,284.7566038918461,0.0,40334.92673040732,3277.356274001846,0.6341666666666668,25.68110338006943,0.8233485601353778,1.1886949971609926,-74.49504072382162,1.4395502428015332,2011,-1.3,-298_5
1,1263.2772824911506,0.0,35138.76299808545,1187.6815731450706,0.6311166666666668,25.569508360024827,0.7795542931178471,1.2604766392456666,-74.40970077183027,1.5024323126898995,2012,-0.7,-298_6
0,1980.037817598052,2491.5535439761275,11873.52958945991,7576.592057042908,0.8346,25.890512720499657,0.7364067489396882,1.033143884554562,-74.12223988091202,0.5906422993085854,2018,-0.8,-297_2
1,6254.702998054586,0.0,11190.730212058474,6192.21834215764,0.6660333333333334,27.00871550740186,1.1541782404166483,1.2086397787977343,-74.31986924341831,1.20149669250986,2022,-0.8,-298_4
1,6695.8820051749335,2054.1430961291376,33245.83810084091,4082.997383320297,0.48255,26.65786897241304,0.9415513053925224,1.1374853770969655,-74.04139150534127,1.8078595092905367,2010,1.5,-297_7
0,2341.8001695990183,996.5135159645351,5530.104667909406,424.9900694746327,0.8561000000000001,25.79885166400652,0.8830132025137231,1.2973631420939162,-74.09529042238843,1.3452271379689835,2008,-1.6,-297_5
1,2748.025770516941,3486.8247173287905,4596.700942322255,4889.486679958472,0.75615,25.16186573409044,1.0427593091251346,1.267057127891514,-73.87969475419975,2.360323409024043,2004,0.4,-296_9
0,120.8324234263969,704.4084397563674,25236.251347261372,2090.865626911836,0.8151833333333334,26.84932599397308,1.177204092047831,1.5061493671095487,-72.38399980614075,2.5040538544831663,2022,-0.8,-290_10
0,704.0819230672098,498.17901212817065,26959.33013313636,204.9793498039063,0.5255666666666667,27.062581861098465,1.4434453746109297,1.3944302998228768,-74.1536809158562,1.978539413273246,2022,-0.8,-297_7
1,4262.582745759226,4700.081392247373,31977.784208521764,6540.090190128841,0.5682666666666667,24.601611532581444,0.7883917458748567,1.3889497874405936,-74.05486623460305,1.7719268979257563,2001,-0.7,-297_7
1,3074.4447509752977,1796.0636342081534,10.41539753793814,2509.861373345257,0.6622666666666668,27.49844365444665,1.4011495262613525,1.4683536429531412,-73.82130426073198,2.2390508456679075,2007,0.7,-296_8
1,408.7050020731385,498.0716094348281,26690.81472691796,1285.276112231321,0.6761333333333334,25.042488186187317,0.7945301252275255,1.2529755877040747,-72.1189967973255,2.611851688577509,2001,-0.7,-289_10
0,6720.435724210583,2682.7257506359088,2272.4964545287794,2801.6874931017687,0.87295,25.014091044795634,0.6320954095981826,1.34885095785772,-73.42155395929879,2.0414214831616126,2017,-0.2,-294_8
0,302.5134234273924,498.15511201331657,6579.053267051527,2361.10441264199,0.71525,25.66003264263469,0.9945254105523637,1.429379017588854,-73.00832892860382,2.1357445879941626,2004,0.4,-293_8
0,21.48970205383471,0.0,50441.39689675675,1597.5783695944165,0.7433166666666667,26.3426724005447,0.960020500553644,0.9661121124628304,-74.77801003831927,1.0712409763125297,2004,0.4,-300_4
1,191.8198227359396,498.139162282991,7260.273218138254,831.8793523160876,0.8314,26.815274181600387,1.2271755612840272,1.3767060485056897,-73.05773626923039,2.2345592692473097,2007,0.7,-293_8
0,336.5349015361098,0.0,1728.5270140407547,699.5486760759279,0.7806666666666667,25.98981555810957,0.9807470621815512,1.4497099368403925,-72.87358163598589,2.4232054789124096,2008,-1.6,-292_9
1,263.93390693789485,704.5249507646979,13399.942437190086,1378.2214595881217,0.7753,25.70725173666977,0.8728480581534757,1.7954771097866198,-73.9740178590323,2.009980448217429,2009,-0.8,-296_8
1,269.3469453915061,0.0,9829.932379371074,62.97403469779484,0.6915333333333333,26.947803964262505,1.0274381694932888,1.1202101723103086,-73.5922338632815,2.2704918806120906,2020,0.6,-295_9
1,220.26732448017032,0.0,29540.311533302745,421.8087118812646,0.7874833333333333,26.26592542611212,1.0351717387508004,1.2661686933998813,-74.23902086784756,1.7270111337197802,2021,-0.9,-297_6
1,1252.4753082859188,0.0,7459.363584996108,622.9294941300212,0.6593666666666668,26.823083775164378,1.1787332863840705,0.9139932605329868,-74.54444806444819,1.8976910377024887,2007,0.7,-299_7
0,225.6188447140465,498.3073850546468,22682.58546847033,4115.116147014309,0.8082333333333334,25.390815717674684,0.5709674528174871,1.090136429166238,-74.24800402068875,0.6625075220381471,2017,-0.2,-297_2
1,2282.25259247536,498.2356683839486,31832.56257636098,477.0318926678022,0.7440166666666668,26.23013501882673,1.0000216066586878,1.2192732323755775,-74.38724288972728,1.5428565004752783,2018,-0.8,-298_6
0,154.7306647162421,0.0,14726.20427677469,936.0290141537232,0.6588666666666667,26.139682229115863,1.0225791655591416,1.3942394837504253,-74.21207140932397,2.1671856229383457,2011,-1.3,-297_8
0,4525.942412445149,8110.455241153237,21664.525884043134,809.166623242,0.5935,26.55717605321269,1.0800721045513664,1.4021640309776895,-74.03240835250007,1.6641290638314137,2014,-0.3,-297_6
0,281.37338031591736,0.0,10173.131684699423,1104.8321860722192,0.79185,26.7839067990879,1.4273604807199003,1.0827810159562674,-74.18063037437979,2.495070701641971,2007,0.7,-297_9
1,3246.988404200856,4015.960550182857,4045.7919224167263,4705.470202710654,0.7445333333333334,25.16186573409044,1.0427593091251346,1.267057127891514,-73.87520317777916,2.355831832603445,2004,0.4,-296_9
0,166.76184917580048,498.1586406457285,15706.359525060689,1620.038509913683,0.6118666666666668,21.69185022206318,0.929878237019486,0.6034836353395172,-74.95767309514318,2.1132867058911744,2004,0.4,-300_8
0,1400.4149309964291,0.0,15789.693078128956,3204.6132197555585,0.8430166666666666,27.16525226769789,1.4583846221053065,1.1444370655520506,-74.12673145733262,2.486087548800776,2007,0.7,-297_9
1,24.805426941160636,498.1201536778049,10266.985900237512,785.1112199456869,0.7885333333333333,27.226583192877115,1.3662995256172128,1.0658141687575091,-74.39622604256847,2.34684867976225,2007,0.7,-298_9
1,280.77670294006657,498.1316655764819,6000.097628251246,825.4681265852904,0.6828333333333333,26.96793613634219,1.0355248360621403,1.0481431421948069,-73.45748657066358,2.279475033453286,2016,2.6,-294_9
0,296.7939579954,0.0,14632.70962015413,161.77834509001212,0.58435,26.021189508130533,0.7637766501513493,0.6618896681415252,-74.62080486359835,1.7270111337197802,2013,-0.3,-299_6
1,492.1035512752449,0.0,25559.03670287292,1591.0983660642553,0.8076833333333333,26.49655262818959,1.1398260420591937,1.1619307431833543,-74.48605757098042,1.5742975354194615,2004,0.4,-298_6
0,2.1479373536162427,0.0,49454.55601814298,160.60370362092996,0.6266166666666667,26.238289293301705,0.9135239294062854,0.9706744252645392,-74.76902688547807,1.0442915177889438,2004,0.4,-300_4
1,6506.140326343178,1796.2379609895788,33389.43636346367,2644.6890919622147,0.6877500000000001,26.31046769136782,1.1633135515170223,1.440932074571341,-74.1761387979592,1.9246404962260748,2018,-0.8,-297_7
0,1089.055209347149,4701.171556112369,15611.969700269234,9824.124974874016,0.7918000000000001,25.624466172280396,0.5293132936442615,0.6150361371540558,-74.56690594655119,0.1055520458840437,2014,-0.3,-299_0
0,1257.208868142841,2054.6408217131284,40472.63690069484,4784.053856916163,0.7618833333333334,25.625672920899035,0.5669316453333068,0.9421264434374202,-74.25698717352995,-0.011228941051494,2006,-0.9,-298_-1
1,1869.3111041190648,1796.0662919280012,753.3760341070682,1278.0937326595565,0.5155166666666667,27.49844365444665,1.4011495262613525,1.4683536429531412,-73.798846378629,2.2345592692473097,2007,0.7,-296_8
0,3835.057566568898,2490.793203228642,5263.832241735933,514.2209869934999,0.5982833333333333,26.049079832417878,0.8856777906468903,1.709932022957833,-73.87969475419975,2.1132867058911744,2009,-0.8,-296_8
0,4495.893073013248,0.0,29389.70379900682,95.24417375960144,0.6060666666666668,26.217873422030777,1.1130573906768404,1.1535065997429097,-74.49953230024222,2.1716771993589434,2004,0.4,-298_8
1,208.7255042242452,0.0,5541.476578705416,952.003604625186,0.7605833333333334,26.768463013078133,1.1781387131500891,1.3618757213584267,-73.33621400730743,2.279475033453286,2014,-0.3,-294_9
1,221.951801714576,0.0,21619.134258537044,1467.7348778907954,0.68065,26.99934155566234,1.3945971969540425,1.1823948619990474,-74.167155645118,2.0459130595822104,2007,0.7,-297_8
0,42.58997131930414,0.0,1487.865873497402,599.884044777411,0.5791666666666667,27.017847021262128,1.244243444377272,1.3114200239996483,-72.72535961410617,2.418713902491812,2007,0.7,-291_9
1,2953.234445018976,0.0,15479.096678323664,2024.40282257648,0.6578,26.23812206124751,1.0491082647520396,1.5716699476024063,-73.76291376726421,1.9515899547496605,2018,-0.8,-296_7
1,280.6930139456873,0.0,867.2637952210015,6939.632802123251,0.7248166666666668,26.081488140436303,0.8788888843662698,0.8341200311617739,-73.52036864055194,2.396256020388824,2019,0.9,-295_9
1,4775.815826255606,0.0,5292.703651577971,7243.446700809171,0.7642666666666668,26.209189664163944,1.0419923436750402,1.2525186664271457,-74.3468187019419,1.1161567405185056,2023,-0.5,-298_4
1,657.6484193606135,2540.3277347617964,37480.41214511978,1185.0615859303855,0.5067,25.996392137407327,0.9502275232805144,0.9730997337326855,-74.1536809158562,1.8348089678141228,2003,0.9,-297_7
0,1570.1803074372606,498.0919844767631,5343.083126377706,3690.289655977928,0.8835333333333334,25.71317892753342,0.935534475681953,1.105440422327184,-74.30639451415652,2.5040538544831663,2006,-0.9,-298_10
0,1652.543899519727,498.2372050539783,33218.40831737988,1369.6335341512895,0.7299166666666668,26.303196614564456,0.8907349982406184,0.7951600494988386,-74.38724288972728,1.5293817712134854,2020,0.6,-298_6
0,279.87199852447617,498.2883515094448,31288.756966372413,3648.923947402882,0.62615,25.649883744561635,0.5505121794577158,0.4682734766617327,-75.21369295111724,0.9769178714799795,2013,-0.3,-301_3
1,5240.4884857338975,0.0,14526.263754335492,4968.816192940206,0.6627333333333333,26.89143503270145,1.288032129044568,1.6547395697343117,-73.80782953147019,1.93362364906727,2022,-0.8,-296_7
0,98.8191090425416,704.3893632075942,25286.550836931823,1111.5237104328985,0.7677166666666667,26.31634377202687,1.11885841586107,1.613948685787146,-72.17738729079326,2.575919077212728,2023,-0.5,-289_10
1,202.95302742616605,0.0,1223.1114164767316,5399.894739853606,0.6684166666666668,26.577992485317907,0.7641428938457301,0.8663558489044463,-72.08306418596071,2.310916068397469,2010,1.5,-289_9
0,722.1582015355727,1114.223699768139,40081.84845851626,1387.5401774317593,0.6591,25.967091809061344,0.7328078341354636,0.7591232524117074,-75.22267610395843,0.8646284609650394,2018,-0.8,-301_3
1,85.56722783813069,0.0,45474.824096326,5810.690248787245,0.7838,25.9752424798574,0.8412093021069927,0.8643399580568558,-75.08343723491991,0.9364936836946012,2004,0.4,-301_3
1,218.1000239483691,0.0,39486.53863461252,589.1716086283454,0.7371833333333333,25.81487456642543,0.7864790141695784,1.1063085931625716,-74.60283855791596,1.4170923606985453,2011,-1.3,-299_5
1,4271.078267898246,1992.7521797754985,34285.63529772879,371.7403443108551,0.4608333333333333,27.038286944163303,1.1850539679740206,0.8764963988091016,-74.19859668006218,1.91565734338488,2010,1.5,-297_7
1,227.8754386816209,0.0,22831.17878920468,1193.9520717125474,0.6910833333333334,26.309311268724,0.7912795121523785,0.8148336138918141,-74.19410510364158,0.4783528887936452,2007,0.7,-297_1
0,4587.65496152701,0.0,2886.1988254187304,6959.966139747132,0.8481500000000001,25.782693663830003,0.962495135286348,1.453903247365354,-73.49341918202836,1.978539413273246,2018,-0.8,-294_7
1,279.3229212326163,0.0,28432.562687602185,176.64709934188764,0.66955,26.877954068113127,1.2911900268091208,1.2814062177253052,-74.23452929142697,1.8168426621317324,2007,0.7,-297_7
1,1148.471201016995,498.1339396939341,19631.632208579485,428.8923089668169,0.70615,26.296940947869587,1.1443477242173454,1.158820844142252,-74.43215865393326,2.266000304191493,2004,0.4,-298_9
1,4355.254235531714,1114.111052588565,22556.89372620564,1787.786698028576,0.5128333333333334,26.726795432694644,1.17745179913529,1.4453339042566622,-74.21207140932397,1.453024972063326,2004,0.4,-297_5
0,1242.9318919091468,0.0,9184.483300360058,454.3004175080654,0.6898333333333333,24.69935575696184,0.7799232703538173,1.3245231488804805,-73.73147273232003,2.1402361644147603,2001,-0.7,-295_8
0,7684.623745795781,498.2372050539783,31078.814957103543,1098.536231608736,0.8076500000000001,26.926204781158788,1.1351118977266752,1.1913147899269116,-74.23902086784756,1.5293817712134854,2007,0.7,-297_6
0,4365.853118487509,0.0,25560.14429502764,1761.7073202424765,0.5881833333333333,26.36806959175664,1.2709477746316988,0.8692254486534526,-74.62978801643955,2.1582024700971503,2007,0.7,-299_8
1,3266.9345998806584,2227.8549801322347,7579.664974788683,54.95794001551724,0.5367000000000001,26.26718426424605,0.9885830678336308,1.6690210932977865,-73.92910209482632,2.0818456709469912,2011,-1.3,-296_8
0,1703.1298965207557,1494.550679761312,24099.717147272884,1615.2552419011731,0.6941166666666667,26.36908070261029,1.1811101347773256,1.2993809329849764,-74.05037465818246,1.947098378329063,2014,-0.3,-297_7
0,397.13913415742365,498.0886435916804,16504.81920085973,3834.191423416217,0.8228666666666666,27.06156203777317,1.1740698558435607,1.2532606935461683,-72.02916526891353,2.5220201601655567,2007,0.7,-289_10
0,201.9020692370808,0.0,20426.41763577414,376.0666608637732,0.5676166666666668,26.86178474177234,0.8375491568056965,0.5936288088795967,-74.903774178096,1.475482854166314,2010,1.5,-300_5
0,42.92790799590413,0.0,24294.92534930323,439.8910755963864,0.7821833333333333,25.63089048871001,0.6828758069295664,1.2278212394371548,-72.24925251352282,2.508545430903764,2017,-0.2,-289_10
1,8761.582975102217,1494.8048001745915,6295.998785653126,4719.535115718545,0.53935,25.587827316651385,0.7250385717044958,1.2744497630477285,-74.1626640686974,1.2239545746128482,2011,-1.3,-297_4
0,8.275125810944713,0.0,28797.37729772998,1363.4936927052684,0.7869833333333334,26.776923420149046,0.9692575480797642,1.000303157247897,-72.35705034761716,2.535494889427349,2020,0.6,-290_10
0,2953.234445018976,0.0,15479.096678323664,2024.40282257648,0.6347166666666667,26.277685038767345,1.1200154466208188,1.598434551231494,-73.76291376726421,1.9515899547496605,2004,0.4,-296_7
1,1682.4595531836096,498.0503865072288,41501.44379511398,635.3418627816563,0.50685,26.68934880157525,0.9752089233680612,1.3239645720064426,-72.21781147857864,2.719649522671852,2013,-0.3,-289_10
0,2231.7103442652856,0.0,5419.749251197629,374.4840218730263,0.6732166666666667,27.08903392097369,1.1863727926508718,0.8035502354091081,-74.62529644001896,1.866250002758306,2007,0.7,-299_7
1,136.21137652388796,0.0,7145.405583808297,321.4512334354927,0.64875,25.117950765792383,0.7679335030748486,1.1853079835844949,-72.57264601580584,2.310916068397469,2001,-0.7,-291_9
0,3177.714803557081,498.29985952235626,23375.07934337834,9751.327143295925,0.7948666666666667,25.8260863472118,0.7524454358003445,1.0129520508391072,-74.40520919540967,0.801746391076673,2018,-0.8,-298_3
0,1194.320354646571,1575.1818843390754,776.0030927670819,5348.348883764082,0.8118333333333333,27.31786531618297,1.340651064142686,1.4117471710855087,-73.24638247889548,2.3693065618652382,2007,0.7,-293_9
1,700.7481088113049,0.0,37485.6243303028,1321.120931038925,0.7468833333333333,25.87831714554926,0.7065603777908627,0.6892386064710317,-74.60733013433656,1.4395502428015332,2013,-0.3,-299_5
1,1219.0152215002488,0.0,13511.31622777755,57.72340998161207,0.7678,27.133952577017737,1.4079064654030298,1.2585829872239742,-74.07732411670604,2.077354094526393,2007,0.7,-297_8
0,67.84357484930709,0.0,22440.63356527024,1748.5890277061785,0.67045,25.93153697914255,0.8856024496474234,0.9523015469021024,-74.66572062780433,1.623704876046035,2008,-1.6,-299_6
1,323.97074440332096,0.0,17415.142466519137,0.0246142836138017,0.5992000000000001,26.72153783872443,1.2386370296892275,0.9970151889797964,-74.39173446614788,1.9426068019084648,2007,0.7,-298_7
0,1047.2092975586345,0.0,39222.90488514575,1483.5858197981672,0.8269500000000001,25.441966624077907,0.7296169899643118,1.229732831189077,-74.42766707751265,1.4395502428015332,2012,-0.7,-298_5
0,4167.074168690405,1114.2501682746115,52410.27415614433,5794.55532592747,0.7873833333333333,25.894965099201897,0.7195445909786136,0.892851761100725,-74.67919535706612,0.6535243691969519,2018,-0.8,-299_2
0,2968.635583254031,2054.225854032365,27216.93144942288,600.5279662923797,0.6801,26.122928579489667,0.9012034104752552,1.0650911167361845,-74.09978199880904,1.6506543345696207,2003,0.9,-297_6
1,88.70261956489873,498.06638613743047,31931.530223098514,623.831651470658,0.6173833333333333,25.637636576709667,0.7147799897331412,1.2960629471902163,-72.18637044363444,2.6388011471010944,2017,-0.2,-289_10
1,88.94606750322227,3591.4597223830865,40520.55703376087,770.6482006147668,0.5905,25.38472187600871,0.6341262096752086,1.5650017693179878,-72.0920473388019,2.7421074047748397,2009,-0.8,-289_10
0,447.0261729276728,704.6842821434292,22317.97484293336,2367.7353982536283,0.8157166666666668,26.253738799311463,0.8589036812602734,0.6812601050414558,-75.31699920879099,0.99488417716237,2004,0.4,-302_3
0,770.6133134442692,704.7174965899457,17844.024252118095,3920.905340563561,0.8272333333333335,25.91635437436554,0.7260721526859474,1.0183885506544654,-74.1761387979592,0.595133875729183,2018,-0.8,-297_2
0,2253.2543743992187,0.0,15377.508020126905,1835.427063126604,0.7428333333333333,26.097338425362352,0.9174174648178448,0.8725378229623915,-74.81843422610466,1.9291320726466723,2011,-1.3,-300_7
1,752.1397598404718,996.3514063823064,28305.64303479908,625.8105849221132,0.8315,26.99934155566234,1.3945971969540425,1.1823948619990474,-74.20757983290338,2.000997295376234,2007,0.7,-297_8
0,1063.1371182259577,498.0376021195588,47425.13392817038,2142.7113346374786,0.67535,25.894322902465888,0.79923231640413,1.730676736602864,-72.20433674931684,2.782531592560218,2012,-0.7,-289_11
1,204.3259450618246,0.0,6868.720479314186,384.9681697231365,0.55365,26.30420234363345,1.1176343917675098,1.195558311466895,-74.49054914740103,1.888707884861294,2004,0.4,-298_7
1,1121.979804870227,1494.3225367202358,12389.799519818183,5366.85228896964,0.8559333333333334,26.96816779021032,0.837944917351635,0.6326768032986224,-72.18637044363444,2.418713902491812,2024,1.9,-289_9
0,113.64195198240074,0.0,8278.97000996011,7271.92865195233,0.7320333333333333,26.02752942706894,0.6379387298807018,0.7003885492352445,-75.23615083322022,0.5277602294202189,2018,-0.8,-301_2
1,206.8505789279977,0.0,26072.129696056847,829.5371300244261,0.6718333333333333,26.219918927496902,0.9038057836477876,0.9357017788377994,-74.69716166274851,1.4934491598487043,2018,-0.8,-299_5
0,721.040079928249,0.0,2399.2397757058197,2307.4692925122217,0.7241666666666667,27.09904128825184,1.3259085588788833,1.564750264374143,-73.53833494623433,2.355831832603445,2022,-0.8,-295_9
1,1137.3904979357403,0.0,16373.052892730007,1881.9145236176032,0.7653666666666668,26.72153783872443,1.2386370296892275,0.9970151889797964,-74.36478500762429,1.893199461281892,2007,0.7,-298_7
0,971.7493143440004,0.0,5259.061500781406,1057.478451699683,0.6941333333333334,25.75562445654731,0.9309686608780248,1.301641715853559,-74.44563338319504,1.798876356449342,2006,-0.9,-298_7
0,1715.6518850382015,0.0,17804.751832352224,2535.0499429716438,0.8597,26.859498418201557,1.2885131064041986,1.510026350871729,-73.71350642663764,1.978539413273246,2007,0.7,-295_7
0,68.27852591681268,0.0,39977.42560030812,55.868177513745415,0.7738666666666667,27.10218131424045,1.064111331068896,1.1208263627613324,-72.2896767013082,2.6612590292040825,2020,0.6,-290_10
1,395.4880561659814,0.0,31868.141327141067,327.7592528789937,0.6571166666666667,26.419256622609453,1.0538169001507764,1.3539088567060056,-74.34232712552131,1.5653143825782665,2018,-0.8,-298_6
0,419.40613559288033,2490.2155403699494,42583.50868335072,108.50171654843008,0.5509833333333334,27.239299121442627,1.020993443108552,1.0753960701783385,-71.99323265754876,2.7555821340366324,2010,1.5,-288_11
1,2999.5845595661817,1992.7342396817492,14973.021063064723,1996.218125582717,0.6016166666666667,25.967850919412,0.9448334603138502,1.9027022341203417,-73.94257682408812,1.947098378329063,2011,-1.3,-296_7
0,62.81608811699907,0.0,17573.218396107495,254.61519877108745,0.64995,26.41529786924923,1.0167277745236196,1.347868173779825,-72.4558650288703,2.4366802081742023,2018,-0.8,-290_9
1,3835.057566568898,2490.793203228642,5263.832241735933,514.2209869934999,0.5499666666666667,26.20847068870609,0.9525990055634628,1.5383750208882685,-73.87969475419975,2.1132867058911744,2006,-0.9,-296_8
1,324.6110956981656,0.0,5659.018606823782,583.3873202899749,0.6513333333333333,25.265444898532166,0.6562105918605902,1.5390704697482989,-72.76578380189154,2.2345592692473097,2009,-0.8,-292_8
1,316.3632283385218,0.0,19460.08000197936,3534.9561943433528,0.7052833333333334,25.677488237079217,0.570915190629424,0.743770567950202,-75.19572664543485,0.6220833342527686,2006,-0.9,-301_2
0,3671.121514120992,498.184202880822,13651.252308232048,58.556741094051496,0.7883333333333333,26.067980207198787,1.0460678436152149,1.7865784432877805,-73.91113578914393,1.9426068019084648,2008,-1.6,-296_7
0,12.848842274558605,0.0,9729.98019549633,852.6658665324624,0.7396166666666667,26.485706235247903,0.8461151669694863,1.0366599488428905,-73.86622002493796,1.6865869459344016,2010,1.5,-296_6
1,1.4007621691243417,498.11388005154,6506.364297782964,1556.397220840675,0.8376333333333335,27.054946801898097,1.39371334363184,1.0658174019871882,-74.40970077183027,2.382781291127031,2007,0.7,-298_9
0,270.4280730390456,0.0,37814.03029040295,1556.4310207837088,0.6178,26.52329275244148,0.6904775399814614,0.4563455041761229,-74.51300702950401,0.7253895919265136,2016,2.6,-299_2
1,408.2086740577327,704.3869453290571,23410.39624336685,196.4773780534205,0.8007000000000001,26.46276708159519,0.923504764073616,1.1696600623663118,-72.02916526891353,2.584902230053923,2013,-0.3,-289_10
1,4262.582745759226,4700.081392247373,31977.784208521764,6540.090190128841,0.5597666666666667,25.730821253015502,0.9160636687016858,1.8053236478842036,-74.05486623460305,1.7719268979257563,2012,-0.7,-297_7
1,164.61626595303787,0.0,18134.428372917904,513.4134132180856,0.6062000000000001,26.288601947747225,0.9247146451311696,0.9817344674330512,-72.91849740019187,2.221084539985517,2016,2.6,-292_8
0,1751.518579459984,704.5324247328863,17108.344822759234,3458.4663986129344,0.8599,26.63001732516159,1.236627999275604,1.4571713364341388,-73.64613278032867,1.9740478368526488,2007,0.7,-295_7
1,208.3069006114412,0.0,25835.96286925756,1013.524046184158,0.6978833333333333,26.04540732125412,1.08045519224357,1.4329819679964335,-74.14020618659441,1.983030989693844,2018,-0.8,-297_7
0,1844.1853320299708,0.0,12657.823932981357,682.6793215993431,0.8083,26.430398074423408,0.9343675993322242,1.0349901735852085,-73.52036864055194,2.1582024700971503,2020,0.6,-295_8
1,71.87413833051458,0.0,6099.603978500589,846.82667647287,0.7922,26.772091620309027,1.2015339749955891,1.3941425293764165,-73.54731809907553,2.2929497627150788,2014,-0.3,-295_9
0,2341.8001695990183,996.5135159645351,5530.104667909406,424.9900694746327,0.8352166666666666,26.794505297948437,1.1595014311538565,1.2901812723807062,-74.09529042238843,1.3452271379689835,2022,-0.8,-297_5
0,865.2386793453757,498.2682667248638,48261.5215888662,2435.2444487454104,0.7991833333333334,26.64182270570592,0.916034033648573,0.7028359236916059,-74.80495949684286,1.2239545746128482,2007,0.7,-300_4
1,708.7924526505868,0.0,11579.128341354011,513.9384736520244,0.75495,26.305040281513584,1.0467572636948246,1.5229359802560118,-73.61918332180508,2.1716771993589434,2018,-0.8,-295_8
1,640.2135647963809,0.0,26033.972817791066,2817.988404724242,0.5685833333333333,26.217873422030777,1.1130573906768404,1.1535065997429097,-74.53546491160701,2.2345592692473097,2004,0.4,-299_8
1,280.4767292566362,0.0,25577.722847353973,54.3382794942375,0.6671666666666667,26.325600534869807,1.1255117652380322,1.388095154506764,-74.26147874995054,1.7898932036081467,2018,-0.8,-298_7
1,126.61819583738632,498.090321879476,12755.00108985622,296.2193329482233,0.767,25.587970321409216,0.6959735667807877,1.4943259355639091,-72.50078079307629,2.5130370073243613,2009,-0.8,-291_10
0,9811.606313483588,4456.040422841786,20146.832078940923,3635.4482095650474,0.8605333333333335,26.77551779344151,1.2046760726296857,1.4742467374231965,-73.72698115589944,1.825825814972928,2007,0.7,-295_7
0,253.5590410611836,1494.6555884634429,5902.103825406983,3836.9982628003954,0.8296,25.452097499572005,0.7706562246273875,1.5457867028412704,-73.70452327379644,1.6865869459344016,2006,-0.9,-295_6
0,100.1424609234518,0.0,31991.873773374784,1394.1660343869637,0.6925,26.602761947137765,1.185556439863806,1.3952934638495575,-74.33334397268011,1.569805958998864,2004,0.4,-298_6
0,783.0704562489489,0.0,38651.919806695645,1756.0245834961484,0.7145,26.51412142931701,1.1397482410755675,1.1649302194969322,-74.46359968887744,1.4575165484839236,2004,0.4,-298_5
1,259.86440884602234,498.1628122411387,7007.686262749275,116.962260183904,0.77835,25.31935929546046,0.8462779591726823,1.516102570451262,-72.93646370587425,2.086337247367589,2008,-1.6,-292_8
1,1602.1734774906397,498.1026657477352,3168.579450928596,3479.2337403812257,0.6873666666666667,26.793614209668817,1.3634778779672263,1.209683704878307,-74.30639451415652,2.4456633610153973,2022,-0.8,-298_9
0,2480.1710258390544,498.305111728748,24289.55984470913,5115.091513738164,0.8429000000000001,26.25487640989297,0.8229585559954112,0.7722132078664199,-74.31088609057711,0.7074232862441232,2007,0.7,-298_2
1,35.76034969389904,0.0,20591.77329463571,2849.473584472601,0.7678166666666667,26.03302083271808,0.8824943563281087,1.267141882385287,-72.06958945669892,2.562444347950936,2021,-0.9,-289_10
0,608.939707853808,0.0,3732.712100020201,232.58532884385613,0.6020666666666667,26.43140737218124,1.382594366078653,1.10771630018234,-74.40970077183027,2.486087548800776,2022,-0.8,-298_9
1,2773.708813745636,1113.9949926952097,32628.09464570777,2362.7240453665527,0.5479333333333334,26.05122599052396,1.004865243946506,0.9248951079793084,-74.20308825648277,1.8752331555995008,2003,0.9,-297_7
0,3724.34315871259,0.0,5791.884922424725,1.9428328079566992,0.6910666666666667,26.095887481916066,0.783762477863664,1.3243630635601458,-73.77638849652601,2.1716771993589434,2005,0.6,-296_8
0,334.4945287213911,0.0,13246.91265539102,850.4869970619218,0.7451166666666668,26.44766723214815,0.9646736329560752,1.260678279225075,-72.56815443938525,2.2345592692473097,2014,-0.3,-291_8
0,278.1658610810205,0.0,60792.54513924775,674.518650475466,0.7053833333333334,25.991505214637925,0.8573502557076078,0.9174134727274684,-74.9352152130402,0.8960694959092227,2004,0.4,-300_3
0,418.40574638264223,704.4956972899125,664.9761983734725,7656.0115909714705,0.8449666666666666,26.576761385531483,1.1717010970453725,1.3614926275782877,-73.12510991553935,2.1447277408353576,2007,0.7,-293_8
1,217.51450051704217,0.0,32518.40133876333,1097.6896875536247,0.57115,26.110226174848265,0.8660836072260176,0.779782909923104,-75.17326876333186,1.0128504828447604,2004,0.4,-301_4
1,2170.6044875489724,704.5115329077304,8828.054829457686,524.9056998098093,0.5573166666666667,26.57080915009618,1.0137015400012157,1.0494640704916285,-73.94257682408812,2.072862518105796,2003,0.9,-296_8
1,5323.971478683017,2989.3507865421216,24112.16488682428,1062.401329936086,0.5532833333333333,27.078590558742462,1.0505254739327017,1.03126926992086,-74.07732411670604,1.6326880288872303,2016,2.6,-297_6
1,963.4113150742104,1796.3067710235352,36666.45833043494,1217.9414608241118,0.5287333333333333,26.90215515911825,1.097281312108133,1.1172260685145656,-74.10427357522963,1.785401627187549,2016,2.6,-297_7
1,147.3187345364256,498.1193851628343,14456.446106710451,888.1931926179761,0.7543500000000001,26.41529786924923,1.0167277745236196,1.347868173779825,-72.50078079307629,2.351340256182848,2018,-0.8,-291_9
1,911.0588330314564,1114.0005329891003,35239.68136478966,1354.7012407895727,0.5317000000000001,27.055033026166427,1.3948129181566948,1.24490205284223,-74.1761387979592,1.8572668499171108,2007,0.7,-297_7
1,1107.5942119654917,1494.4196982022822,796.5454647737402,2226.7114182328123,0.57265,27.49844365444665,1.4011495262613525,1.4683536429531412,-73.84376214283498,2.230067692826712,2007,0.7,-296_8
1,251.0862037342182,0.0,34972.91281103664,1052.026541831773,0.77825,25.96632316611823,0.7339506133960398,0.9616576206457031,-74.45012495961565,0.698440133402928,2018,-0.8,-298_2
0,89.22931757461552,704.469880477512,142.8094403926011,1266.5706865175437,0.7431,24.54298831194535,0.7858167578235365,1.1015196642928513,-73.85723687209676,2.257017151350298,2001,-0.7,-296_9
0,51.254538203378274,0.0,13436.956289976066,484.88375428391066,0.67905,26.1167665444944,0.9835796654587844,1.0916503229437986,-74.38724288972728,2.310916068397469,2018,-0.8,-298_9
0,5960.619226061825,0.0,23305.20122523958,633.0959811797412,0.6115833333333334,26.97489183463017,1.2200485304972628,1.0117765932971865,-74.53546491160701,2.126761435152967,2007,0.7,-299_8
1,1682.4595531836096,498.0503865072288,41501.44379511398,635.3418627816563,0.5100666666666667,26.47360181019934,1.0678908892670271,1.5330572405223808,-72.21781147857864,2.719649522671852,2004,0.4,-289_10
1,4761.263723681466,4593.252753700258,31279.91388616552,7091.52618081352,0.6109333333333333,25.730821253015502,0.9160636687016858,1.8053236478842036,-74.05037465818246,1.7674353215051586,2012,-0.7,-297_7
0,788.361923004032,498.2139976957693,10648.074942620147,677.1960708938715,0.8076333333333333,25.94469954137412,1.0009454977619294,1.1804842272622869,-74.45461653603624,1.7225195572991825,2008,-1.6,-298_6
0,3697.862811756572,0.0,29886.39517997897,421.9748803329832,0.5512333333333334,25.50783321652653,1.0867500500548528,0.9882167124405172,-74.60283855791596,2.198626657882529,2004,0.4,-299_8
1,282.28661853023345,0.0,34784.782220058485,953.8462647885844,0.7540166666666668,26.044426320970103,0.8908458860369349,1.0670353630885758,-74.61182171075716,1.1925135396686648,2018,-0.8,-299_4
0,162.74250358681095,0.0,34867.557857462976,2523.225533942188,0.8764166666666666,26.51412142931701,1.1397482410755675,1.1649302194969322,-74.49953230024222,1.488957583428107,2004,0.4,-298_5
0,2152.796617274588,0.0,6283.841333950563,450.8480031401,0.5911166666666667,26.40853297769064,1.1329329556026235,0.9694585475224584,-74.68368693348673,1.9291320726466723,2004,0.4,-299_7
1,920.5350320927026,0.0,20397.283686930845,3217.351669803101,0.6672333333333333,26.939730717375312,1.191430767077924,1.118086842122447,-74.45910811245685,1.1970051160892623,2022,-0.8,-298_4
0,341.8237386659362,0.0,12624.471812040269,784.6579015273755,0.7104666666666667,22.3758610720335,0.8663911922290627,0.4059814741894079,-74.78250161473987,2.495070701641971,2004,0.4,-300_9
0,176.04746973410695,0.0,22587.09921449957,401.1715606026228,0.6970000000000001,26.306682136592315,1.0780027117344302,1.1967163789760054,-74.30639451415652,2.1402361644147603,2018,-0.8,-298_8
0,206.6664844812309,0.0,6170.684923290376,779.9506713583036,0.65335,27.084962355950157,1.3130284999664854,1.1596167912352284,-74.51749860592462,1.749469015822768,2022,-0.8,-299_6
1,303.7495224277991,0.0,20314.99558710505,1231.3845672672498,0.6637166666666667,25.693619269465277,0.9317743925797034,1.250936042819031,-74.38275131330668,1.969556260432051,2006,-0.9,-298_7
0,1311.758290642972,1408.946104363116,330.3513855091171,917.8726532344074,0.6200666666666668,27.392784650326973,1.385707620011295,1.5855839645463785,-73.798846378629,2.243542422088505,2022,-0.8,-296_8
0,1184.2827210721252,0.0,13160.808195120622,1010.112955433004,0.7496833333333334,26.1167665444944,0.9835796654587844,1.0916503229437986,-74.44114180677445,2.32888237407986,2018,-0.8,-298_9
1,282.0993622104711,1113.8339965519997,250.593403554104,494.8180832039543,0.7993833333333333,26.772091620309027,1.2015339749955891,1.3941425293764165,-73.51138548771074,2.337865526921054,2014,-0.3,-295_9
0,198.95263706717608,0.0,21013.652843252632,1137.480946303647,0.75785,25.407749631035017,0.6205487669607922,1.4177575221499448,-72.46933975813211,2.2390508456679075,2009,-0.8,-290_8
1,1844.1853320299708,0.0,12657.823932981357,682.6793215993431,0.5964166666666667,26.940500235374486,1.298522424498629,1.5427884134867689,-73.52036864055194,2.1582024700971503,2022,-0.8,-295_8
1,305.68696001755296,0.0,4808.028446343598,687.6427077162446,0.7696333333333334,25.752960257128905,0.9445697794768128,1.5292564870355034,-73.08019415133337,2.2345592692473097,2008,-1.6,-293_8
0,220.31961734068216,0.0,35110.31185168116,7640.094866667106,0.8265333333333335,26.23573634117855,0.7921688395991607,0.5789473748007281,-75.20021822185545,0.9409852601151988,2007,0.7,-301_3
0,153.60132915451857,996.2708592546506,23058.01298351487,3798.755851042729,0.7613000000000001,26.870488277802508,1.1640084815301155,1.2047532448364155,-72.35705034761716,2.257017151350298,2007,0.7,-290_9
1,344.19049876502623,0.0,8344.182758565503,92.63135118944632,0.6057666666666667,27.23001172480315,1.229986896594043,1.303720086147033,-72.55917128654406,2.315407644818067,2007,0.7,-291_9
0,15.890275307589537,0.0,34881.73874131156,380.72110201548224,0.7187666666666668,26.286277325801564,0.8500101949273587,0.6667975918391386,-75.13733615196708,1.0353083649477486,2007,0.7,-301_4
0,1595.615417013175,2054.202966633288,6857.783020516853,751.6789457891575,0.7820833333333334,26.80072707114192,1.2189194449062046,1.630891791901551,-73.80782953147019,1.6955700987755968,2022,-0.8,-296_6
1,1073.9139283608574,0.0,5649.730922341381,4772.595816888231,0.6579,25.892198640898584,0.8825137716596673,1.3463502931197162,-73.94706840050871,1.4170923606985453,2018,-0.8,-296_5
1,280.5060288496375,498.187417670298,30716.985389563804,2218.2848809936145,0.60355,26.39807189438818,1.244041898370594,1.4875214034384605,-74.23452929142697,1.9201489198054773,2004,0.4,-297_7
1,89.30524551849749,0.0,5403.445091753549,97.33015697164892,0.6896333333333333,26.38222531510576,1.0349738080418247,1.4181373719330983,-73.32273927804565,2.283966609873884,2018,-0.8,-294_9
0,70.4905345738787,1795.7784436700424,35131.111439603155,6923.157497294993,0.8585666666666667,26.378439572818195,1.0002443576469275,1.4065055194085998,-71.94382531692219,2.6747337584658752,2018,-0.8,-288_10
1,750.365633834966,498.1696655006204,13417.212332076651,815.7077063989659,0.5912166666666667,27.090777403355677,1.1605196641040314,1.16650147153451,-73.9830010118735,2.0414214831616126,2016,2.6,-296_8
0,230.5870212032789,498.15155198995416,8700.591919752365,763.1054055344371,0.76305,27.100631725733194,1.1923968545779409,1.3142875918418964,-72.69391857916199,2.1582024700971503,2007,0.7,-291_8
1,1507.1225160648446,2540.428882344476,27255.13621827026,1512.4074539289957,0.6004666666666667,27.29344482382811,1.3709908242148738,1.5891340082760366,-74.08181569312664,1.682095369513804,2022,-0.8,-297_6
0,2213.3192744278376,0.0,3105.528155621985,7834.594856755237,0.84545,25.782693663830003,0.962495135286348,1.453903247365354,-73.51587706413135,1.992014142535039,2018,-0.8,-295_7
1,227.72905887960357,0.0,30984.174464250616,1200.8146498161752,0.8169666666666667,26.307964718677567,0.9586587798190842,1.2032358454776144,-74.43215865393326,1.3407355615483858,2018,-0.8,-298_5
1,555.841481131347,0.0,18829.135354574304,141.25899842047846,0.7661833333333333,27.022294555904352,1.095969407557453,0.717442720929248,-74.69716166274851,1.6910785223549991,2007,0.7,-299_6
0,725.9944300028287,0.0,42417.53246778154,1835.825999882616,0.7179333333333333,25.70424627820711,0.6047016011723508,0.6827976560160535,-74.40520919540967,0.572675993626195,2014,-0.3,-298_2
0,1564.9997766407337,0.0,5577.51671462974,261.8925590316728,0.6731166666666667,25.309447603865408,0.6814729538486547,1.2439171819878612,-74.47707441813924,1.762943745084561,2017,-0.2,-298_7
0,1399.4973860044702,498.1406365174397,11267.4505044161,1562.7823733864714,0.84965,25.650756496951036,0.7764848792417239,1.2640167226766792,-73.43952026498118,2.2255761164061147,2002,-0.1,-294_8
0,6720.435724210583,2682.7257506359088,2272.4964545287794,2801.6874931017687,0.7688166666666667,25.90942644004457,1.0219976279014769,1.4291182889527951,-73.42155395929879,2.0414214831616126,2004,0.4,-294_8
1,273.17895261421205,0.0,23588.43096767868,2152.2784897260062,0.5915833333333333,27.164856187905457,1.2148724027833977,1.2471705755477982,-74.32436081983892,1.3362439851277883,2022,-0.8,-298_5
0,7158.2108796836255,6496.580434640212,368.5426275278243,9248.932794350389,0.8487666666666667,25.69443371831852,0.7233772246646065,0.7928062417078171,-74.03689992892066,1.259887185977629,2003,0.9,-297_5
1,1282.1755232534472,0.0,20851.094443160437,286.05822852601176,0.69865,25.806155628042237,0.9141103316202824,1.2999833623372634,-74.3602934312037,1.6776037930932064,2006,-0.9,-298_6
1,280.6930139456873,0.0,867.2637952210015,6939.632802123251,0.6563833333333333,26.72854154353655,1.002292857128564,1.0697638212047105,-73.52036864055194,2.396256020388824,2020,0.6,-295_9
1,227.0593861199424,0.0,30481.29058526798,895.6440808359985,0.7055666666666667,25.917547481974395,0.7197715386034326,0.999677923616872,-74.31088609057711,0.6310664870939638,2018,-0.8,-298_2
0,2040.1211797560136,0.0,11602.175198389312,942.7532702841876,0.67055,26.811935949744,1.0609693348913485,0.7265283038677253,-74.43665023035385,1.7225195572991825,2016,2.6,-298_6
0,3172.516321050556,0.0,17186.482464396126,1664.8607892542325,0.8876666666666666,26.80734679924791,1.254289831166017,1.5022000626232856,-73.74494746158182,1.947098378329063,2007,0.7,-295_7
1,263.9686632203497,0.0,24476.89407697609,273.61240870075613,0.5320333333333334,26.028573039564947,1.123837528409824,1.2523440572892997,-74.39622604256847,2.023455177479222,2004,0.4,-298_8
1,215.76986033191693,0.0,36667.59123562294,141.89328966512642,0.6805833333333333,26.08294700504388,0.9595215107017028,1.1592247058316512,-74.52648175876581,1.3362439851277883,2018,-0.8,-299_5
1,66.02132770070166,498.1263331224319,1650.5190313420874,2636.48128046208,0.70535,27.043436073268083,1.2878963061122464,1.5212953130549016,-73.38562134793402,2.310916068397469,2022,-0.8,-294_9
1,573.3883100788644,3591.544105604162,33974.87104400494,433.9706706829044,0.5941666666666667,25.323458033736078,0.5270519082935562,0.8530601311294325,-72.06509788027832,2.6837169113070707,2015,0.7,-289_10
0,191.90173039824043,0.0,8705.412007188845,1718.315167291785,0.5891500000000001,25.36853564630968,1.1408625176775722,0.8049432455534316,-74.95767309514318,1.6641290638314137,2004,0.4,-300_6
0,763.7719680970328,0.0,26538.129445178227,3925.0592207853288,0.7426166666666667,26.37296833349876,1.1514491806130591,1.2917540839515744,-74.39622604256847,1.318277679445398,2023,-0.5,-298_5
0,219.1406773810471,1113.8894413271005,357.66620237188977,1173.823383784579,0.8438166666666667,26.11724932539238,0.8529551545289283,1.1643072765112894,-72.1189967973255,2.189643505041334,2018,-0.8,-289_8
0,35.76034969389904,0.0,20591.77329463571,2849.473584472601,0.8649,26.868612835020315,0.9274505012312144,0.9899825121149658,-72.06958945669892,2.562444347950936,2010,1.5,-289_10
1,2170.6044875489724,704.5115329077304,8828.054829457686,524.9056998098093,0.541,27.580179010509426,1.4211699913738334,1.4447196457182088,-73.94257682408812,2.072862518105796,2007,0.7,-296_8
1,213.52668441281875,0.0,43222.57036765147,3622.866944822668,0.7086166666666668,26.285985874531548,0.9442430796484628,1.045905860517509,-74.58936382865417,1.3587018672307762,2018,-0.8,-299_5
0,280.2012222624176,0.0,43054.325728988064,1488.4019037583023,0.65475,26.566847040319946,0.940245454742336,0.8374838768719579,-74.7106363920103,1.0308167885271509,2022,-0.8,-299_4
0,169.22259994604238,0.0,14481.57467625352,1792.7430575384658,0.6317333333333334,27.03891665902557,1.3252466749165754,1.5949263376006402,-73.5967254397021,2.1582024700971503,2022,-0.8,-295_8
0,288.6337258302874,0.0,19156.72605428584,303.35141029405173,0.6866833333333333,26.266432945653836,0.9478552149207696,0.8391407127235767,-74.48605757098042,1.6326880288872303,2014,-0.3,-298_6
1,56.14513677656936,0.0,9249.053277934623,228.6237595775908,0.6786833333333333,26.37524901562045,1.1623789758708951,1.1944887147635,-74.31088609057711,2.3019329155562738,2004,0.4,-298_9
1,3956.011521755115,2113.9374990760725,7291.920421513371,1815.2458515448316,0.5669333333333333,25.57755659682533,0.7509022281043495,1.334754670138766,-74.14918933943561,1.3137861030248,2011,-1.3,-297_5
0,215.8453147268505,498.2678590627736,37785.78816263224,1921.232116007409,0.7822333333333333,25.499661496304554,0.704304288950174,1.184697139355252,-74.62529644001896,1.2284461510334457,2017,-0.2,-299_4
1,37.36778853689937,0.0,14532.593982772256,604.429772014565,0.7125666666666667,27.48118845636401,1.316127218995366,1.4143895961247768,-72.50078079307629,2.5714275007921303,2007,0.7,-291_10
0,24.697530597591797,498.0928157733255,21711.214931814604,915.988109463406,0.7841333333333333,27.21661314854424,1.2682129376054403,1.3471361609974597,-72.41544084108493,2.4995622780625686,2007,0.7,-290_9
0,217.0633041953537,498.2850276197349,42246.2586765603,454.522912086884,0.7888000000000001,25.49436871589097,0.7271739687537858,0.8914340662284049,-75.04750462355513,1.0218336356859556,2008,-1.6,-301_4
0,1306.993085571546,0.0,17533.473945505673,2378.328540788404,0.6779166666666667,26.097338425362352,0.9174174648178448,0.8725378229623915,-74.77351846189868,1.8617584263377085,2011,-1.3,-300_7
1,973.195569901123,0.0,33636.63109370181,197.51432466955188,0.5129833333333333,27.33986404465827,1.3723819654979288,1.4299614877384148,-74.26147874995054,1.61472172320484,2022,-0.8,-298_6
0,725.9944300028287,0.0,42417.53246778154,1835.825999882616,0.7014333333333334,25.89929268866769,0.7106462425120657,0.9768349875158312,-74.40520919540967,0.572675993626195,2018,-0.8,-298_2
1,310.73749281158445,0.0,11099.330733926958,364.2098521208754,0.6592833333333333,26.25093412412264,1.107992509463056,1.5616600094946598,-73.72248957947883,2.12226985873237,2004,0.4,-295_8
0,439.6306225546434,0.0,9655.26643051987,702.2994721071904,0.64575,26.91049885337196,1.2821346464264651,1.0477230663651678,-74.31088609057711,2.2974413391356765,2014,-0.3,-298_9
0,2800.104345761764,0.0,14453.340867114612,364.98125003002815,0.6239833333333333,25.801707466895092,0.7685510222640843,1.04913471502478,-74.5219901823452,2.02794675389982,2005,0.6,-299_8
0,4232.51665320637,996.4902784272408,17870.35445350165,624.587795722599,0.7175333333333334,25.96414591984086,0.7572303571834373,1.0685537772355789,-74.10427357522963,1.4575165484839236,2013,-0.3,-297_5
1,203.34415817394543,0.0,18013.36261528232,943.2199746487792,0.6004333333333334,26.447337547389964,1.1064232349174417,1.078835849041476,-74.63427959286015,1.6955700987755968,2004,0.4,-299_6
1,755.4562719186175,0.0,27539.971910515,460.7603882463772,0.6639833333333334,26.99934155566234,1.3945971969540425,1.1823948619990474,-74.21656298574457,2.0189636010586245,2007,0.7,-297_8
1,233.27548150804165,0.0,29713.025036258157,2350.488978312669,0.64085,26.201534104762743,1.1867922015858772,1.3119577535559477,-74.31088609057711,2.0189636010586245,2004,0.4,-298_8
1,769.2478771596437,0.0,23094.99541435696,87.12781532597992,0.7126166666666667,25.791294698671265,0.5632352391176559,0.558862368102618,-75.20021822185545,0.6625075220381471,2003,0.9,-301_2
0,127.30242185859254,498.14432208447386,2992.395249649448,681.9248248951614,0.8507666666666667,27.24830455179409,1.4322984434500643,1.220104312507221,-74.08181569312664,2.2031182343031266,2007,0.7,-297_8
1,83.77350586230558,0.0,14005.331162721832,1439.441049471129,0.65485,26.551307235932768,1.0229465520306562,0.9030718114296185,-74.75106057979569,1.6057385703636446,2004,0.4,-300_6
0,741.1854328268616,704.6145222744136,16452.85456258221,269.8767530401244,0.6691333333333334,26.509226969519887,1.1313400356699794,1.526850415373883,-74.02791677607946,1.524890194792888,2004,0.4,-297_6
1,3.759827131937748,0.0,19722.89745269753,2386.655377779869,0.5981333333333333,26.252044345062245,0.9294472354562164,0.958114221595674,-74.69716166274851,1.7225195572991825,2008,-1.6,-299_6
0,7.017824359203959,498.0759229274188,24681.39044404224,1031.7962327764976,0.6878500000000001,26.868612835020315,0.9274505012312144,0.9899825121149658,-72.13247152658728,2.5893938064745208,2010,1.5,-289_10
1,1558.93564841107,0.0,33943.881994192205,315.4105485869936,0.6185166666666667,27.063667323483003,1.070644451957794,0.8715101311492952,-74.31537766699772,1.5608228061576688,2016,2.6,-298_6
1,1245.2073660892822,0.0,30505.53815344987,405.4924050450293,0.6685333333333333,26.350506378843814,1.0854293617066004,1.371708528127369,-74.25698717352995,1.6686206402520112,2018,-0.8,-298_6
1,4683.932277087286,7133.443494817213,22452.91928848609,248.94290366411573,0.5697333333333333,26.357777875469598,1.0211992346784426,1.652865511597227,-74.04139150534127,1.6641290638314137,2018,-0.8,-297_6
0,1050.459513932602,0.0,20189.796894125844,661.1182511988933,0.69825,25.6859688393576,0.7488108866660411,1.020175681652946,-74.59385540507476,1.6416711817284255,2012,-0.7,-299_6
1,1229.5550797332426,2054.207621718165,14506.765732495238,347.5568551667501,0.5595,26.25732569653013,1.003148070593096,1.6391897672818772,-73.92011894198512,1.6865869459344016,2018,-0.8,-296_6
0,265.99256812572,0.0,48159.444884893295,4560.309041980837,0.7757166666666667,25.9575239779702,0.7306663862308533,0.929326630529122,-74.59385540507476,0.6759822512999399,2018,-0.8,-299_2
1,2295.4105828098573,1409.08316823387,19738.5263006099,2030.7806802216069,0.5895833333333333,25.6953783769128,0.8978892666960917,1.89042428233154,-73.98749258829409,1.9291320726466723,2012,-0.7,-296_7
1,4286.373024730163,1796.5531537850472,1455.455616107983,2217.796396605835,0.7442333333333333,26.048191468189543,0.8720233362136524,1.2062630624602395,-74.22554613858577,1.156580928303884,2018,-0.8,-297_4
0,276.3840160475248,0.0,45759.799457565816,631.50232727861,0.7106833333333333,26.43503297922007,0.900993837213495,0.7859617944146703,-74.67470378064553,0.8376790024414539,2022,-0.8,-299_3
0,217.0633041953537,498.2850276197349,42246.2586765603,454.522912086884,0.8501666666666666,25.51722304260676,0.6743284241265308,0.9092179464791412,-75.04750462355513,1.0218336356859556,2006,-0.9,-301_4
0,279.5812285710746,0.0,24778.588977595555,1706.1032815374288,0.8221166666666666,25.812271206939272,0.7862561594456655,1.161623657219298,-74.5399564880276,1.120648316939103,2006,-0.9,-299_4
1,113.76525790095994,0.0,22456.674587406946,919.3184875325912,0.7136666666666668,26.19304723895885,1.1196620424151644,1.3439770032051337,-74.29291978489474,1.8572668499171108,2018,-0.8,-298_7
1,1405.2661449341786,0.0,28065.76107456393,491.2299027780829,0.5488833333333333,26.116498019235337,1.1784129370931096,1.4587591018859207,-74.18063037437979,1.983030989693844,2008,-1.6,-297_7
1,263.93887692369145,0.0,15069.738990377204,371.5027824989204,0.7221166666666667,26.20849763403413,1.0686078131770445,1.524489802507109,-73.9740178590323,1.978539413273246,2018,-0.8,-296_7
0,895.826858894086,0.0,33058.93558506022,1589.5972816170492,0.7503666666666667,26.493265437786874,0.8449362332208333,0.602163177502255,-74.47707441813924,1.5069238891104977,2010,1.5,-298_6
1,1788.797809028527,0.0,13950.855067107374,186.84119566087764,0.6505166666666667,26.72153783872443,1.2386370296892275,0.9970151889797964,-74.41868392467147,1.9246404962260748,2007,0.7,-298_7
1,792.0838458582095,498.2058591837314,4337.99080660063,725.7104043364286,0.6644666666666668,24.756764368613005,0.7771167446436107,0.9652665908909448,-74.46359968887744,1.785401627187549,2001,-0.7,-298_7
0,414.0433798687792,498.1565234692807,7366.172238286528,297.4920891424314,0.8015833333333333,26.81439479646229,1.234088444371111,1.273750755729226,-74.04588308176186,2.126761435152967,2014,-0.3,-297_8
1,573.3883100788644,3591.544105604162,33974.87104400494,433.9706706829044,0.5775833333333333,27.080845803184214,1.2058651446832045,1.4693289522897215,-72.06509788027832,2.6837169113070707,2007,0.7,-289_10
0,226.0249121460294,498.306491403634,35505.21537849787,945.277103774614,0.79005,25.59187563287253,0.6487074394617832,1.0354180063687777,-74.43665023035385,0.6804738277205375,2006,-0.9,-298_2
0,1306.993085571546,0.0,17533.473945505673,2378.328540788404,0.69105,27.15395251326362,1.2816476712620055,0.6050569802071365,-74.77351846189868,1.8617584263377085,2007,0.7,-300_7
0,952.6701454710138,0.0,9813.30379070772,42.5354399988708,0.57825,26.72350519144163,1.3580967378917783,1.2558456046541795,-74.1761387979592,2.4366802081742023,2022,-0.8,-297_9
1,32.19734662629177,0.0,2328.2782885855686,917.8364015952608,0.7487333333333334,26.36517469261588,1.0399423638838023,1.4792670699936126,-73.54731809907553,2.34684867976225,2018,-0.8,-295_9
0,274.86163405125296,0.0,7783.292406688268,985.7030564744974,0.8100166666666667,26.691039026693037,1.1887368216062064,1.410082035855449,-73.91113578914393,2.005488871796832,2014,-0.3,-296_8
0,1301.2758765260455,0.0,22161.616655439888,1438.371311011445,0.7604000000000001,27.014993690455583,1.4051162014111132,1.481729125128746,-74.10876515165023,2.005488871796832,2022,-0.8,-297_8
0,23.449550170833447,498.0602216348943,33193.74193334671,2572.8470158685795,0.7777666666666667,27.011166618610275,0.9951496764947436,1.109368338038245,-71.99772423396935,2.670242182045278,2016,2.6,-288_10
0,2350.035754678828,1114.089980376361,19424.41704672863,477.5363187637676,0.6413333333333333,26.2610092135252,0.9672054663733402,1.4334632215840306,-74.05486623460305,1.5383649240546806,2018,-0.8,-297_6
0,6980.519238337871,6992.814447032396,22293.06311446671,5044.527959734779,0.5282166666666667,26.16499727432756,0.8447929013166492,1.30059493483257,-74.00995047039709,1.6955700987755968,2013,-0.3,-297_6
1,721.040079928249,0.0,2399.2397757058197,2307.4692925122217,0.83435,26.87233391081565,1.2519847346360826,1.4263344388462602,-73.53833494623433,2.355831832603445,2014,-0.3,-295_9
0,177.50188107073038,0.0,40943.985992989656,1497.538515326904,0.72665,25.57685177046648,0.7500485717171199,1.117485547211787,-74.62978801643955,1.2778534916600195,2011,-1.3,-299_5
0,209.40215515490445,0.0,33906.42837843902,535.0382718565062,0.6819166666666667,25.957843758445904,0.7465632071146128,0.7384627268895548,-74.7151279684309,1.3901429021749596,2014,-0.3,-299_5
1,720.569803219224,0.0,14063.279387486333,3953.3323549865895,0.7544833333333334,26.11721147922026,0.8637992031027846,1.1272754001120342,-74.44114180677445,1.1161567405185056,2018,-0.8,-298_4
1,694.2451270600138,0.0,8517.959228528409,2723.158016731567,0.6368333333333334,26.212913556276305,0.8135350342800155,0.9438429891530108,-73.96054312977051,1.4395502428015332,2020,0.6,-296_5
1,142.89277389465502,0.0,8308.60731622424,1557.6246233476063,0.6423333333333333,25.818421605935956,0.8567708937203248,1.2316951070976312,-74.49504072382162,1.9021826141230869,2011,-1.3,-298_7
0,148.5369572414256,498.12556461699495,22532.009657421306,1946.2704004923405,0.8171333333333334,26.870488277802508,1.1640084815301155,1.2047532448364155,-72.42891557034672,2.315407644818067,2007,0.7,-290_9
0,246.99652351530517,498.1703398437125,31208.57388025428,358.95403262655265,0.6576666666666667,26.156151551951268,0.99402065246656,0.9407153688735496,-74.28842820847413,2.036929906741015,2013,-0.3,-298_8
0,5008.081457241941,704.620176939321,21455.420785595645,656.0307886159011,0.7245666666666667,25.80719510618991,0.811471655005501,1.5475972913916185,-74.11325672807082,1.488957583428107,2011,-1.3,-297_5
1,5017.7613047333625,0.0,21794.886747237077,8129.773729555397,0.7104333333333334,25.83400701038425,0.7330098054589477,1.0080182643814153,-74.30639451415652,0.7343727447677089,2018,-0.8,-298_2
0,186.0250761020244,0.0,17183.202265059645,89.155872434656,0.75085,25.95266255184862,1.02135294325172,1.330793671405892,-72.96790474081844,2.2345592692473097,2014,-0.3,-292_8
0,142.89277389465502,0.0,8308.60731622424,1557.6246233476063,0.7291333333333333,25.83915217732141,0.8710761043726265,1.1919258972660858,-74.49504072382162,1.9021826141230869,2006,-0.9,-298_7
0,339.07192937512536,0.0,25134.450771589924,3236.443769128894,0.8184666666666668,25.291236267929776,0.6219978332820698,1.3578674309181296,-72.40645768824373,2.3064244919768715,2009,-0.8,-290_9
1,2784.912598177925,0.0,17626.554355683944,6614.311434366771,0.6229833333333333,27.164856187905457,1.2148724027833977,1.2471705755477982,-74.31088609057711,1.282345068080617,2022,-0.8,-298_5
1,0.5120054219983527,0.0,7771.53883845312,123.06830949544732,0.8062166666666667,27.054946801898097,1.39371334363184,1.0658174019871882,-74.44114180677445,2.382781291127031,2007,0.7,-298_9
1,172.2336761036096,0.0,30827.24140653657,189.47142912021712,0.7245,26.304923237890023,0.799556046105219,0.7736159026826172,-74.29291978489474,0.5906422993085854,2007,0.7,-298_2
1,6695.8820051749335,2054.1430961291376,33245.83810084091,4082.997383320297,0.47905,26.544828700482128,1.134194481503518,1.4931265058177867,-74.04139150534127,1.8078595092905367,2014,-0.3,-297_7
0,226.24360221515087,0.0,49758.10689117182,6233.488095227521,0.7855166666666668,25.96990781856431,0.6193342218765078,0.5842056053237391,-74.60733013433656,0.6131001814115734,2020,0.6,-299_2
0,20.360474245020114,498.0724721363348,26586.35935446359,3863.038264384973,0.8337833333333334,25.797672118688013,0.8649456456647688,1.4419790072984988,-71.98874108112815,2.607360112156911,2008,-1.6,-288_10
0,26.807437029557228,0.0,23482.013377449504,443.403006544428,0.7235666666666667,26.280109109258376,1.0670481856998926,1.5205272805905985,-72.19535359647564,2.544478042268545,2023,-0.5,-289_10
1,134.11035277941892,0.0,25701.23884003144,1265.750499701819,0.6859166666666667,26.2689817921044,1.0237677467272412,0.986607585111924,-74.67021220422492,1.5338733476340831,2004,0.4,-299_6
1,429.8249771989276,0.0,17425.047317776836,495.4223556814883,0.7002,27.226583192877115,1.3662995256172128,1.0658141687575091,-74.44114180677445,2.288458186294481,2007,0.7,-298_9
1,192.22169054038352,0.0,10372.00907371113,884.1907269230244,0.6843333333333333,26.277898353234438,0.8945549686428834,1.0040508006805544,-72.8511237538829,2.086337247367589,2016,2.6,-292_8
1,113.58506742382389,0.0,17239.79693113301,1151.9747532136864,0.8403166666666666,25.63089048871001,0.6828758069295664,1.2278212394371548,-72.17738729079326,2.486087548800776,2017,-0.2,-289_9
1,190.31403880184428,0.0,3134.4843838679403,767.5742260790139,0.6452833333333333,26.803536461636327,1.35404984295414,1.042025037308324,-74.46359968887744,2.4411717845948,2007,0.7,-298_9
0,288.79793724518066,498.2628573353627,41463.22544734739,67.98704738269615,0.7318333333333333,26.763009805430272,0.9502289580815626,0.698762798115596,-74.83640053178704,1.282345068080617,2007,0.7,-300_5
1,717.1972667147529,498.1763618438756,27736.348088140912,286.7534060397886,0.7446166666666667,26.507473028469175,1.2371028964857729,1.0930685031325107,-74.19410510364158,1.9965057189556368,2014,-0.3,-297_7
1,348.2231942254376,0.0,35636.70995174593,274.5603648429017,0.68855,26.23013501882673,1.0000216066586878,1.2192732323755775,-74.39622604256847,1.5024323126898995,2018,-0.8,-298_6
1,2220.6153046454046,498.2576517224798,15317.095729829494,951.4222266792632,0.61805,26.24881835567362,0.7182069039441519,0.7363341273780754,-74.22105456216516,1.3362439851277883,2010,1.5,-297_5
0,217.51450051704217,0.0,32518.40133876333,1097.6896875536247,0.6991,25.57669572922981,0.6235337934475164,0.7755447068660365,-75.17326876333186,1.0128504828447604,2011,-1.3,-301_4
0,263.4378680612106,498.2366876043955,11940.406702606551,3001.986094747623,0.8691000000000001,24.752681326048275,0.7170103705487417,1.272909128674076,-73.98749258829409,1.5338733476340831,2001,-0.7,-296_6
1,47.15498776318144,498.2082113685,23027.975289943857,491.6174315901657,0.7613666666666667,26.48044742383041,1.1517270716994863,1.0219714692017543,-74.28842820847413,1.7674353215051586,2014,-0.3,-298_7
1,286.37696414533,0.0,36368.03233921533,351.9296996951672,0.6432666666666668,26.968536786852724,1.0242221869299244,0.6308858350903753,-74.5219901823452,1.475482854166314,2016,2.6,-299_5
1,5831.967929896148,3341.9682519250537,28707.81338638495,1673.017042629009,0.4739,26.877552175044517,1.150220619041869,1.0997841364830625,-74.06384938744425,1.893199461281892,2016,2.6,-297_7
0,648.1610406416189,1494.936124262505,22717.783932949264,4027.534470823605,0.78285,26.307255793423508,0.8095874955923671,0.8070674755781683,-74.21656298574457,0.5592012643644022,2007,0.7,-297_2
0,165.8453990940539,498.1435849732485,18300.99084380172,1573.7937094353647,0.7626833333333334,26.31733373576668,1.025423391142524,1.3323487541053505,-72.52773025159988,2.2076098107237243,2004,0.4,-291_8
0,37.1743913601286,498.10751224007856,2244.7839526248126,360.1478461826196,0.6684833333333333,26.07376741907416,1.0446899722487129,1.3396618925888444,-72.77476695473274,2.418713902491812,2004,0.4,-292_9
1,1558.93564841107,0.0,33943.881994192205,315.4105485869936,0.7028500000000001,25.654298018041917,0.7771540009720866,1.407625112625083,-74.31537766699772,1.5608228061576688,2017,-0.2,-298_6
0,1242.1764498290256,704.5173436474081,1166.1401182461584,468.2053761602736,0.8046666666666668,27.1407307376266,1.3375319506964216,1.5969616104753814,-73.85274529567616,2.0459130595822104,2022,-0.8,-296_8
1,1434.8089850094111,1409.0740754126448,15537.143006669956,943.3821211325402,0.6344500000000001,27.093051967435315,1.370681593667629,1.604110966615923,-73.95605155334991,1.9515899547496605,2022,-0.8,-296_7
1,1219.123294599208,0.0,23846.866155680476,2331.702326499907,0.6636166666666667,26.364643439865688,0.9428707491032638,1.2472674301322462,-74.3378355491007,1.3317524087071906,2018,-0.8,-298_5
1,3864.3844028872695,4285.856999335138,18738.39850856963,1977.9101048659409,0.5128,26.357777875469598,1.0211992346784426,1.652865511597227,-73.9919841647147,1.6686206402520112,2018,-0.8,-296_6
1,214.4757721545398,498.25450010511696,40605.16899444428,3620.1475010241543,0.8160833333333334,25.916614651033,0.8662726348178835,0.8361518501670079,-74.54444806444819,1.3676850200719717,2014,-0.3,-299_5
0,213.6999268165888,0.0,17506.365896088606,2286.6803840080424,0.6297,26.12090608457146,0.7215151247112547,0.5378271387948871,-75.27208344458501,1.120648316939103,2006,-0.9,-302_4
0,5534.424144544627,0.0,156.94533819768606,601.2537022611234,0.6796,26.390208852360388,1.0782679279259118,1.4005129539884225,-72.63103650927361,2.517528583744959,2004,0.4,-291_10
0,28.54443700325278,1494.3176902436107,4152.354160766467,7806.258887459512,0.8165166666666668,26.596664828473934,1.1101832108719412,1.500337532982919,-73.56977598117851,2.427697055333007,2004,0.4,-295_9
0,704.0819230672098,498.17901212817065,26959.33013313636,204.9793498039063,0.6013000000000001,26.24050573186884,1.0317349815728032,1.0296795003342736,-74.1536809158562,1.978539413273246,2013,-0.3,-297_7
1,2932.6800480320862,3151.024734114285,26015.86363726317,1947.3298349000115,0.58565,26.38951506289959,1.060819322061348,1.5625233676820505,-74.07732411670604,1.6686206402520112,2018,-0.8,-297_6
1,141.01334417167828,0.0,4687.488447518515,31.87003766403712,0.6093333333333333,26.21870775549951,1.0082450656606703,1.5180650491589824,-73.9695262826117,2.185151928620736,2011,-1.3,-296_8
1,4063.390032526573,1114.03910389178,33802.37978902037,2029.8724766376645,0.49825,27.05286279352157,1.256645153825869,1.393473008976014,-74.12223988091202,1.7270111337197802,2007,0.7,-297_6
0,18.32109644127462,0.0,2333.0376798730244,258.54465057918503,0.64395,26.858514230213476,1.2365247724270358,1.3010322855214935,-72.77027537831214,2.4456633610153973,2007,0.7,-292_9
0,1687.0176318646754,0.0,11251.73752744973,1027.4128440212787,0.7058833333333333,25.80601999973311,0.9044144819365846,1.739382336950133,-73.68206539169346,2.126761435152967,2011,-1.3,-295_8
1,19.52121903012699,0.0,57100.90756408848,2088.793403704813,0.7163333333333334,26.066451105556386,0.7678524469683884,0.8993642912523573,-74.83640053178704,1.017342059265358,2018,-0.8,-300_4
0,1229.5550797332426,2054.207621718165,14506.765732495238,347.5568551667501,0.5905666666666667,25.23122956861431,0.569970636362635,1.107625815912577,-73.92011894198512,1.6865869459344016,2015,0.7,-296_6
0,18.32109644127078,0.0,2333.0376798730244,258.54465057918503,0.67645,25.29920427788244,0.6948771234353539,1.485611365479067,-72.77027537831214,2.4456633610153973,2009,-0.8,-292_9
0,1719.0105214740704,0.0,37200.8694140673,1934.978455940569,0.8225666666666667,26.16841453136209,0.935626001046416,1.5154505538780163,-74.23452929142697,1.5967554175224494,2006,-0.9,-297_6
1,9800.352534501628,2491.0203575794,24286.49655398251,1707.382883085667,0.67415,25.6740733158876,0.7644890004670852,0.9787636306620756,-73.93808524766752,1.798876356449342,2019,0.9,-296_7
0,3926.284315772715,498.1655723752897,1451.871495590777,2515.058719756993,0.8569,26.279367492214877,1.0929658120457346,1.3262491853295997,-73.46197814708417,2.0683709416851985,2014,-0.3,-294_8
0,2291.4257179778324,0.0,1573.6887652282262,7750.570184462645,0.8500500000000001,26.996965403588604,1.2471904277676191,1.3728983006922928,-73.17002567974532,2.1671856229383457,2007,0.7,-293_8
1,2647.112333324439,1575.490994896512,8779.610823065987,116.4704701203539,0.5943333333333334,26.00114483220483,0.960691668613057,1.5131464149006464,-73.72698115589944,1.7225195572991825,2018,-0.8,-295_6
0,156.47175101878855,0.0,3505.917185669568,253.59741327949493,0.68205,25.76663044413368,0.7889574507055445,1.2133872108482733,-72.71637646126497,2.378289714706433,2002,-0.1,-291_9
1,1341.9053867805574,0.0,28088.976149798007,784.5240600172519,0.6956333333333333,25.67032823922125,0.8227187982299426,1.2909771983563336,-74.42317550109206,1.5653143825782665,2012,-0.7,-298_6
0,164.17706021943087,0.0,40322.81123107042,175.89473853673522,0.6751333333333334,25.57685177046648,0.7500485717171199,1.117485547211787,-74.63427959286015,1.259887185977629,2011,-1.3,-299_5
1,971.031806680518,498.2288944350779,27720.647477154344,1022.537931472449,0.7106,25.88090457359584,0.8807901881561175,1.321170582831994,-74.3558018547831,1.6012469939430471,2011,-1.3,-298_6
1,889.8901357780377,704.4493860455839,182.02059540175475,445.5069778099285,0.7996833333333333,27.074071744644414,1.3932754241071856,1.4535219494412075,-73.77638849652601,2.3423571033416524,2007,0.7,-296_9
0,283.7089506057913,0.0,37626.17558348627,1060.3355884257967,0.7331833333333333,25.673630139330896,0.678245364507024,0.7131531783051673,-74.60283855791596,1.2643787623982266,2013,-0.3,-299_5
1,61.67129756488206,498.0994033574021,28569.17004300346,3229.6765595898914,0.7119500000000001,26.396199021923,0.9959593559317318,1.3822738798361218,-72.33010088909357,2.463629666697788,2018,-0.8,-290_9
0,265.07547547592395,704.6028136475187,8866.571512717675,2659.768467953561,0.6345166666666667,25.61940043108075,0.8053540635921372,1.7186068387728088,-73.93808524766752,1.5967554175224494,2011,-1.3,-296_6
0,71.8741383304946,0.0,6099.603978500589,846.82667647287,0.8264666666666667,25.842159562665188,0.8746945472228008,1.6201932752007988,-73.54731809907553,2.2929497627150788,2011,-1.3,-295_9
0,393.0292601189567,498.136182434081,8493.524909724052,369.34498935624015,0.8518333333333334,25.445397696761237,0.7030096016835282,1.5638854993958085,-73.44850341782238,2.2525255749297,2009,-0.8,-294_9
0,1384.1368974360364,0.0,27231.840834164774,403.4679351658857,0.6708000000000001,26.36806959175664,1.2709477746316988,0.8692254486534526,-74.57139752297178,2.2345592692473097,2007,0.7,-299_8
1,3243.1387726381176,1992.7521797754985,25213.41452276736,1504.5501144586942,0.6311833333333333,26.15120812375551,1.0505570749350115,1.6635039805049552,-74.04139150534127,1.91565734338488,2018,-0.8,-297_7
1,61.04143030740015,498.0548727299032,35728.05512157314,1937.286623550476,0.5463666666666668,26.74455091336785,1.1244684007119952,1.5761664730301703,-72.10552206806369,2.6971916405688634,2022,-0.8,-289_10
1,1233.4702488130636,0.0,28842.15879104653,452.5416211669386,0.6356,25.854512088334214,0.7308682738694627,0.7883308724898912,-74.39173446614788,1.349718714389581,2003,0.9,-298_5
1,657.6484193606135,2540.3277347617964,37480.41214511978,1185.0615859303855,0.4854166666666667,26.915671440521063,1.1055780326654931,0.8978161106253363,-74.1536809158562,1.8348089678141228,2010,1.5,-297_7
1,1003.0270669320196,1114.047975010502,30153.49328938691,208.3428993801746,0.5831333333333333,27.05286279352157,1.256645153825869,1.393473008976014,-74.10427357522963,1.6955700987755968,2007,0.7,-297_6
0,218.4805703233863,0.0,55752.56684497928,636.0205988573167,0.8016333333333333,25.727330772014284,0.7436583024502413,0.9284138401133344,-74.82292580252525,1.0038673300035654,2008,-1.6,-300_4
0,6736.759568798606,7732.708037534458,7932.221723743901,9749.420720168631,0.7517833333333334,25.14325123951488,1.030122977576834,1.4162991528391922,-73.84376214283498,2.418713902491812,2018,-0.8,-296_9
1,7234.663062615866,498.27107331250926,5551.717706304846,1888.2231880883576,0.7869666666666667,25.822524222153675,0.8649924509888639,1.2519084362101278,-74.21207140932397,1.1925135396686648,2008,-1.6,-297_4
0,599.558458769677,0.0,8594.454410372986,4163.594020596458,0.5728833333333333,26.39201735172503,1.067417300282139,0.8342257311270552,-74.9127573309372,1.592263841101852,2004,0.4,-300_6
0,372.0375140421528,0.0,20555.3045532599,1328.44090031869,0.7505333333333334,27.21661314854424,1.2682129376054403,1.3471361609974597,-72.42442399392613,2.4771043959595804,2007,0.7,-290_9
1,147.46834068332345,0.0,42389.28272759923,190.75381892700707,0.7041666666666667,25.4783589766933,0.572821527238101,1.0350318608170526,-74.63877116928074,0.8376790024414539,2017,-0.2,-299_3
0,717.1972667147529,498.1763618438756,27736.348088140912,286.7534060397886,0.7344,25.80259443270592,1.0060620017544737,1.540753863578907,-74.19410510364158,1.9965057189556368,2012,-0.7,-297_7
0,152.1089252668128,0.0,16798.243202443777,1793.833331827915,0.8012833333333333,26.32438030052481,0.8805715412666619,0.8641723250931047,-74.80945107326346,1.515907041951693,2018,-0.8,-300_6
1,557.9488378036174,0.0,8818.37139158921,8210.290481063976,0.7856166666666667,26.28306914831029,1.0917848810090334,1.0546125679520306,-74.10427357522963,2.360323409024043,2021,-0.9,-297_9
1,297.1962183972232,0.0,18218.197313960947,916.9098345975416,0.6751666666666667,25.920571706042324,0.8208714991486223,1.1133105397800362,-74.64775432212194,1.7090448280373898,2011,-1.3,-299_6
1,5831.967929896148,3341.9682519250537,28707.81338638495,1673.017042629009,0.5172166666666668,26.15691490861701,1.1618811995139986,1.6093862872123,-74.06384938744425,1.893199461281892,2004,0.4,-297_7
1,206.6664844812309,0.0,6170.684923290376,779.9506713583036,0.6641166666666667,26.28624157776511,1.122543509922468,1.1748539424758626,-74.51749860592462,1.749469015822768,2004,0.4,-299_6
0,693.5394369311776,0.0,39244.21410457651,1463.3795399410442,0.7131000000000001,26.29647313684813,0.8267373262987087,0.6645067050660683,-74.58038067581298,1.4485333956427284,2020,0.6,-299_5
1,573.3883100788644,3591.544105604162,33974.87104400494,433.9706706829044,0.5633166666666667,25.898621566521683,0.8896722945152153,1.579389376596015,-72.06509788027832,2.6837169113070707,2008,-1.6,-289_10
1,548.8070533150901,2113.75508574196,36374.90580225418,346.5927206738738,0.5469166666666667,26.56929708986962,1.201902582614149,1.51776617309522,-74.167155645118,1.7000616751961946,2004,0.4,-297_6
0,282.6088950020188,0.0,45439.41200558552,1503.401163834895,0.6879166666666667,26.268098287284204,0.963774741180326,1.0249294331647325,-74.7286026976927,1.120648316939103,2004,0.4,-299_4
0,219.8387950442088,0.0,28617.048386621915,523.655195684548,0.82535,26.87811170320174,1.2258574471906316,1.1284963801635726,-74.25698717352995,1.704553251616792,2007,0.7,-298_6
0,92.94547237511247,0.0,16059.022027506251,498.0805570161802,0.5822166666666667,27.301322359240373,1.4634578239577418,1.4385243468077495,-74.3468187019419,1.830317391393525,2022,-0.8,-298_7
1,718.4518296667974,498.2093874567199,27139.895703753737,211.03044417217055,0.7012333333333334,26.02782219507361,1.0134603362418362,1.5255716335525904,-74.25249559710934,1.7584521686639634,2011,-1.3,-298_7
0,83.03226947069608,704.5627189966838,39.30134815200295,1149.5423806453553,0.8450500000000001,25.964317904708025,0.994291625948126,1.1863161310607413,-74.49504072382162,1.82133423855233,2008,-1.6,-298_7
0,396.31497426025527,498.0784953197638,29644.278903187325,1459.1032776974137,0.6776500000000001,25.994353455906374,0.8266523850222903,1.295728073619671,-72.24476093710221,2.575919077212728,2002,-0.1,-289_10
1,310.3274938059496,498.1301599481806,7280.8581628140255,194.79643127514075,0.7780833333333333,25.42908038536342,0.691018900511276,1.2836502703980366,-73.07121099849218,2.288458186294481,2017,-0.2,-293_9
0,292.9223273266179,0.0,21509.772976022243,21.32865115983658,0.6880333333333334,26.066176738143326,1.084418834304823,0.8811754963665211,-74.7330942741133,2.086337247367589,2006,-0.9,-299_8
0,171.65850793168266,0.0,13883.01627071715,931.4785940630588,0.7816500000000001,26.44766723214815,0.9646736329560752,1.260678279225075,-72.59061232148824,2.1806603522001384,2014,-0.3,-291_8
0,39.09889151612303,0.0,23057.023047462204,173.43355699944576,0.6627666666666667,25.571620081381862,0.7297363832928908,1.4621842205740323,-72.40196611182314,2.481595972380178,2012,-0.7,-290_9
1,419.40613559288033,2490.2155403699494,42583.50868335072,108.50171654843008,0.6144000000000001,25.65177509241454,0.6963885147266793,1.6336935552615997,-71.99323265754876,2.7555821340366324,2009,-0.8,-288_11
1,235.45697992279,498.2283612963036,8044.1486077773725,3208.594394587206,0.7016,26.048952923172635,0.9462983327403722,1.5532262908140029,-73.91562736556453,1.6057385703636446,2018,-0.8,-296_6
0,113.58506742392407,0.0,17239.796931132892,1151.974753213493,0.82735,27.19582925587514,1.2305364052834566,1.3097243163654388,-72.17738729079326,2.486087548800776,2007,0.7,-289_9
1,198.0433750692516,498.15581774179856,5586.487315355357,3548.522914244119,0.7672166666666668,25.274342246038543,0.8139209369447334,1.2918007469001136,-73.0307868107068,2.131253011573565,2021,-0.9,-293_8
0,6506.140326343178,1796.2379609895788,33389.43636346367,2644.6890919622147,0.6516833333333333,26.60547433102801,1.1065467884493894,0.9336851884894898,-74.1761387979592,1.9246404962260748,2020,0.6,-297_7
0,224.84130215551437,0.0,43971.28996616062,5040.211745680215,0.8064166666666668,25.9575239779702,0.7306663862308533,0.929326630529122,-74.58936382865417,0.7298811683471113,2018,-0.8,-299_2
1,291.9906028346986,0.0,22084.96099976534,472.7664164730869,0.6950000000000001,26.789310613682066,1.0897449620430113,0.8014343443515953,-74.58487225223358,1.6192132996254376,2007,0.7,-299_6
1,215.47245887289063,0.0,37285.039339415925,5.17409246829025,0.6956166666666668,26.08294700504388,0.9595215107017028,1.1592247058316512,-74.54444806444819,1.327260832286593,2018,-0.8,-299_5
0,75.04339763639844,0.0,17699.20806170632,2038.874873233572,0.6963166666666667,26.806810304218857,1.1183975642814117,1.43089295933048,-72.19984517289625,2.472612819538983,2022,-0.8,-289_9
0,292.9223273266179,0.0,21509.772976022243,21.32865115983658,0.6620833333333334,27.00570258776833,1.4303575195045628,0.7060111011954572,-74.7330942741133,2.086337247367589,2007,0.7,-299_8
1,271.2338838062824,2491.0842581594866,29223.0662041657,1744.1287416379455,0.47565,26.03571485108256,0.9254824180832876,1.6338133942503743,-74.09079884596784,1.7000616751961946,2006,-0.9,-297_6
0,85.75307150692902,0.0,26419.181957910743,240.001440971054,0.8175,26.63282035636223,1.1008161322642678,1.4356020350484755,-72.02467369249294,2.611851688577509,2022,-0.8,-289_10
0,230.39061510592344,0.0,7821.266223580108,1876.1579227150828,0.8289500000000001,26.042204616281023,1.0377340505720425,1.1208189230612542,-74.05935781102366,2.548969618689142,2018,-0.8,-297_10
0,69.3683736966407,498.0690056357653,21267.448195511588,2335.469771569945,0.7695666666666667,26.040843903462985,0.8569837513897484,1.520885553192338,-72.46035660529091,2.6253264178393017,2011,-1.3,-290_10
1,200.35591569538943,0.0,29194.45810998964,634.4381152936282,0.6728000000000001,26.91140230255013,1.3549359982084024,1.0750744456135772,-74.27944505563293,1.9740478368526488,2007,0.7,-298_7
1,1400.4149309964291,0.0,15789.693078128956,3204.6132197555585,0.7771166666666668,26.652961327092328,1.1137407509632435,0.8562908249757185,-74.12673145733262,2.486087548800776,2020,0.6,-297_9
1,272.8847873092251,0.0,14325.022025962484,684.0208990284765,0.6613666666666668,26.392118164211468,1.0369005923040746,1.379257874228205,-72.58612074506765,2.1806603522001384,2004,0.4,-291_8
0,292.41193891072044,0.0,25725.737271326438,474.48364454408,0.6993166666666667,25.848389549948426,0.8574011003337675,0.956172227292468,-74.74656900337509,1.4575165484839236,2008,-1.6,-299_5
0,278.0708390146373,0.0,26883.6244824049,1099.3251560810306,0.7436,26.097788490905543,0.8133648790040192,0.6980846172577664,-75.31250763237038,0.949968412956394,2004,0.4,-302_3
0,1912.8766925336688,498.14432208447386,6453.581580203866,1197.6344688788486,0.8308666666666666,26.54612353335148,1.1178883489094689,1.3061835880726214,-73.36765504225163,2.2031182343031266,2014,-0.3,-294_8
0,1666.9321576057423,0.0,33043.645265503765,2979.265219708699,0.79205,27.0146284306835,1.0298069474587728,0.8712155340688774,-74.31986924341831,1.475482854166314,2016,2.6,-298_5
0,657.6484193606135,2540.3277347617964,37480.41214511978,1185.0615859303855,0.5069833333333333,26.344265545609403,1.1903198136823476,1.5445924366241943,-74.1536809158562,1.8348089678141228,2004,0.4,-297_7
0,277.4563851686489,0.0,11723.776664606848,117.53037960670596,0.5639666666666667,26.44472719498259,1.093597198865477,1.393857097155358,-74.08181569312664,1.4036176314367523,2004,0.4,-297_5
1,169.2225999460773,0.0,14481.57467625352,1792.7430575384658,0.67005,26.305040281513584,1.0467572636948246,1.5229359802560118,-73.5967254397021,2.1582024700971503,2018,-0.8,-295_8
1,364.54001502358,498.1450435114255,24374.240349414897,1513.2748475957894,0.6116333333333334,26.52921433491815,1.1535874956978551,1.1895298707726416,-74.40071761898908,2.198626657882529,2004,0.4,-298_8
0,186.5777430037879,0.0,17453.041980680733,124.8962509884793,0.5655833333333333,26.288601947747225,0.9247146451311696,0.9817344674330512,-72.87807321240648,2.1671856229383457,2016,2.6,-292_8
1,9902.20072045809,1114.0141381508586,20083.37459378697,1105.945899794295,0.6675833333333333,25.643683322099776,0.6972358964048845,1.4653484662986234,-73.83477898999378,1.812351085711135,2005,0.6,-296_7
1,715.8621502097877,0.0,32523.62363825521,2788.825893395824,0.8302333333333334,26.08294700504388,0.9595215107017028,1.1592247058316512,-74.49504072382162,1.3137861030248,2018,-0.8,-298_5
1,2509.1334569984706,498.15581774179856,9755.14601333131,3338.674423241984,0.8380666666666666,26.01407197356565,1.0529880858962646,1.4653616410338095,-73.51587706413135,2.131253011573565,2004,0.4,-295_8
0,201.9020692370808,0.0,20426.41763577414,376.0666608637732,0.7317333333333333,26.964254560094616,1.044340453589653,0.6782206622048969,-74.903774178096,1.475482854166314,2007,0.7,-300_5
1,1231.6296876646966,498.1648823431856,5761.981378230987,1908.7189030919349,0.7642666666666668,26.00490360401625,0.9953628046790454,1.4524428465639143,-73.54282652265493,2.072862518105796,2018,-0.8,-295_8
1,3247.700103314742,2113.4689272023847,7260.541457723379,274.9020699141811,0.5553833333333333,26.07363464134818,0.9299141540468993,1.6874150134260024,-73.84825371925557,2.1716771993589434,2012,-0.7,-296_8
0,809.7838866235827,1796.6909731851497,22918.86307713768,4801.575803145852,0.8284833333333335,25.91635437436554,0.7260721526859474,1.0183885506544654,-74.21656298574457,0.550218111523207,2018,-0.8,-297_2
1,2483.492074019847,0.0,13315.485792467513,139.15720398440607,0.7731833333333333,25.23632214258589,0.6644922916050974,1.4076642112489453,-73.46646972350477,2.2121013871443216,2017,-0.2,-294_8
0,720.2257119994725,0.0,23401.178472153984,343.3006492951443,0.7606,26.027920420842463,0.6932908866302373,0.7688320892451799,-75.21818452753784,0.6759822512999399,2018,-0.8,-301_2
1,1558.93564841107,0.0,33943.881994192205,315.4105485869936,0.5542,27.33986404465827,1.3723819654979288,1.4299614877384148,-74.31537766699772,1.5608228061576688,2022,-0.8,-298_6
1,113.2438838219733,0.0,26869.10177330802,1071.1442810078588,0.72545,25.295744252915085,0.6334784265399579,1.1125886593425425,-74.53546491160701,1.1880219632480673,2012,-0.7,-299_4
1,3724.34315871259,0.0,5791.884922424725,1.9428328079566992,0.6943333333333334,25.584515147641355,0.6481750807785674,1.0107293892336455,-73.77638849652601,2.1716771993589434,2015,0.7,-296_8
0,905.3124685137008,0.0,7960.179963762845,6150.074107622826,0.8601500000000001,26.348832207588828,1.189121604249136,1.3781546976470498,-74.08630726954723,2.3423571033416524,2008,-1.6,-297_9
0,217.6943797904084,0.0,29806.03608914132,2857.288980495732,0.8386166666666667,25.78777670179096,0.8555978816570452,1.2151526737360432,-74.47258284171863,1.3003113737630074,2006,-0.9,-298_5
0,204.8773051658655,0.0,39347.162705877054,508.1106995215946,0.8264166666666667,25.852085214264264,0.7276445841244913,0.6422945673290624,-74.58936382865417,1.4350586663809357,2003,0.9,-299_5
1,3023.2224652868467,4982.111280621902,12461.61327183055,98.11258698473512,0.5635,25.52073451929442,0.7648698362623524,1.3872752286604886,-73.67757381527285,1.7449774394021706,2002,-0.1,-295_6
0,283.0295764923482,0.0,50645.84869159937,3305.675876473791,0.8691500000000001,26.32852777983072,0.8787938035250948,0.6865010523363515,-74.88131629599302,1.0847157055743222,2007,0.7,-300_4
1,4081.077768317999,498.2111280621901,12118.44012305948,1487.5921579900073,0.5530666666666667,26.07943429732046,1.1147350015768132,1.676094149735813,-73.80333795504959,1.7449774394021706,2023,-0.5,-296_6
1,878.2917499171933,0.0,27344.505169004715,160.90185191389432,0.72945,25.295744252915085,0.6334784265399579,1.1125886593425425,-74.53546491160701,1.1970051160892623,2012,-0.7,-299_4
0,214.2567609706615,0.0,47135.87448099178,2537.4964641577462,0.6449333333333334,25.43005015201834,0.6197692806088716,0.8855226290822751,-74.88580787241361,1.1386146226214937,2009,-0.8,-300_4
1,286.7449531572136,0.0,42007.73490593873,2438.3318896637693,0.7806333333333333,25.847178315994316,0.8805932559663147,1.1948651496936105,-74.49054914740103,1.4215839371191428,2006,-0.9,-298_5
1,76.5581683708532,0.0,35729.16211356514,783.8218576850776,0.5185666666666667,26.263500260251877,1.0031343543418407,1.495084107064315,-72.13247152658728,2.6927000641482657,2004,0.4,-289_10
0,828.9246830028678,0.0,5949.002032581922,243.60480631437787,0.7139666666666667,26.583886908947704,1.004030227096276,1.0698876877411612,-74.56690594655119,1.7898932036081467,2018,-0.8,-299_7
1,1236.022958898675,0.0,12938.254255312031,3236.4381603798797,0.8721833333333334,26.782498646466134,1.1212984868135425,1.3071456740133736,-73.99647574113528,1.5338733476340831,2007,0.7,-296_6
0,3.1932959872010627,0.0,17571.097487376494,705.3389758551725,0.6924666666666667,26.458140837938515,0.9270096446608108,0.6709824968448413,-75.30352447952919,1.0622578234713342,2004,0.4,-302_4
0,5172.571731068795,498.1854887991018,16445.31574651876,4108.550317292494,0.8683000000000001,26.979252363704006,1.2936031154140524,1.5497561640897366,-73.7718969201054,1.93362364906727,2007,0.7,-296_7
1,3892.926898090239,1494.73974532358,19363.562687222904,1905.3079055091248,0.6362333333333333,26.76904647302706,1.0769184081656384,1.114652242405561,-74.1761387979592,1.444041819222131,2007,0.7,-297_5
1,3835.057566568898,2490.793203228642,5263.832241735933,514.2209869934999,0.5414833333333333,26.26718426424605,0.9885830678336308,1.6690210932977865,-73.87969475419975,2.1132867058911744,2011,-1.3,-296_8
1,128.32247444257214,0.0,8781.197293598005,660.4393692516483,0.7767166666666667,25.84129568214786,0.9639160082081916,1.4899303837224795,-73.0442615399686,2.257017151350298,2008,-1.6,-293_9
1,488.35478533248914,0.0,10472.225722296664,272.966193964657,0.6300666666666668,25.778393290992085,1.116985928987703,1.0734762738952923,-74.48605757098042,2.3693065618652382,2004,0.4,-298_9
0,94.23894047872554,0.0,3161.6997855466243,2564.7657563429934,0.78705,26.21870775549951,1.0082450656606703,1.5180650491589824,-74.02342519965887,2.2480339985091025,2011,-1.3,-297_8
0,434.87408310304505,498.0611000419527,37628.73381812524,505.94732926927713,0.6233666666666667,25.737508437258786,0.7216869875073075,1.3740396595702271,-72.24476093710221,2.66575060562468,2017,-0.2,-289_10
0,485.81753013858895,0.0,13583.458299149366,1396.9161695637442,0.65715,25.62777080632543,1.13430757110276,0.879570138762376,-74.9127573309372,1.798876356449342,2004,0.4,-300_7
0,6528.468241890139,704.5540477848382,24630.13080103576,2048.4028174446803,0.7224,26.076967529053604,1.0819787590629968,1.6061908194038257,-73.72248957947883,1.866250002758306,2004,0.4,-295_7
0,185.45656175577457,498.30990921814913,27990.28780086228,2128.964414785914,0.8713166666666666,25.60038864645543,0.6342316326237581,1.0616132475819648,-74.27046190279174,0.6086086049909758,2006,-0.9,-298_2
1,357.2944418441009,498.2392278062818,15117.047430619896,111.59180617005237,0.7686333333333334,26.27335367593412,0.756390449165197,0.8924377693685667,-74.01444204681768,1.511415465531095,2010,1.5,-297_6
1,27.62628569550517,0.0,2825.96422838071,3947.404560671594,0.68445,26.758574255197686,1.2986464861205738,1.0913187874824897,-74.17164722153859,2.337865526921054,2014,-0.3,-297_9
0,297.2128565653252,0.0,13094.55494351256,2099.8870458463,0.7009166666666667,26.760807633241317,1.1893668717273436,0.9650554266377092,-74.49504072382162,1.969556260432051,2007,0.7,-298_7
0,973.195569901123,0.0,33636.63109370181,197.51432466955188,0.8736166666666666,26.146427749207987,0.9490193441595514,1.4214489318151984,-74.26147874995054,1.61472172320484,2006,-0.9,-298_6
1,4896.057058528244,498.2320618948564,32198.21899890976,2927.496256558978,0.5375666666666667,26.16841453136209,0.935626001046416,1.5154505538780163,-74.17164722153859,1.5742975354194615,2006,-0.9,-297_6
0,271.2131575381816,3342.756184086719,28756.0900573689,5311.586835020511,0.7456666666666667,26.225458870920534,0.7247804668343095,0.5730472303250761,-75.07894565849931,0.6355580635145615,2007,0.7,-301_2
1,735.5462093253807,0.0,1090.9496108919316,3048.147050298154,0.6458666666666667,27.15155876631377,1.4048739413148568,1.5537826426935852,-73.70901485021705,2.3737981382858355,2007,0.7,-295_9
0,3646.216081305311,498.1829169592229,11698.752452245084,1632.0971390205664,0.7881,26.3936463439116,1.1440082131188465,1.6109043761469763,-73.87969475419975,1.9515899547496605,2004,0.4,-296_7
0,1101.7772752122696,0.0,7788.040534364522,432.3585105360653,0.7235333333333334,25.411385083430503,0.8129765805093209,1.1735753668383304,-74.42317550109206,1.7943847800287442,2002,-0.1,-298_7
1,214.35580501161775,0.0,41758.76500124324,2168.5265444471625,0.6390833333333333,26.19741953489904,0.788382858233225,0.6105131382675456,-74.54444806444819,1.3811597493337644,2010,1.5,-299_5
1,2350.035754678828,1114.089980376361,19424.41704672863,477.5363187637676,0.5641833333333334,27.005264005255757,1.222027542781532,1.5159236288222442,-74.05486623460305,1.5383649240546806,2022,-0.8,-297_6
1,1251.6541500676062,1992.4681302344588,3149.5007161936046,4675.218968829089,0.5887333333333333,25.16186573409044,1.0427593091251346,1.267057127891514,-73.89316948346155,2.3648149854446405,2004,0.4,-296_9
1,8269.297194834653,1114.174968025669,1776.1791145072937,4923.046332018451,0.53835,26.35497454132997,1.0514610257989627,1.261765788536218,-74.18961352722098,1.156580928303884,2004,0.4,-297_4
1,16.905967263445625,0.0,1885.523296710624,6645.06034390739,0.7601,26.7266443266725,1.0900418304325812,1.531899254578259,-73.6102001689639,2.4097307496506164,2018,-0.8,-295_9
0,822.8902042312329,1575.7942937610862,25383.33452035865,4235.760077882161,0.8488,26.225458870920534,0.7247804668343095,0.5730472303250761,-75.0969119641817,0.6086086049909758,2007,0.7,-301_2
0,202.12328605047315,498.3014273509559,42666.22102855805,637.0710626043324,0.8268166666666666,25.041822463127403,0.488654085926409,0.7909810851725405,-75.04750462355513,0.7747969325530873,2012,-0.7,-301_3
1,868.4154479388601,0.0,20069.862910423453,60.121335015963865,0.5393166666666668,27.51477063687355,1.4342231637134792,1.0659483184971932,-74.30190293773593,2.1671856229383457,2007,0.7,-298_8
1,129.29477909500784,0.0,29963.95535699233,1417.216671625746,0.68415,25.709555242004228,0.7718247721804699,1.2163087292352612,-74.49054914740103,1.5338733476340831,2017,-0.2,-298_6
0,2736.3390674694497,0.0,11844.028245896114,1752.41241659693,0.7561333333333333,26.126943758336097,0.987294535425783,1.0455995404381309,-74.63427959286015,2.0324383303204177,2018,-0.8,-299_8
0,649.884703543607,498.29274151847727,26100.74097841576,3719.085480739145,0.7943,26.3523111769681,0.8768969896693496,0.7798240104958435,-74.51300702950401,0.9140358015916132,2007,0.7,-299_3
0,212.82328629322376,0.0,25638.04680468907,1155.760751802975,0.8205833333333334,25.579559318749546,0.581748052283428,0.8261594255584351,-75.15530245764947,0.6625075220381471,2011,-1.3,-301_2
1,811.8987349731708,996.5007212741996,14408.674732641352,4464.844787021217,0.4867833333333333,26.27805463304537,0.7433558426107304,0.7903356915615335,-74.14918933943561,1.40810920785735,2010,1.5,-297_5
0,250.804749298982,0.0,29963.235823250478,6383.353360614146,0.8495833333333335,26.29435149879868,0.8197716899568315,0.7435249304485906,-74.36927658404488,0.6939485569823304,2007,0.7,-298_2
0,225.55192339435573,0.0,46376.43525333588,2945.0679398692987,0.8033333333333333,25.651422975152457,0.644528870531484,0.9640500727509584,-74.58038067581298,0.6849654041411352,2006,-0.9,-299_2
1,2295.4105828098573,1409.08316823387,19738.5263006099,2030.7806802216069,0.5224833333333333,26.15120812375551,1.0505570749350115,1.6635039805049552,-73.98749258829409,1.9291320726466723,2018,-0.8,-296_7
1,2286.576363973658,498.2417052746589,4220.582033537792,4661.489537587364,0.7345166666666667,26.640350338281053,1.1460100974705996,1.5374491730091584,-73.91562736556453,1.488957583428107,2022,-0.8,-296_5
0,447.34390568518535,498.06638613743047,37528.99774195436,297.92701637521645,0.6438,27.28308827795257,1.2941274368102975,1.4298271947421404,-72.280693548467,2.6388011471010944,2007,0.7,-290_10
1,277.4563851686489,0.0,11723.776664606848,117.53037960670596,0.731,24.71862461516878,0.6907265305920512,1.148701132530232,-74.08181569312664,1.4036176314367523,2001,-0.7,-297_5
0,770.188229822541,0.0,23524.58133370031,322.9783079264063,0.78595,26.975415857913788,1.1854157925057962,0.8439118449762198,-74.1536809158562,2.014472024638027,2010,1.5,-297_8
1,215.1480148111629,0.0,7149.514855184629,454.18279607511386,0.6542833333333333,26.904319067973063,1.428929740082978,1.1261635495836675,-74.21207140932397,2.432188631753605,2007,0.7,-297_9
0,1770.7316714793878,498.3076045476328,51824.24231605061,4385.241067439468,0.8334833333333335,25.894965099201897,0.7195445909786136,0.892851761100725,-74.7241111212721,0.6580159456175495,2018,-0.8,-299_2
1,197.88214412187804,0.0,2499.3571981614327,1556.386264596185,0.7668333333333334,25.18726487792094,0.6605531726361917,1.3000379511183713,-73.11163518627755,2.198626657882529,2017,-0.2,-293_8
1,280.77670294006657,498.1316655764819,6000.097628251246,825.4681265852904,0.7957000000000001,25.348408755582227,0.5787658032002189,0.9217506701473528,-73.45748657066358,2.279475033453286,2015,0.7,-294_9
0,309.2432410416002,0.0,13666.712333812326,1610.5003320034325,0.6639833333333334,25.680473184219352,0.9336529357558452,1.0596036977472274,-74.50402387666281,2.3423571033416524,2018,-0.8,-299_9
0,6771.110217629128,498.2431792056967,22587.39905389751,178.76323844553818,0.5771000000000001,26.09918809379002,0.7793968679642777,1.0427676586643162,-74.18063037437979,1.475482854166314,2013,-0.3,-297_5
1,3570.589409993791,0.0,13718.829037675514,1455.718968568124,0.6086833333333334,26.940500235374486,1.298522424498629,1.5427884134867689,-73.49341918202836,2.2121013871443216,2022,-0.8,-294_8
1,1242.1764498290256,704.5173436474081,1166.1401182461584,468.2053761602736,0.8544666666666666,26.3936463439116,1.1440082131188465,1.6109043761469763,-73.85274529567616,2.0459130595822104,2004,0.4,-296_8
1,3343.519187636576,996.2418757510648,20549.01609252617,8125.337881186421,0.8376833333333334,25.98096818298916,0.9948810253277272,1.364775033362922,-72.2851851248876,2.3423571033416524,2023,-0.5,-290_9
0,1725.6976134778863,1409.4572980406324,26061.99748698024,6105.265198646753,0.8334,25.438779568611157,0.537869592630353,1.0711752482785892,-74.18961352722098,0.3750466311199002,2017,-0.2,-297_1
1,1242.9318919091468,0.0,9184.483300360058,454.3004175080654,0.6691,27.10634302875661,1.335429796096714,1.522167091784793,-73.73147273232003,2.1402361644147603,2007,0.7,-295_8
0,403.1880375724389,0.0,21101.96125067116,2697.971938706546,0.7640666666666668,26.361095014936893,1.053390290094472,1.409576984999925,-72.07408103311951,2.5669359243715326,2004,0.4,-289_10
0,5429.322959196445,1494.6753932710608,3735.2629081168006,1804.6155691889087,0.6661833333333333,26.162085554774364,0.7602424462777924,0.8978207652488112,-73.83927056641437,1.6326880288872303,2010,1.5,-296_6
1,920.9552659932511,1113.6765197421555,37979.17877862958,220.6713020097837,0.5681333333333334,27.080845803184214,1.2058651446832045,1.4693289522897215,-72.12348837374608,2.715157946251254,2007,0.7,-289_10
0,895.826858894086,0.0,33058.93558506022,1589.5972816170492,0.7161666666666667,25.29683051707497,0.5846870133743757,0.6718797044844137,-74.47707441813924,1.5069238891104977,2015,0.7,-298_6
0,6776.851501134289,1409.088579543529,16381.325824007366,5290.334264258009,0.8196166666666667,25.790190705408293,0.9107856397127944,1.8379447724118083,-73.80782953147019,1.91565734338488,2011,-1.3,-296_7
0,5729.705637203144,498.17901212817065,1810.0162924750423,5968.730248772246,0.7924333333333333,25.782693663830003,0.962495135286348,1.453903247365354,-73.47545287634597,1.978539413273246,2018,-0.8,-294_7
1,219.92435686674708,0.0,28154.50875402247,686.3786585985758,0.71345,25.900551675492807,0.6926401327513582,0.8212534507172983,-75.12835299912588,0.6714906748793423,2018,-0.8,-301_2
1,747.7945174895472,0.0,9991.71018263206,169.03721519614948,0.6198,26.83369559421334,1.1992879242029628,1.389704025826049,-73.7808800729466,2.12226985873237,2014,-0.3,-296_8
1,3672.9404905678207,0.0,2772.9482614021126,6439.023447635242,0.7417333333333334,25.60424389099381,0.7953147041239409,1.2057112246747586,-73.89316948346155,1.4395502428015332,2021,-0.9,-296_5
0,1912.8766925336688,498.14432208447386,6453.581580203866,1197.6344688788486,0.8026166666666668,26.432998288250985,0.9013700820593908,0.9747089411291936,-73.36765504225163,2.2031182343031266,2020,0.6,-294_8
0,19.561678815083763,0.0,22837.202954922308,2306.8063473580137,0.8079666666666667,26.4269750243609,1.0756204571783483,1.3963924238577778,-72.40645768824373,2.508545430903764,2004,0.4,-290_10
1,1242.9318919091468,0.0,9184.483300360058,454.3004175080654,0.6714833333333333,26.25093412412264,1.107992509463056,1.5616600094946598,-73.73147273232003,2.1402361644147603,2004,0.4,-295_8
1,218.97090246737787,498.27419346681,25438.32217090503,1263.168196700898,0.8399500000000001,26.129517923082688,0.9214478382119582,1.1421748565744574,-74.53546491160701,1.156580928303884,2018,-0.8,-299_4
1,6757.042821443174,2905.0247309618558,30125.20040334116,7083.992970138638,0.7515833333333334,26.65786897241304,0.9415513053925224,1.1374853770969655,-74.03240835250007,1.7719268979257563,2010,1.5,-297_7
0,5877.838341120833,1575.5643830069275,26581.40401867679,798.3964547711494,0.70635,25.93824088447724,0.7883872182186961,0.9796873223670824,-74.144697763015,1.5293817712134854,2003,0.9,-297_6
1,2509.1334569984706,498.15581774179856,9755.14601333131,3338.674423241984,0.73785,26.77040691190172,1.2718125579960833,1.5375355510874111,-73.51587706413135,2.131253011573565,2022,-0.8,-295_8
0,273.5099354590856,498.301160820442,34833.013492607795,370.92798833211936,0.8097500000000001,25.53545165210892,0.5898487752400957,0.8164566325431645,-75.19572664543485,0.779288508973685,2011,-1.3,-301_3
1,727.2131536445911,498.3055820728883,25441.79425324187,180.49820825806543,0.7228833333333333,25.579559318749546,0.581748052283428,0.8261594255584351,-75.22267610395843,0.698440133402928,2011,-1.3,-301_2
1,101.52703628269494,2054.1256389580944,36518.94193425659,2254.612374358904,0.7024666666666667,25.956941153315825,0.9961119691764374,1.5506624150971458,-74.1626640686974,1.8393005442347203,2006,-0.9,-297_7
0,1545.599539828357,0.0,15829.335620453812,653.4769973136847,0.6898500000000001,25.13083374655315,0.7622644062948583,0.8141970243584199,-74.74656900337509,1.7449774394021706,2001,-0.7,-299_6
0,5008.081457241941,704.620176939321,21455.420785595645,656.0307886159011,0.6739833333333334,26.004205854088468,0.936400026077302,1.4986544240029558,-74.11325672807082,1.488957583428107,2008,-1.6,-297_5
0,721.9921681131115,704.5370377063224,22987.86814772348,1686.0553734347352,0.6420833333333333,27.093051967435315,1.370681593667629,1.604110966615923,-74.04139150534127,1.9515899547496605,2022,-0.8,-297_7
1,4063.390032526573,1114.03910389178,33802.37978902037,2029.8724766376645,0.5175833333333333,25.81714760979895,0.8667788744879985,1.7187098169038808,-74.12223988091202,1.7270111337197802,2012,-0.7,-297_6
0,233.9866967370924,0.0,11321.943896393344,5722.221895080454,0.7792,26.593145192151667,1.253579434352691,1.5981480298752675,-73.6057085925433,2.02794675389982,2022,-0.8,-295_8
0,218.8794534247945,498.27795644098086,30002.34345877352,1103.4091294904606,0.8253666666666667,25.70060759171787,0.7483760414008244,1.0968706582451409,-74.58936382865417,1.1116651640979078,2006,-0.9,-299_4
1,581.680404528314,704.3559558206348,40620.26988252644,2216.0919033963373,0.5742,27.31124314236388,1.2811728129145257,1.51235149478108,-72.24476093710221,2.6971916405688634,2007,0.7,-289_10
1,279.24152371219674,0.0,6535.740736413901,2867.6821547629665,0.7759333333333334,26.35316570529068,1.0886692632775208,1.1944224463783906,-74.18063037437979,2.2345592692473097,2018,-0.8,-297_8
1,203.97167334408243,0.0,15244.029990241655,1429.7835406082008,0.604,26.17247385697584,1.1042046256060465,1.198359992924938,-74.46359968887744,1.960573107590856,2004,0.4,-298_7
0,252.5551585228968,1796.133977637804,6052.19815459711,510.8629847067302,0.5473666666666667,26.460741465139336,1.0603952804184065,1.5180747800994212,-73.83028741357317,2.117778282311772,2018,-0.8,-296_8
0,18.824286037925305,0.0,22344.93622155519,1921.9233505310708,0.7834666666666668,26.298125574812214,1.1194158915292016,1.5780224055522922,-72.41094926466434,2.508545430903764,2023,-0.5,-290_10
0,2334.639702655528,498.2099676592189,6151.492694334127,611.5742240063132,0.7673333333333333,26.25563915109126,1.0032447126663346,1.1598598863214884,-74.48605757098042,1.753960592243366,2018,-0.8,-298_7
1,555.841481131347,0.0,18829.135354574304,141.25899842047846,0.7684166666666667,26.1650769427564,0.8308816371579315,0.9762256322257942,-74.69716166274851,1.6910785223549991,2006,-0.9,-299_6
0,1558.93564841107,0.0,33943.881994192205,315.4105485869936,0.82465,25.980383404596463,0.8780725976127951,1.5519390415052576,-74.31537766699772,1.5608228061576688,2009,-0.8,-298_6
0,216.3753394998273,0.0,33984.91695849137,1920.7648931499052,0.8464666666666667,25.57685177046648,0.7500485717171199,1.117485547211787,-74.56241437013058,1.2643787623982266,2011,-1.3,-299_5
1,2932.6800480320862,3151.024734114285,26015.86363726317,1947.3298349000115,0.5412666666666667,26.152641664325188,1.0377607539410447,1.6486909335736393,-74.07732411670604,1.6686206402520112,2008,-1.6,-297_6
